[2025-09-25 12:38:09] --
[2025-09-25 12:38:09] 2025/09/25 12:38:09 socat[67544] N write(6, 0x5f8a4e76c000, 4) completed
[2025-09-25 12:38:09] < 2025/09/25 12:38:09.000407059  length=4 from=1403074 to=1403077
[2025-09-25 12:38:09]  00 00 00 00                                      ....
[2025-09-25 12:38:09] --
[2025-09-25 12:38:09] 2025/09/25 12:38:09 socat[67544] N write(6, 0x5f8a4e76c000, 4) completed
[2025-09-25 12:38:09] < 2025/09/25 12:38:09.000407088  length=4 from=1403078 to=1403081
[2025-09-25 12:38:09]  00 00 00 00                                      ....
[2025-09-25 12:38:09] --
[2025-09-25 12:38:09] 2025/09/25 12:38:09 socat[67544] N write(6, 0x5f8a4e76c000, 4) completed
[2025-09-25 12:38:09] < 2025/09/25 12:38:09.000407108  length=4 from=1403082 to=1403085
[2025-09-25 12:38:09]  00 00 00 00                                      ....
[2025-09-25 12:38:09] --
[2025-09-25 12:38:09] 2025/09/25 12:38:09 socat[67544] N write(6, 0x5f8a4e76c000, 4) completed
[2025-09-25 12:38:09] < 2025/09/25 12:38:09.000407127  length=4 from=1403086 to=1403089
[2025-09-25 12:38:09]  00 00 00 00                                      ....
[2025-09-25 12:38:09] --
[2025-09-25 12:38:09] 2025/09/25 12:38:09 socat[67544] N write(6, 0x5f8a4e76c000, 4) completed
[2025-09-25 12:38:09] < 2025/09/25 12:38:09.000407177  length=4 from=1403090 to=1403093
[2025-09-25 12:38:09]  00 00 00 00                                      ....
[2025-09-25 12:38:09] --
[2025-09-25 12:38:09] 2025/09/25 12:38:09 socat[67544] N write(6, 0x5f8a4e76c000, 4) completed
[2025-09-25 12:38:09] < 2025/09/25 12:38:09.000407199  length=4 from=1403094 to=1403097
[2025-09-25 12:38:09]  00 00 00 00                                      ....
[2025-09-25 12:38:09] --
[2025-09-25 12:38:09] 2025/09/25 12:38:09 socat[67544] N write(6, 0x5f8a4e76c000, 4) completed
[2025-09-25 12:38:09] < 2025/09/25 12:38:09.000407221  length=4 from=1403098 to=1403101
[2025-09-25 12:38:09]  00 00 00 df                                      ....
[2025-09-25 12:38:09] --
[2025-09-25 12:38:09] 2025/09/25 12:38:09 socat[67544] N write(6, 0x5f8a4e76c000, 4) completed
[2025-09-25 12:38:09] < 2025/09/25 12:38:09.000407242  length=4 from=1403102 to=1403105
[2025-09-25 12:38:09]  21 00 00 00                                      !...
[2025-09-25 12:38:09] --
[2025-09-25 12:38:09] 2025/09/25 12:38:09 socat[67544] N write(6, 0x5f8a4e76c000, 4) completed
[2025-09-25 12:38:09] < 2025/09/25 12:38:09.000407264  length=4 from=1403106 to=1403109
[2025-09-25 12:38:09]  00 00 00 00                                      ....
[2025-09-25 12:38:09] --
[2025-09-25 12:38:09] 2025/09/25 12:38:09 socat[67544] N write(6, 0x5f8a4e76c000, 4) completed
[2025-09-25 12:38:09] < 2025/09/25 12:38:09.000407288  length=4 from=1403110 to=1403113
[2025-09-25 12:38:09]  00 00 00 00                                      ....
[2025-09-25 12:38:09] --
[2025-09-25 12:38:09] 2025/09/25 12:38:09 socat[67544] N write(6, 0x5f8a4e76c000, 4) completed
[2025-09-25 12:38:09] < 2025/09/25 12:38:09.000407308  length=4 from=1403114 to=1403117
[2025-09-25 12:38:09]  00 00 00 00                                      ....
[2025-09-25 12:38:09] --
[2025-09-25 12:38:09] 2025/09/25 12:38:09 socat[67544] N write(6, 0x5f8a4e76c000, 4) completed
[2025-09-25 12:38:09] < 2025/09/25 12:38:09.000407329  length=4 from=1403118 to=1403121
[2025-09-25 12:38:09]  00 00 00 00                                      ....
[2025-09-25 12:38:09] --
[2025-09-25 12:38:09] 2025/09/25 12:38:09 socat[67544] N write(6, 0x5f8a4e76c000, 4) completed
[2025-09-25 12:38:09] < 2025/09/25 12:38:09.000407356  length=4 from=1403122 to=1403125
[2025-09-25 12:38:09]  00 00 00 00                                      ....
[2025-09-25 12:38:09] --
[2025-09-25 12:38:09] 2025/09/25 12:38:09 socat[67544] N write(6, 0x5f8a4e76c000, 4) completed
[2025-09-25 12:38:09] < 2025/09/25 12:38:09.000407381  length=4 from=1403126 to=1403129
[2025-09-25 12:38:09]  00 00 00 00                                      ....
[2025-09-25 12:38:09] --
[2025-09-25 12:38:09] 2025/09/25 12:38:09 socat[67544] N write(6, 0x5f8a4e76c000, 4) completed
[2025-09-25 12:38:09] < 2025/09/25 12:38:09.000407406  length=4 from=1403130 to=1403133
[2025-09-25 12:38:09]  00 00 00 00                                      ....
[2025-09-25 12:38:09] --
[2025-09-25 12:38:09] 2025/09/25 12:38:09 socat[67544] N write(6, 0x5f8a4e76c000, 4) completed
[2025-09-25 12:38:09] < 2025/09/25 12:38:09.000407425  length=4 from=1403134 to=1403137
[2025-09-25 12:38:09]  00 df 21 00                                      ..!.
[2025-09-25 12:38:09] --
[2025-09-25 12:38:09] 2025/09/25 12:38:09 socat[67544] N write(6, 0x5f8a4e76c000, 4) completed
[2025-09-25 12:38:09] < 2025/09/25 12:38:09.000407450  length=4 from=1403138 to=1403141
[2025-09-25 12:38:09]  00 00 00 00                                      ....
[2025-09-25 12:38:09] --
[2025-09-25 12:38:09] 2025/09/25 12:38:09 socat[67544] N write(6, 0x5f8a4e76c000, 4) completed
[2025-09-25 12:38:09] < 2025/09/25 12:38:09.000407469  length=4 from=1403142 to=1403145
[2025-09-25 12:38:09]  00 00 00 00                                      ....
[2025-09-25 12:38:09] --
[2025-09-25 12:38:09] 2025/09/25 12:38:09 socat[67544] N write(6, 0x5f8a4e76c000, 4) completed
[2025-09-25 12:38:09] < 2025/09/25 12:38:09.000407488  length=4 from=1403146 to=1403149
[2025-09-25 12:38:09]  00 00 00 00                                      ....
[2025-09-25 12:38:09] --
[2025-09-25 12:38:09] 2025/09/25 12:38:09 socat[67544] N write(6, 0x5f8a4e76c000, 4) completed
[2025-09-25 12:38:09] < 2025/09/25 12:38:09.000407509  length=4 from=1403150 to=1403153
[2025-09-25 12:38:09]  00 06 10 00                                      ....
[2025-09-25 12:38:09] --
[2025-09-25 12:38:09] 2025/09/25 12:38:09 socat[67544] N write(6, 0x5f8a4e76c000, 4) completed
[2025-09-25 12:38:09] < 2025/09/25 12:38:09.000477984  length=4 from=1403154 to=1403157
[2025-09-25 12:38:09]  00 00 00 00                                      ....
[2025-09-25 12:38:09] --
[2025-09-25 12:38:09] 2025/09/25 12:38:09 socat[67544] N write(6, 0x5f8a4e76c000, 4) completed
[2025-09-25 12:38:09] < 2025/09/25 12:38:09.000478076  length=4 from=1403158 to=1403161
[2025-09-25 12:38:09]  00 06 10 00                                      ....
[2025-09-25 12:38:09] --
[2025-09-25 12:38:09] 2025/09/25 12:38:09 socat[67544] N write(6, 0x5f8a4e76c000, 4) completed
[2025-09-25 12:38:09] < 2025/09/25 12:38:09.000478100  length=4 from=1403162 to=1403165
[2025-09-25 12:38:09]  01 00 00 00                                      ....
[2025-09-25 12:38:09] --
[2025-09-25 12:38:09] 2025/09/25 12:38:09 socat[67544] N write(6, 0x5f8a4e76c000, 4) completed
[2025-09-25 12:38:09] < 2025/09/25 12:38:09.000478123  length=4 from=1403166 to=1403169
[2025-09-25 12:38:09]  00 00 00 b2                                      ....
[2025-09-25 12:38:09] --
[2025-09-25 12:38:09] 2025/09/25 12:38:09 socat[67544] N write(6, 0x5f8a4e76c000, 4) completed
[2025-09-25 12:38:09] < 2025/09/25 12:38:09.000478145  length=4 from=1403170 to=1403173
[2025-09-25 12:38:09]  21 00 00 00                                      !...
[2025-09-25 12:38:09] --
[2025-09-25 12:38:09] 2025/09/25 12:38:09 socat[67544] N write(6, 0x5f8a4e76c000, 4) completed
[2025-09-25 12:38:09] < 2025/09/25 12:38:09.000478168  length=4 from=1403174 to=1403177
[2025-09-25 12:38:09]  00 00 00 00                                      ....
[2025-09-25 12:38:09] --
[2025-09-25 12:38:09] 2025/09/25 12:38:09 socat[67544] N write(6, 0x5f8a4e76c000, 4) completed
[2025-09-25 12:38:09] < 2025/09/25 12:38:09.000478191  length=4 from=1403178 to=1403181
[2025-09-25 12:38:09]  00 00 00 00                                      ....
[2025-09-25 12:38:09] --
[2025-09-25 12:38:09] 2025/09/25 12:38:09 socat[67544] N write(6, 0x5f8a4e76c000, 4) completed
[2025-09-25 12:38:09] < 2025/09/25 12:38:09.000478213  length=4 from=1403182 to=1403185
[2025-09-25 12:38:09]  00 00 00 00                                      ....
[2025-09-25 12:38:09] --
[2025-09-25 12:38:09] 2025/09/25 12:38:09 socat[67544] N write(6, 0x5f8a4e76c000, 4) completed
[2025-09-25 12:38:09] < 2025/09/25 12:38:09.000478235  length=4 from=1403186 to=1403189
[2025-09-25 12:38:09]  00 00 00 00                                      ....
[2025-09-25 12:38:09] --
[2025-09-25 12:38:09] 2025/09/25 12:38:09 socat[67544] N write(6, 0x5f8a4e76c000, 4) completed
[2025-09-25 12:38:09] < 2025/09/25 12:38:09.000478258  length=4 from=1403190 to=1403193
[2025-09-25 12:38:09]  00 00 00 00                                      ....
[2025-09-25 12:38:09] --
[2025-09-25 12:38:09] 2025/09/25 12:38:09 socat[67544] N write(6, 0x5f8a4e76c000, 4) completed
[2025-09-25 12:38:09] < 2025/09/25 12:38:09.000478280  length=4 from=1403194 to=1403197
[2025-09-25 12:38:09]  00 00 00 00                                      ....
[2025-09-25 12:38:09] --
[2025-09-25 12:38:09] 2025/09/25 12:38:09 socat[67544] N write(6, 0x5f8a4e76c000, 4) completed
[2025-09-25 12:38:09] < 2025/09/25 12:38:09.000478303  length=4 from=1403198 to=1403201
[2025-09-25 12:38:09]  00 00 00 00                                      ....
[2025-09-25 12:38:09] --
[2025-09-25 12:38:09] 2025/09/25 12:38:09 socat[67544] N write(6, 0x5f8a4e76c000, 4) completed
[2025-09-25 12:38:09] < 2025/09/25 12:38:09.000478325  length=4 from=1403202 to=1403205
[2025-09-25 12:38:09]  00 df 21 00                                      ..!.
[2025-09-25 12:38:09] --
[2025-09-25 12:38:09] 2025/09/25 12:38:09 socat[67544] N write(6, 0x5f8a4e76c000, 4) completed
[2025-09-25 12:38:09] < 2025/09/25 12:38:09.000478348  length=4 from=1403206 to=1403209
[2025-09-25 12:38:09]  00 00 00 00                                      ....
[2025-09-25 12:38:09] --
[2025-09-25 12:38:09] 2025/09/25 12:38:09 socat[67544] N write(6, 0x5f8a4e76c000, 4) completed
[2025-09-25 12:38:09] < 2025/09/25 12:38:09.000478370  length=4 from=1403210 to=1403213
[2025-09-25 12:38:09]  00 00 00 00                                      ....
[2025-09-25 12:38:09] --
[2025-09-25 12:38:09] 2025/09/25 12:38:09 socat[67544] N write(6, 0x5f8a4e76c000, 4) completed
[2025-09-25 12:38:09] < 2025/09/25 12:38:09.000478392  length=4 from=1403214 to=1403217
[2025-09-25 12:38:09]  00 00 00 00                                      ....
[2025-09-25 12:38:09] --
[2025-09-25 12:38:09] 2025/09/25 12:38:09 socat[67544] N write(6, 0x5f8a4e76c000, 4) completed
[2025-09-25 12:38:09] < 2025/09/25 12:38:09.000478414  length=4 from=1403218 to=1403221
[2025-09-25 12:38:09]  00 00 00 00                                      ....
[2025-09-25 12:38:09] --
[2025-09-25 12:38:09] 2025/09/25 12:38:09 socat[67544] N write(6, 0x5f8a4e76c000, 4) completed
[2025-09-25 12:38:09] < 2025/09/25 12:38:09.000478437  length=4 from=1403222 to=1403225
[2025-09-25 12:38:09]  00 00 00 00                                      ....
[2025-09-25 12:38:09] --
[2025-09-25 12:38:09] 2025/09/25 12:38:09 socat[67544] N write(6, 0x5f8a4e76c000, 4) completed
[2025-09-25 12:38:09] < 2025/09/25 12:38:09.000478459  length=4 from=1403226 to=1403229
[2025-09-25 12:38:09]  00 00 00 00                                      ....
[2025-09-25 12:38:09] --
[2025-09-25 12:38:09] 2025/09/25 12:38:09 socat[67544] N write(6, 0x5f8a4e76c000, 4) completed
[2025-09-25 12:38:09] < 2025/09/25 12:38:09.000478481  length=4 from=1403230 to=1403233
[2025-09-25 12:38:09]  00 00 00 00                                      ....
[2025-09-25 12:38:09] --
[2025-09-25 12:38:09] 2025/09/25 12:38:09 socat[67544] N write(6, 0x5f8a4e76c000, 4) completed
[2025-09-25 12:38:09] < 2025/09/25 12:38:09.000478504  length=4 from=1403234 to=1403237
[2025-09-25 12:38:09]  00 00 00 df                                      ....
[2025-09-25 12:38:09] --
[2025-09-25 12:38:09] 2025/09/25 12:38:09 socat[67544] N write(6, 0x5f8a4e76c000, 4) completed
[2025-09-25 12:38:09] < 2025/09/25 12:38:09.000478529  length=4 from=1403238 to=1403241
[2025-09-25 12:38:09]  21 00 00 00                                      !...
[2025-09-25 12:38:09] --
[2025-09-25 12:38:09] 2025/09/25 12:38:09 socat[67544] N write(6, 0x5f8a4e76c000, 4) completed
[2025-09-25 12:38:09] < 2025/09/25 12:38:09.000478551  length=4 from=1403242 to=1403245
[2025-09-25 12:38:09]  00 00 00 00                                      ....
[2025-09-25 12:38:09] --
[2025-09-25 12:38:09] 2025/09/25 12:38:09 socat[67544] N write(6, 0x5f8a4e76c000, 4) completed
[2025-09-25 12:38:09] < 2025/09/25 12:38:09.000478574  length=4 from=1403246 to=1403249
[2025-09-25 12:38:09]  00 00 00 00                                      ....
[2025-09-25 12:38:09] --
[2025-09-25 12:38:09] 2025/09/25 12:38:09 socat[67544] N write(6, 0x5f8a4e76c000, 4) completed
[2025-09-25 12:38:09] < 2025/09/25 12:38:09.000478596  length=4 from=1403250 to=1403253
[2025-09-25 12:38:09]  00 00 00 00                                      ....
[2025-09-25 12:38:09] --
[2025-09-25 12:38:09] 2025/09/25 12:38:09 socat[67544] N write(6, 0x5f8a4e76c000, 4) completed
[2025-09-25 12:38:09] < 2025/09/25 12:38:09.000478618  length=4 from=1403254 to=1403257
[2025-09-25 12:38:09]  00 00 00 00                                      ....
[2025-09-25 12:38:09] --
[2025-09-25 12:38:09] 2025/09/25 12:38:09 socat[67544] N write(6, 0x5f8a4e76c000, 4) completed
[2025-09-25 12:38:09] < 2025/09/25 12:38:09.000478640  length=4 from=1403258 to=1403261
[2025-09-25 12:38:09]  00 00 00 00                                      ....
[2025-09-25 12:38:09] --
[2025-09-25 12:38:09] 2025/09/25 12:38:09 socat[67544] N write(6, 0x5f8a4e76c000, 4) completed
[2025-09-25 12:38:09] < 2025/09/25 12:38:09.000478662  length=4 from=1403262 to=1403265
[2025-09-25 12:38:09]  00 00 00 00                                      ....
[2025-09-25 12:38:09] --
[2025-09-25 12:38:09] 2025/09/25 12:38:09 socat[67544] N write(6, 0x5f8a4e76c000, 4) completed
[2025-09-25 12:38:09] < 2025/09/25 12:38:09.000478685  length=4 from=1403266 to=1403269
[2025-09-25 12:38:09]  00 00 00 00                                      ....
[2025-09-25 12:38:09] --
[2025-09-25 12:38:09] 2025/09/25 12:38:09 socat[67544] N write(6, 0x5f8a4e76c000, 4) completed
[2025-09-25 12:38:09] < 2025/09/25 12:38:09.000478707  length=4 from=1403270 to=1403273
[2025-09-25 12:38:09]  00 df 21 00                                      ..!.
[2025-09-25 12:38:09] --
[2025-09-25 12:38:09] 2025/09/25 12:38:09 socat[67544] N write(6, 0x5f8a4e76c000, 4) completed
[2025-09-25 12:38:09] < 2025/09/25 12:38:09.000478729  length=4 from=1403274 to=1403277
[2025-09-25 12:38:09]  00 00 00 00                                      ....
[2025-09-25 12:38:09] --
[2025-09-25 12:38:09] 2025/09/25 12:38:09 socat[67544] N write(6, 0x5f8a4e76c000, 4) completed
[2025-09-25 12:38:09] < 2025/09/25 12:38:09.000478751  length=4 from=1403278 to=1403281
[2025-09-25 12:38:09]  00 00 00 00                                      ....
[2025-09-25 12:38:09] --
[2025-09-25 12:38:09] 2025/09/25 12:38:09 socat[67544] N write(6, 0x5f8a4e76c000, 4) completed
[2025-09-25 12:38:09] < 2025/09/25 12:38:09.000478774  length=4 from=1403282 to=1403285
[2025-09-25 12:38:09]  00 00 00 00                                      ....
[2025-09-25 12:38:09] --
[2025-09-25 12:38:09] 2025/09/25 12:38:09 socat[67544] N write(6, 0x5f8a4e76c000, 4) completed
[2025-09-25 12:38:09] < 2025/09/25 12:38:09.000478796  length=4 from=1403286 to=1403289
[2025-09-25 12:38:09]  00 00 00 00                                      ....
[2025-09-25 12:38:09] --
[2025-09-25 12:38:09] 2025/09/25 12:38:09 socat[67544] N write(6, 0x5f8a4e76c000, 4) completed
[2025-09-25 12:38:09] < 2025/09/25 12:38:09.000478818  length=4 from=1403290 to=1403293
[2025-09-25 12:38:09]  00 00 00 00                                      ....
[2025-09-25 12:38:09] --
[2025-09-25 12:38:09] 2025/09/25 12:38:09 socat[67544] N write(6, 0x5f8a4e76c000, 4) completed
[2025-09-25 12:38:09] < 2025/09/25 12:38:09.000478840  length=4 from=1403294 to=1403297
[2025-09-25 12:38:09]  00 00 00 00                                      ....
[2025-09-25 12:38:09] --
[2025-09-25 12:38:09] 2025/09/25 12:38:09 socat[67544] N write(6, 0x5f8a4e76c000, 4) completed
[2025-09-25 12:38:09] < 2025/09/25 12:38:09.000478863  length=4 from=1403298 to=1403301
[2025-09-25 12:38:09]  00 00 00 00                                      ....
[2025-09-25 12:38:09] --
[2025-09-25 12:38:09] 2025/09/25 12:38:09 socat[67544] N write(6, 0x5f8a4e76c000, 4) completed
[2025-09-25 12:38:09] < 2025/09/25 12:38:09.000478885  length=4 from=1403302 to=1403305
[2025-09-25 12:38:09]  00 00 00 df                                      ....
[2025-09-25 12:38:09] --
[2025-09-25 12:38:09] 2025/09/25 12:38:09 socat[67544] N write(6, 0x5f8a4e76c000, 4) completed
[2025-09-25 12:38:09] < 2025/09/25 12:38:09.000478907  length=4 from=1403306 to=1403309
[2025-09-25 12:38:09]  21 00 00 00                                      !...
[2025-09-25 12:38:09] --
[2025-09-25 12:38:09] 2025/09/25 12:38:09 socat[67544] N write(6, 0x5f8a4e76c000, 4) completed
[2025-09-25 12:38:09] < 2025/09/25 12:38:09.000478929  length=4 from=1403310 to=1403313
[2025-09-25 12:38:09]  00 00 00 00                                      ....
[2025-09-25 12:38:09] --
[2025-09-25 12:38:09] 2025/09/25 12:38:09 socat[67544] N write(6, 0x5f8a4e76c000, 4) completed
[2025-09-25 12:38:09] < 2025/09/25 12:38:09.000478952  length=4 from=1403314 to=1403317
[2025-09-25 12:38:09]  00 00 00 00                                      ....
[2025-09-25 12:38:09] --
[2025-09-25 12:38:09] 2025/09/25 12:38:09 socat[67544] N write(6, 0x5f8a4e76c000, 4) completed
[2025-09-25 12:38:09] < 2025/09/25 12:38:09.000478981  length=4 from=1403318 to=1403321
[2025-09-25 12:38:09]  00 00 00 00                                      ....
[2025-09-25 12:38:09] --
[2025-09-25 12:38:09] 2025/09/25 12:38:09 socat[67544] N write(6, 0x5f8a4e76c000, 4) completed
[2025-09-25 12:38:09] < 2025/09/25 12:38:09.000479004  length=4 from=1403322 to=1403325
[2025-09-25 12:38:09]  00 00 00 00                                      ....
[2025-09-25 12:38:09] --
[2025-09-25 12:38:09] 2025/09/25 12:38:09 socat[67544] N write(6, 0x5f8a4e76c000, 4) completed
[2025-09-25 12:38:09] < 2025/09/25 12:38:09.000479027  length=4 from=1403326 to=1403329
[2025-09-25 12:38:09]  00 00 00 00                                      ....
[2025-09-25 12:38:09] --
[2025-09-25 12:38:09] 2025/09/25 12:38:09 socat[67544] N write(6, 0x5f8a4e76c000, 4) completed
[2025-09-25 12:38:09] < 2025/09/25 12:38:09.000479049  length=4 from=1403330 to=1403333
[2025-09-25 12:38:09]  00 00 00 00                                      ....
[2025-09-25 12:38:09] --
[2025-09-25 12:38:09] 2025/09/25 12:38:09 socat[67544] N write(6, 0x5f8a4e76c000, 4) completed
[2025-09-25 12:38:09] < 2025/09/25 12:38:09.000479071  length=4 from=1403334 to=1403337
[2025-09-25 12:38:09]  00 00 00 00                                      ....
[2025-09-25 12:38:09] --
[2025-09-25 12:38:09] 2025/09/25 12:38:09 socat[67544] N write(6, 0x5f8a4e76c000, 4) completed
[2025-09-25 12:38:09] < 2025/09/25 12:38:09.000479093  length=4 from=1403338 to=1403341
[2025-09-25 12:38:09]  00 df 21 00                                      ..!.
[2025-09-25 12:38:09] --
[2025-09-25 12:38:09] 2025/09/25 12:38:09 socat[67544] N write(6, 0x5f8a4e76c000, 4) completed
[2025-09-25 12:38:09] < 2025/09/25 12:38:09.000479115  length=4 from=1403342 to=1403345
[2025-09-25 12:38:09]  00 00 00 00                                      ....
[2025-09-25 12:38:09] --
[2025-09-25 12:38:09] 2025/09/25 12:38:09 socat[67544] N write(6, 0x5f8a4e76c000, 4) completed
[2025-09-25 12:38:09] < 2025/09/25 12:38:09.000479137  length=4 from=1403346 to=1403349
[2025-09-25 12:38:09]  00 00 00 00                                      ....
[2025-09-25 12:38:09] --
[2025-09-25 12:38:09] 2025/09/25 12:38:09 socat[67544] N write(6, 0x5f8a4e76c000, 4) completed
[2025-09-25 12:38:09] < 2025/09/25 12:38:09.000479160  length=4 from=1403350 to=1403353
[2025-09-25 12:38:09]  00 00 00 00                                      ....
[2025-09-25 12:38:09] --
[2025-09-25 12:38:09] 2025/09/25 12:38:09 socat[67544] N write(6, 0x5f8a4e76c000, 4) completed
[2025-09-25 12:38:09] < 2025/09/25 12:38:09.000479182  length=4 from=1403354 to=1403357
[2025-09-25 12:38:09]  00 00 00 00                                      ....
[2025-09-25 12:38:09] --
[2025-09-25 12:38:09] 2025/09/25 12:38:09 socat[67544] N write(6, 0x5f8a4e76c000, 4) completed
[2025-09-25 12:38:09] < 2025/09/25 12:38:09.000479204  length=4 from=1403358 to=1403361
[2025-09-25 12:38:09]  00 00 00 00                                      ....
[2025-09-25 12:38:09] --
[2025-09-25 12:38:09] 2025/09/25 12:38:09 socat[67544] N write(6, 0x5f8a4e76c000, 4) completed
[2025-09-25 12:38:09] < 2025/09/25 12:38:09.000479226  length=4 from=1403362 to=1403365
[2025-09-25 12:38:09]  00 00 00 00                                      ....
[2025-09-25 12:38:09] --
[2025-09-25 12:38:09] 2025/09/25 12:38:09 socat[67544] N write(6, 0x5f8a4e76c000, 4) completed
[2025-09-25 12:38:09] < 2025/09/25 12:38:09.000479248  length=4 from=1403366 to=1403369
[2025-09-25 12:38:09]  00 00 00 00                                      ....
[2025-09-25 12:38:09] --
[2025-09-25 12:38:09] 2025/09/25 12:38:09 socat[67544] N write(6, 0x5f8a4e76c000, 4) completed
[2025-09-25 12:38:09] < 2025/09/25 12:38:09.000479271  length=4 from=1403370 to=1403373
[2025-09-25 12:38:09]  00 00 00 df                                      ....
[2025-09-25 12:38:09] --
[2025-09-25 12:38:09] 2025/09/25 12:38:09 socat[67544] N write(6, 0x5f8a4e76c000, 4) completed
[2025-09-25 12:38:09] < 2025/09/25 12:38:09.000479293  length=4 from=1403374 to=1403377
[2025-09-25 12:38:09]  21 00 00 00                                      !...
[2025-09-25 12:38:09] --
[2025-09-25 12:38:09] 2025/09/25 12:38:09 socat[67544] N write(6, 0x5f8a4e76c000, 4) completed
[2025-09-25 12:38:09] < 2025/09/25 12:38:09.000479315  length=4 from=1403378 to=1403381
[2025-09-25 12:38:09]  00 00 00 00                                      ....
[2025-09-25 12:38:09] --
[2025-09-25 12:38:09] 2025/09/25 12:38:09 socat[67544] N write(6, 0x5f8a4e76c000, 4) completed
[2025-09-25 12:38:09] < 2025/09/25 12:38:09.000479337  length=4 from=1403382 to=1403385
[2025-09-25 12:38:09]  00 00 00 00                                      ....
[2025-09-25 12:38:09] --
[2025-09-25 12:38:09] 2025/09/25 12:38:09 socat[67544] N write(6, 0x5f8a4e76c000, 4) completed
[2025-09-25 12:38:09] < 2025/09/25 12:38:09.000479359  length=4 from=1403386 to=1403389
[2025-09-25 12:38:09]  00 00 00 00                                      ....
[2025-09-25 12:38:09] --
[2025-09-25 12:38:09] 2025/09/25 12:38:09 socat[67544] N write(6, 0x5f8a4e76c000, 4) completed
[2025-09-25 12:38:09] < 2025/09/25 12:38:09.000479381  length=4 from=1403390 to=1403393
[2025-09-25 12:38:09]  00 00 00 00                                      ....
[2025-09-25 12:38:09] --
[2025-09-25 12:38:09] 2025/09/25 12:38:09 socat[67544] N write(6, 0x5f8a4e76c000, 4) completed
[2025-09-25 12:38:09] < 2025/09/25 12:38:09.000479404  length=4 from=1403394 to=1403397
[2025-09-25 12:38:09]  00 00 00 00                                      ....
[2025-09-25 12:38:09] --
[2025-09-25 12:38:09] 2025/09/25 12:38:09 socat[67544] N write(6, 0x5f8a4e76c000, 4) completed
[2025-09-25 12:38:09] < 2025/09/25 12:38:09.000479426  length=4 from=1403398 to=1403401
[2025-09-25 12:38:09]  00 00 00 00                                      ....
[2025-09-25 12:38:09] --
[2025-09-25 12:38:09] 2025/09/25 12:38:09 socat[67544] N write(6, 0x5f8a4e76c000, 4) completed
[2025-09-25 12:38:09] < 2025/09/25 12:38:09.000479448  length=4 from=1403402 to=1403405
[2025-09-25 12:38:09]  00 00 00 00                                      ....
[2025-09-25 12:38:09] --
[2025-09-25 12:38:09] 2025/09/25 12:38:09 socat[67544] N write(6, 0x5f8a4e76c000, 4) completed
[2025-09-25 12:38:09] < 2025/09/25 12:38:09.000479471  length=4 from=1403406 to=1403409
[2025-09-25 12:38:09]  00 df 21 00                                      ..!.
[2025-09-25 12:38:09] --
[2025-09-25 12:38:09] 2025/09/25 12:38:09 socat[67544] N write(6, 0x5f8a4e76c000, 4) completed
[2025-09-25 12:38:09] < 2025/09/25 12:38:09.000549930  length=4 from=1403410 to=1403413
[2025-09-25 12:38:09]  00 00 00 00                                      ....
[2025-09-25 12:38:09] --
[2025-09-25 12:38:09] 2025/09/25 12:38:09 socat[67544] N write(6, 0x5f8a4e76c000, 4) completed
[2025-09-25 12:38:09] < 2025/09/25 12:38:09.000550132  length=4 from=1403414 to=1403417
[2025-09-25 12:38:09]  00 00 00 00                                      ....
[2025-09-25 12:38:09] --
[2025-09-25 12:38:09] 2025/09/25 12:38:09 socat[67544] N write(6, 0x5f8a4e76c000, 4) completed
[2025-09-25 12:38:09] < 2025/09/25 12:38:09.000550233  length=4 from=1403418 to=1403421
[2025-09-25 12:38:09]  00 00 00 00                                      ....
[2025-09-25 12:38:09] --
[2025-09-25 12:38:09] 2025/09/25 12:38:09 socat[67544] N write(6, 0x5f8a4e76c000, 4) completed
[2025-09-25 12:38:09] < 2025/09/25 12:38:09.000550332  length=4 from=1403422 to=1403425
[2025-09-25 12:38:09]  00 00 00 00                                      ....
[2025-09-25 12:38:09] --
[2025-09-25 12:38:09] 2025/09/25 12:38:09 socat[67544] N write(6, 0x5f8a4e76c000, 4) completed
[2025-09-25 12:38:09] < 2025/09/25 12:38:09.000550432  length=4 from=1403426 to=1403429
[2025-09-25 12:38:09]  00 00 00 00                                      ....
[2025-09-25 12:38:09] --
[2025-09-25 12:38:09] 2025/09/25 12:38:09 socat[67544] N write(6, 0x5f8a4e76c000, 4) completed
[2025-09-25 12:38:09] < 2025/09/25 12:38:09.000550532  length=4 from=1403430 to=1403433
[2025-09-25 12:38:09]  00 00 00 00                                      ....
[2025-09-25 12:38:09] --
[2025-09-25 12:38:09] 2025/09/25 12:38:09 socat[67544] N write(6, 0x5f8a4e76c000, 4) completed
[2025-09-25 12:38:09] < 2025/09/25 12:38:09.000550634  length=4 from=1403434 to=1403437
[2025-09-25 12:38:09]  00 00 00 00                                      ....
[2025-09-25 12:38:09] --
[2025-09-25 12:38:09] 2025/09/25 12:38:09 socat[67544] N write(6, 0x5f8a4e76c000, 4) completed
[2025-09-25 12:38:09] < 2025/09/25 12:38:09.000550736  length=4 from=1403438 to=1403441
[2025-09-25 12:38:09]  00 00 00 df                                      ....
[2025-09-25 12:38:09] --
[2025-09-25 12:38:09] 2025/09/25 12:38:09 socat[67544] N write(6, 0x5f8a4e76c000, 4) completed
[2025-09-25 12:38:09] < 2025/09/25 12:38:09.000550838  length=4 from=1403442 to=1403445
[2025-09-25 12:38:09]  21 00 00 00                                      !...
[2025-09-25 12:38:09] --
[2025-09-25 12:38:09] 2025/09/25 12:38:09 socat[67544] N write(6, 0x5f8a4e76c000, 4) completed
[2025-09-25 12:38:09] < 2025/09/25 12:38:09.000550948  length=4 from=1403446 to=1403449
[2025-09-25 12:38:09]  00 00 00 00                                      ....
[2025-09-25 12:38:09] --
[2025-09-25 12:38:09] 2025/09/25 12:38:09 socat[67544] N write(6, 0x5f8a4e76c000, 4) completed
[2025-09-25 12:38:09] < 2025/09/25 12:38:09.000551093  length=4 from=1403450 to=1403453
[2025-09-25 12:38:09]  00 00 00 00                                      ....
[2025-09-25 12:38:09] --
[2025-09-25 12:38:09] 2025/09/25 12:38:09 socat[67544] N write(6, 0x5f8a4e76c000, 4) completed
[2025-09-25 12:38:09] < 2025/09/25 12:38:09.000551211  length=4 from=1403454 to=1403457
[2025-09-25 12:38:09]  00 00 00 00                                      ....
[2025-09-25 12:38:09] --
[2025-09-25 12:38:09] 2025/09/25 12:38:09 socat[67544] N write(6, 0x5f8a4e76c000, 4) completed
[2025-09-25 12:38:09] < 2025/09/25 12:38:09.000551333  length=4 from=1403458 to=1403461
[2025-09-25 12:38:09]  00 00 00 00                                      ....
[2025-09-25 12:38:09] --
[2025-09-25 12:38:09] 2025/09/25 12:38:09 socat[67544] N write(6, 0x5f8a4e76c000, 4) completed
[2025-09-25 12:38:09] < 2025/09/25 12:38:09.000551434  length=4 from=1403462 to=1403465
[2025-09-25 12:38:09]  00 00 00 00                                      ....
[2025-09-25 12:38:09] --
[2025-09-25 12:38:09] 2025/09/25 12:38:09 socat[67544] N write(6, 0x5f8a4e76c000, 4) completed
[2025-09-25 12:38:09] < 2025/09/25 12:38:09.000551534  length=4 from=1403466 to=1403469
[2025-09-25 12:38:09]  00 00 00 00                                      ....
[2025-09-25 12:38:09] --
[2025-09-25 12:38:09] 2025/09/25 12:38:09 socat[67544] N write(6, 0x5f8a4e76c000, 4) completed
[2025-09-25 12:38:09] < 2025/09/25 12:38:09.000551635  length=4 from=1403470 to=1403473
[2025-09-25 12:38:09]  00 00 00 00                                      ....
[2025-09-25 12:38:09] --
[2025-09-25 12:38:09] 2025/09/25 12:38:09 socat[67544] N write(6, 0x5f8a4e76c000, 4) completed
[2025-09-25 12:38:09] < 2025/09/25 12:38:09.000551734  length=4 from=1403474 to=1403477
[2025-09-25 12:38:09]  00 df 21 00                                      ..!.
[2025-09-25 12:38:09] --
[2025-09-25 12:38:09] 2025/09/25 12:38:09 socat[67544] N write(6, 0x5f8a4e76c000, 4) completed
[2025-09-25 12:38:09] < 2025/09/25 12:38:09.000551834  length=4 from=1403478 to=1403481
[2025-09-25 12:38:09]  00 00 00 00                                      ....
[2025-09-25 12:38:09] --
[2025-09-25 12:38:09] 2025/09/25 12:38:09 socat[67544] N write(6, 0x5f8a4e76c000, 4) completed
[2025-09-25 12:38:09] < 2025/09/25 12:38:09.000551936  length=4 from=1403482 to=1403485
[2025-09-25 12:38:09]  00 00 00 00                                      ....
[2025-09-25 12:38:09] --
[2025-09-25 12:38:09] 2025/09/25 12:38:09 socat[67544] N write(6, 0x5f8a4e76c000, 4) completed
[2025-09-25 12:38:09] < 2025/09/25 12:38:09.000552039  length=4 from=1403486 to=1403489
[2025-09-25 12:38:09]  00 00 00 00                                      ....
[2025-09-25 12:38:09] --
[2025-09-25 12:38:09] 2025/09/25 12:38:09 socat[67544] N write(6, 0x5f8a4e76c000, 4) completed
[2025-09-25 12:38:09] < 2025/09/25 12:38:09.000552137  length=4 from=1403490 to=1403493
[2025-09-25 12:38:09]  00 00 00 00                                      ....
[2025-09-25 12:38:09] --
[2025-09-25 12:38:09] 2025/09/25 12:38:09 socat[67544] N write(6, 0x5f8a4e76c000, 4) completed
[2025-09-25 12:38:09] < 2025/09/25 12:38:09.000552235  length=4 from=1403494 to=1403497
[2025-09-25 12:38:09]  00 00 00 00                                      ....
[2025-09-25 12:38:09] --
[2025-09-25 12:38:09] 2025/09/25 12:38:09 socat[67544] N write(6, 0x5f8a4e76c000, 4) completed
[2025-09-25 12:38:09] < 2025/09/25 12:38:09.000552334  length=4 from=1403498 to=1403501
[2025-09-25 12:38:09]  00 00 00 00                                      ....
[2025-09-25 12:38:09] --
[2025-09-25 12:38:09] 2025/09/25 12:38:09 socat[67544] N write(6, 0x5f8a4e76c000, 4) completed
[2025-09-25 12:38:09] < 2025/09/25 12:38:09.000552431  length=4 from=1403502 to=1403505
[2025-09-25 12:38:09]  00 00 00 00                                      ....
[2025-09-25 12:38:09] --
[2025-09-25 12:38:09] 2025/09/25 12:38:09 socat[67544] N write(6, 0x5f8a4e76c000, 4) completed
[2025-09-25 12:38:09] < 2025/09/25 12:38:09.000552529  length=4 from=1403506 to=1403509
[2025-09-25 12:38:09]  00 00 00 df                                      ....
[2025-09-25 12:38:09] --
[2025-09-25 12:38:09] 2025/09/25 12:38:09 socat[67544] N write(6, 0x5f8a4e76c000, 4) completed
[2025-09-25 12:38:09] < 2025/09/25 12:38:09.000552626  length=4 from=1403510 to=1403513
[2025-09-25 12:38:09]  21 00 00 00                                      !...
[2025-09-25 12:38:09] --
[2025-09-25 12:38:09] 2025/09/25 12:38:09 socat[67544] N write(6, 0x5f8a4e76c000, 4) completed
[2025-09-25 12:38:09] < 2025/09/25 12:38:09.000552724  length=4 from=1403514 to=1403517
[2025-09-25 12:38:09]  00 00 00 00                                      ....
[2025-09-25 12:38:09] --
[2025-09-25 12:38:09] 2025/09/25 12:38:09 socat[67544] N write(6, 0x5f8a4e76c000, 4) completed
[2025-09-25 12:38:09] < 2025/09/25 12:38:09.000552821  length=4 from=1403518 to=1403521
[2025-09-25 12:38:09]  00 00 00 00                                      ....
[2025-09-25 12:38:09] --
[2025-09-25 12:38:09] 2025/09/25 12:38:09 socat[67544] N write(6, 0x5f8a4e76c000, 4) completed
[2025-09-25 12:38:09] < 2025/09/25 12:38:09.000552919  length=4 from=1403522 to=1403525
[2025-09-25 12:38:09]  00 00 00 00                                      ....
[2025-09-25 12:38:09] --
[2025-09-25 12:38:09] 2025/09/25 12:38:09 socat[67544] N write(6, 0x5f8a4e76c000, 4) completed
[2025-09-25 12:38:09] < 2025/09/25 12:38:09.000553022  length=4 from=1403526 to=1403529
[2025-09-25 12:38:09]  00 00 00 00                                      ....
[2025-09-25 12:38:09] --
[2025-09-25 12:38:09] 2025/09/25 12:38:09 socat[67544] N write(6, 0x5f8a4e76c000, 4) completed
[2025-09-25 12:38:09] < 2025/09/25 12:38:09.000553126  length=4 from=1403530 to=1403533
[2025-09-25 12:38:09]  00 00 00 00                                      ....
[2025-09-25 12:38:09] --
[2025-09-25 12:38:09] 2025/09/25 12:38:09 socat[67544] N write(6, 0x5f8a4e76c000, 4) completed
[2025-09-25 12:38:09] < 2025/09/25 12:38:09.000553230  length=4 from=1403534 to=1403537
[2025-09-25 12:38:09]  00 00 00 00                                      ....
[2025-09-25 12:38:09] --
[2025-09-25 12:38:09] 2025/09/25 12:38:09 socat[67544] N write(6, 0x5f8a4e76c000, 4) completed
[2025-09-25 12:38:09] < 2025/09/25 12:38:09.000553328  length=4 from=1403538 to=1403541
[2025-09-25 12:38:09]  00 00 00 00                                      ....
[2025-09-25 12:38:09] --
[2025-09-25 12:38:09] 2025/09/25 12:38:09 socat[67544] N write(6, 0x5f8a4e76c000, 4) completed
[2025-09-25 12:38:09] < 2025/09/25 12:38:09.000553426  length=4 from=1403542 to=1403545
[2025-09-25 12:38:09]  00 df 21 00                                      ..!.
[2025-09-25 12:38:09] --
[2025-09-25 12:38:09] 2025/09/25 12:38:09 socat[67544] N write(6, 0x5f8a4e76c000, 4) completed
[2025-09-25 12:38:09] < 2025/09/25 12:38:09.000553524  length=4 from=1403546 to=1403549
[2025-09-25 12:38:09]  00 00 00 00                                      ....
[2025-09-25 12:38:09] --
[2025-09-25 12:38:09] 2025/09/25 12:38:09 socat[67544] N write(6, 0x5f8a4e76c000, 4) completed
[2025-09-25 12:38:09] < 2025/09/25 12:38:09.000553621  length=4 from=1403550 to=1403553
[2025-09-25 12:38:09]  00 00 00 00                                      ....
[2025-09-25 12:38:09] --
[2025-09-25 12:38:09] 2025/09/25 12:38:09 socat[67544] N write(6, 0x5f8a4e76c000, 4) completed
[2025-09-25 12:38:09] < 2025/09/25 12:38:09.000553718  length=4 from=1403554 to=1403557
[2025-09-25 12:38:09]  00 00 00 00                                      ....
[2025-09-25 12:38:09] --
[2025-09-25 12:38:09] 2025/09/25 12:38:09 socat[67544] N write(6, 0x5f8a4e76c000, 4) completed
[2025-09-25 12:38:09] < 2025/09/25 12:38:09.000553846  length=4 from=1403558 to=1403561
[2025-09-25 12:38:09]  00 00 00 00                                      ....
[2025-09-25 12:38:09] --
[2025-09-25 12:38:09] 2025/09/25 12:38:09 socat[67544] N write(6, 0x5f8a4e76c000, 4) completed
[2025-09-25 12:38:09] < 2025/09/25 12:38:09.000553868  length=4 from=1403562 to=1403565
[2025-09-25 12:38:09]  00 00 00 00                                      ....
[2025-09-25 12:38:09] --
[2025-09-25 12:38:09] 2025/09/25 12:38:09 socat[67544] N write(6, 0x5f8a4e76c000, 4) completed
[2025-09-25 12:38:09] < 2025/09/25 12:38:09.000553888  length=4 from=1403566 to=1403569
[2025-09-25 12:38:09]  00 00 00 00                                      ....
[2025-09-25 12:38:09] --
[2025-09-25 12:38:09] 2025/09/25 12:38:09 socat[67544] N write(6, 0x5f8a4e76c000, 4) completed
[2025-09-25 12:38:09] < 2025/09/25 12:38:09.000553908  length=4 from=1403570 to=1403573
[2025-09-25 12:38:09]  00 00 00 00                                      ....
[2025-09-25 12:38:09] --
[2025-09-25 12:38:09] 2025/09/25 12:38:09 socat[67544] N write(6, 0x5f8a4e76c000, 4) completed
[2025-09-25 12:38:09] < 2025/09/25 12:38:09.000553928  length=4 from=1403574 to=1403577
[2025-09-25 12:38:09]  00 00 00 df                                      ....
[2025-09-25 12:38:09] --
[2025-09-25 12:38:09] 2025/09/25 12:38:09 socat[67544] N write(6, 0x5f8a4e76c000, 4) completed
[2025-09-25 12:38:09] < 2025/09/25 12:38:09.000553975  length=4 from=1403578 to=1403581
[2025-09-25 12:38:09]  21 00 00 00                                      !...
[2025-09-25 12:38:09] --
[2025-09-25 12:38:09] 2025/09/25 12:38:09 socat[67544] N write(6, 0x5f8a4e76c000, 4) completed
[2025-09-25 12:38:09] < 2025/09/25 12:38:09.000553996  length=4 from=1403582 to=1403585
[2025-09-25 12:38:09]  00 00 00 00                                      ....
[2025-09-25 12:38:09] --
[2025-09-25 12:38:09] 2025/09/25 12:38:09 socat[67544] N write(6, 0x5f8a4e76c000, 4) completed
[2025-09-25 12:38:09] < 2025/09/25 12:38:09.000554016  length=4 from=1403586 to=1403589
[2025-09-25 12:38:09]  00 00 00 00                                      ....
[2025-09-25 12:38:09] --
[2025-09-25 12:38:09] 2025/09/25 12:38:09 socat[67544] N write(6, 0x5f8a4e76c000, 4) completed
[2025-09-25 12:38:09] < 2025/09/25 12:38:09.000554036  length=4 from=1403590 to=1403593
[2025-09-25 12:38:09]  00 00 00 00                                      ....
[2025-09-25 12:38:09] --
[2025-09-25 12:38:09] 2025/09/25 12:38:09 socat[67544] N write(6, 0x5f8a4e76c000, 4) completed
[2025-09-25 12:38:09] < 2025/09/25 12:38:09.000554106  length=4 from=1403594 to=1403597
[2025-09-25 12:38:09]  00 00 00 00                                      ....
[2025-09-25 12:38:09] --
[2025-09-25 12:38:09] 2025/09/25 12:38:09 socat[67544] N write(6, 0x5f8a4e76c000, 4) completed
[2025-09-25 12:38:09] < 2025/09/25 12:38:09.000554152  length=4 from=1403598 to=1403601
[2025-09-25 12:38:09]  00 00 00 00                                      ....
[2025-09-25 12:38:09] --
[2025-09-25 12:38:09] 2025/09/25 12:38:09 socat[67544] N write(6, 0x5f8a4e76c000, 4) completed
[2025-09-25 12:38:09] < 2025/09/25 12:38:09.000554172  length=4 from=1403602 to=1403605
[2025-09-25 12:38:09]  00 00 00 00                                      ....
[2025-09-25 12:38:09] --
[2025-09-25 12:38:09] 2025/09/25 12:38:09 socat[67544] N write(6, 0x5f8a4e76c000, 4) completed
[2025-09-25 12:38:09] < 2025/09/25 12:38:09.000554192  length=4 from=1403606 to=1403609
[2025-09-25 12:38:09]  00 00 00 00                                      ....
[2025-09-25 12:38:09] --
[2025-09-25 12:38:09] 2025/09/25 12:38:09 socat[67544] N write(6, 0x5f8a4e76c000, 4) completed
[2025-09-25 12:38:09] < 2025/09/25 12:38:09.000554212  length=4 from=1403610 to=1403613
[2025-09-25 12:38:09]  00 df 21 00                                      ..!.
[2025-09-25 12:38:09] --
[2025-09-25 12:38:09] 2025/09/25 12:38:09 socat[67544] N write(6, 0x5f8a4e76c000, 4) completed
[2025-09-25 12:38:09] < 2025/09/25 12:38:09.000554232  length=4 from=1403614 to=1403617
[2025-09-25 12:38:09]  00 00 00 00                                      ....
[2025-09-25 12:38:09] --
[2025-09-25 12:38:09] 2025/09/25 12:38:09 socat[67544] N write(6, 0x5f8a4e76c000, 4) completed
[2025-09-25 12:38:09] < 2025/09/25 12:38:09.000554252  length=4 from=1403618 to=1403621
[2025-09-25 12:38:09]  00 00 00 00                                      ....
[2025-09-25 12:38:09] --
[2025-09-25 12:38:09] 2025/09/25 12:38:09 socat[67544] N write(6, 0x5f8a4e76c000, 4) completed
[2025-09-25 12:38:09] < 2025/09/25 12:38:09.000554273  length=4 from=1403622 to=1403625
[2025-09-25 12:38:09]  00 00 00 00                                      ....
[2025-09-25 12:38:09] --
[2025-09-25 12:38:09] 2025/09/25 12:38:09 socat[67544] N write(6, 0x5f8a4e76c000, 4) completed
[2025-09-25 12:38:09] < 2025/09/25 12:38:09.000554293  length=4 from=1403626 to=1403629
[2025-09-25 12:38:09]  00 00 00 00                                      ....
[2025-09-25 12:38:09] --
[2025-09-25 12:38:09] 2025/09/25 12:38:09 socat[67544] N write(6, 0x5f8a4e76c000, 4) completed
[2025-09-25 12:38:09] < 2025/09/25 12:38:09.000554313  length=4 from=1403630 to=1403633
[2025-09-25 12:38:09]  00 00 00 00                                      ....
[2025-09-25 12:38:09] --
[2025-09-25 12:38:09] 2025/09/25 12:38:09 socat[67544] N write(6, 0x5f8a4e76c000, 4) completed
[2025-09-25 12:38:09] < 2025/09/25 12:38:09.000554333  length=4 from=1403634 to=1403637
[2025-09-25 12:38:09]  00 00 00 00                                      ....
[2025-09-25 12:38:09] --
[2025-09-25 12:38:09] 2025/09/25 12:38:09 socat[67544] N write(6, 0x5f8a4e76c000, 4) completed
[2025-09-25 12:38:09] < 2025/09/25 12:38:09.000554353  length=4 from=1403638 to=1403641
[2025-09-25 12:38:09]  00 00 00 00                                      ....
[2025-09-25 12:38:09] --
[2025-09-25 12:38:09] 2025/09/25 12:38:09 socat[67544] N write(6, 0x5f8a4e76c000, 4) completed
[2025-09-25 12:38:09] < 2025/09/25 12:38:09.000554374  length=4 from=1403642 to=1403645
[2025-09-25 12:38:09]  00 00 00 df                                      ....
[2025-09-25 12:38:09] --
[2025-09-25 12:38:09] 2025/09/25 12:38:09 socat[67544] N write(6, 0x5f8a4e76c000, 4) completed
[2025-09-25 12:38:09] < 2025/09/25 12:38:09.000554394  length=4 from=1403646 to=1403649
[2025-09-25 12:38:09]  21 00 00 00                                      !...
[2025-09-25 12:38:09] --
[2025-09-25 12:38:09] 2025/09/25 12:38:09 socat[67544] N write(6, 0x5f8a4e76c000, 4) completed
[2025-09-25 12:38:09] < 2025/09/25 12:38:09.000554414  length=4 from=1403650 to=1403653
[2025-09-25 12:38:09]  00 00 00 00                                      ....
[2025-09-25 12:38:09] --
[2025-09-25 12:38:09] 2025/09/25 12:38:09 socat[67544] N write(6, 0x5f8a4e76c000, 4) completed
[2025-09-25 12:38:09] < 2025/09/25 12:38:09.000554435  length=4 from=1403654 to=1403657
[2025-09-25 12:38:09]  00 00 00 00                                      ....
[2025-09-25 12:38:09] --
[2025-09-25 12:38:09] 2025/09/25 12:38:09 socat[67544] N write(6, 0x5f8a4e76c000, 4) completed
[2025-09-25 12:38:09] < 2025/09/25 12:38:09.000554455  length=4 from=1403658 to=1403661
[2025-09-25 12:38:09]  00 00 00 00                                      ....
[2025-09-25 12:38:09] --
[2025-09-25 12:38:09] 2025/09/25 12:38:09 socat[67544] N write(6, 0x5f8a4e76c000, 4) completed
[2025-09-25 12:38:09] < 2025/09/25 12:38:09.000554476  length=4 from=1403662 to=1403665
[2025-09-25 12:38:09]  00 00 00 00                                      ....
[2025-09-25 12:38:09] --
[2025-09-25 12:38:09] 2025/09/25 12:38:09 socat[67544] N write(6, 0x5f8a4e76c000, 4) completed
[2025-09-25 12:38:09] < 2025/09/25 12:38:09.000623060  length=4 from=1403666 to=1403669
[2025-09-25 12:38:09]  00 00 00 00                                      ....
[2025-09-25 12:38:09] --
[2025-09-25 12:38:09] 2025/09/25 12:38:09 socat[67544] N write(6, 0x5f8a4e76c000, 4) completed
[2025-09-25 12:38:09] < 2025/09/25 12:38:09.000623147  length=4 from=1403670 to=1403673
[2025-09-25 12:38:09]  00 00 00 00                                      ....
[2025-09-25 12:38:09] --
[2025-09-25 12:38:09] 2025/09/25 12:38:09 socat[67544] N write(6, 0x5f8a4e76c000, 4) completed
[2025-09-25 12:38:09] < 2025/09/25 12:38:09.000623170  length=4 from=1403674 to=1403677
[2025-09-25 12:38:09]  00 00 00 00                                      ....
[2025-09-25 12:38:09] --
[2025-09-25 12:38:09] 2025/09/25 12:38:09 socat[67544] N write(6, 0x5f8a4e76c000, 4) completed
[2025-09-25 12:38:09] < 2025/09/25 12:38:09.000623192  length=4 from=1403678 to=1403681
[2025-09-25 12:38:09]  00 df 21 00                                      ..!.
[2025-09-25 12:38:09] --
[2025-09-25 12:38:09] 2025/09/25 12:38:09 socat[67544] N write(6, 0x5f8a4e76c000, 4) completed
[2025-09-25 12:38:09] < 2025/09/25 12:38:09.000623215  length=4 from=1403682 to=1403685
[2025-09-25 12:38:09]  00 00 00 00                                      ....
[2025-09-25 12:38:09] --
[2025-09-25 12:38:09] 2025/09/25 12:38:09 socat[67544] N write(6, 0x5f8a4e76c000, 4) completed
[2025-09-25 12:38:09] < 2025/09/25 12:38:09.000623237  length=4 from=1403686 to=1403689
[2025-09-25 12:38:09]  00 00 00 00                                      ....
[2025-09-25 12:38:09] --
[2025-09-25 12:38:09] 2025/09/25 12:38:09 socat[67544] N write(6, 0x5f8a4e76c000, 4) completed
[2025-09-25 12:38:09] < 2025/09/25 12:38:09.000623259  length=4 from=1403690 to=1403693
[2025-09-25 12:38:09]  00 00 00 00                                      ....
[2025-09-25 12:38:09] --
[2025-09-25 12:38:09] 2025/09/25 12:38:09 socat[67544] N write(6, 0x5f8a4e76c000, 4) completed
[2025-09-25 12:38:09] < 2025/09/25 12:38:09.000623280  length=4 from=1403694 to=1403697
[2025-09-25 12:38:09]  00 00 00 00                                      ....
[2025-09-25 12:38:09] --
[2025-09-25 12:38:09] 2025/09/25 12:38:09 socat[67544] N write(6, 0x5f8a4e76c000, 4) completed
[2025-09-25 12:38:09] < 2025/09/25 12:38:09.000623302  length=4 from=1403698 to=1403701
[2025-09-25 12:38:09]  00 00 00 00                                      ....
[2025-09-25 12:38:09] --
[2025-09-25 12:38:09] 2025/09/25 12:38:09 socat[67544] N write(6, 0x5f8a4e76c000, 4) completed
[2025-09-25 12:38:09] < 2025/09/25 12:38:09.000623324  length=4 from=1403702 to=1403705
[2025-09-25 12:38:09]  00 00 00 00                                      ....
[2025-09-25 12:38:09] --
[2025-09-25 12:38:09] 2025/09/25 12:38:09 socat[67544] N write(6, 0x5f8a4e76c000, 4) completed
[2025-09-25 12:38:09] < 2025/09/25 12:38:09.000623346  length=4 from=1403706 to=1403709
[2025-09-25 12:38:09]  00 00 00 00                                      ....
[2025-09-25 12:38:09] --
[2025-09-25 12:38:09] 2025/09/25 12:38:09 socat[67544] N write(6, 0x5f8a4e76c000, 4) completed
[2025-09-25 12:38:09] < 2025/09/25 12:38:09.000623368  length=4 from=1403710 to=1403713
[2025-09-25 12:38:09]  00 00 00 df                                      ....
[2025-09-25 12:38:09] --
[2025-09-25 12:38:09] 2025/09/25 12:38:09 socat[67544] N write(6, 0x5f8a4e76c000, 4) completed
[2025-09-25 12:38:09] < 2025/09/25 12:38:09.000623390  length=4 from=1403714 to=1403717
[2025-09-25 12:38:09]  21 00 00 00                                      !...
[2025-09-25 12:38:09] --
[2025-09-25 12:38:09] 2025/09/25 12:38:09 socat[67544] N write(6, 0x5f8a4e76c000, 4) completed
[2025-09-25 12:38:09] < 2025/09/25 12:38:09.000623411  length=4 from=1403718 to=1403721
[2025-09-25 12:38:09]  00 00 00 00                                      ....
[2025-09-25 12:38:09] --
[2025-09-25 12:38:09] 2025/09/25 12:38:09 socat[67544] N write(6, 0x5f8a4e76c000, 4) completed
[2025-09-25 12:38:09] < 2025/09/25 12:38:09.000623433  length=4 from=1403722 to=1403725
[2025-09-25 12:38:09]  00 00 00 00                                      ....
[2025-09-25 12:38:09] --
[2025-09-25 12:38:09] 2025/09/25 12:38:09 socat[67544] N write(6, 0x5f8a4e76c000, 4) completed
[2025-09-25 12:38:09] < 2025/09/25 12:38:09.000623455  length=4 from=1403726 to=1403729
[2025-09-25 12:38:09]  00 00 00 00                                      ....
[2025-09-25 12:38:09] --
[2025-09-25 12:38:09] 2025/09/25 12:38:09 socat[67544] N write(6, 0x5f8a4e76c000, 4) completed
[2025-09-25 12:38:09] < 2025/09/25 12:38:09.000623477  length=4 from=1403730 to=1403733
[2025-09-25 12:38:09]  00 00 00 00                                      ....
[2025-09-25 12:38:09] --
[2025-09-25 12:38:09] 2025/09/25 12:38:09 socat[67544] N write(6, 0x5f8a4e76c000, 4) completed
[2025-09-25 12:38:09] < 2025/09/25 12:38:09.000623499  length=4 from=1403734 to=1403737
[2025-09-25 12:38:09]  00 00 00 00                                      ....
[2025-09-25 12:38:09] --
[2025-09-25 12:38:09] 2025/09/25 12:38:09 socat[67544] N write(6, 0x5f8a4e76c000, 4) completed
[2025-09-25 12:38:09] < 2025/09/25 12:38:09.000623521  length=4 from=1403738 to=1403741
[2025-09-25 12:38:09]  00 00 00 00                                      ....
[2025-09-25 12:38:09] --
[2025-09-25 12:38:09] 2025/09/25 12:38:09 socat[67544] N write(6, 0x5f8a4e76c000, 4) completed
[2025-09-25 12:38:09] < 2025/09/25 12:38:09.000623543  length=4 from=1403742 to=1403745
[2025-09-25 12:38:09]  00 00 00 00                                      ....
[2025-09-25 12:38:09] --
[2025-09-25 12:38:09] 2025/09/25 12:38:09 socat[67544] N write(6, 0x5f8a4e76c000, 4) completed
[2025-09-25 12:38:09] < 2025/09/25 12:38:09.000623564  length=4 from=1403746 to=1403749
[2025-09-25 12:38:09]  00 df 21 00                                      ..!.
[2025-09-25 12:38:09] --
[2025-09-25 12:38:09] 2025/09/25 12:38:09 socat[67544] N write(6, 0x5f8a4e76c000, 4) completed
[2025-09-25 12:38:09] < 2025/09/25 12:38:09.000623588  length=4 from=1403750 to=1403753
[2025-09-25 12:38:09]  00 00 00 00                                      ....
[2025-09-25 12:38:09] --
[2025-09-25 12:38:09] 2025/09/25 12:38:09 socat[67544] N write(6, 0x5f8a4e76c000, 4) completed
[2025-09-25 12:38:09] < 2025/09/25 12:38:09.000623610  length=4 from=1403754 to=1403757
[2025-09-25 12:38:09]  00 00 00 00                                      ....
[2025-09-25 12:38:09] --
[2025-09-25 12:38:09] 2025/09/25 12:38:09 socat[67544] N write(6, 0x5f8a4e76c000, 4) completed
[2025-09-25 12:38:09] < 2025/09/25 12:38:09.000623632  length=4 from=1403758 to=1403761
[2025-09-25 12:38:09]  00 00 00 00                                      ....
[2025-09-25 12:38:09] --
[2025-09-25 12:38:09] 2025/09/25 12:38:09 socat[67544] N write(6, 0x5f8a4e76c000, 4) completed
[2025-09-25 12:38:09] < 2025/09/25 12:38:09.000623653  length=4 from=1403762 to=1403765
[2025-09-25 12:38:09]  00 00 00 00                                      ....
[2025-09-25 12:38:09] --
[2025-09-25 12:38:09] 2025/09/25 12:38:09 socat[67544] N write(6, 0x5f8a4e76c000, 4) completed
[2025-09-25 12:38:09] < 2025/09/25 12:38:09.000623675  length=4 from=1403766 to=1403769
[2025-09-25 12:38:09]  00 00 00 00                                      ....
[2025-09-25 12:38:09] --
[2025-09-25 12:38:09] 2025/09/25 12:38:09 socat[67544] N write(6, 0x5f8a4e76c000, 4) completed
[2025-09-25 12:38:09] < 2025/09/25 12:38:09.000623697  length=4 from=1403770 to=1403773
[2025-09-25 12:38:09]  00 00 00 00                                      ....
[2025-09-25 12:38:09] --
[2025-09-25 12:38:09] 2025/09/25 12:38:09 socat[67544] N write(6, 0x5f8a4e76c000, 4) completed
[2025-09-25 12:38:09] < 2025/09/25 12:38:09.000623719  length=4 from=1403774 to=1403777
[2025-09-25 12:38:09]  00 00 00 00                                      ....
[2025-09-25 12:38:09] --
[2025-09-25 12:38:09] 2025/09/25 12:38:09 socat[67544] N write(6, 0x5f8a4e76c000, 4) completed
[2025-09-25 12:38:09] < 2025/09/25 12:38:09.000623740  length=4 from=1403778 to=1403781
[2025-09-25 12:38:09]  00 00 00 df                                      ....
[2025-09-25 12:38:09] --
[2025-09-25 12:38:09] 2025/09/25 12:38:09 socat[67544] N write(6, 0x5f8a4e76c000, 4) completed
[2025-09-25 12:38:09] < 2025/09/25 12:38:09.000623762  length=4 from=1403782 to=1403785
[2025-09-25 12:38:09]  21 00 00 00                                      !...
[2025-09-25 12:38:09] --
[2025-09-25 12:38:09] 2025/09/25 12:38:09 socat[67544] N write(6, 0x5f8a4e76c000, 4) completed
[2025-09-25 12:38:09] < 2025/09/25 12:38:09.000623784  length=4 from=1403786 to=1403789
[2025-09-25 12:38:09]  00 00 00 00                                      ....
[2025-09-25 12:38:09] --
[2025-09-25 12:38:09] 2025/09/25 12:38:09 socat[67544] N write(6, 0x5f8a4e76c000, 4) completed
[2025-09-25 12:38:09] < 2025/09/25 12:38:09.000623805  length=4 from=1403790 to=1403793
[2025-09-25 12:38:09]  00 00 00 00                                      ....
[2025-09-25 12:38:09] --
[2025-09-25 12:38:09] 2025/09/25 12:38:09 socat[67544] N write(6, 0x5f8a4e76c000, 4) completed
[2025-09-25 12:38:09] < 2025/09/25 12:38:09.000623827  length=4 from=1403794 to=1403797
[2025-09-25 12:38:09]  00 00 00 00                                      ....
[2025-09-25 12:38:09] --
[2025-09-25 12:38:09] 2025/09/25 12:38:09 socat[67544] N write(6, 0x5f8a4e76c000, 4) completed
[2025-09-25 12:38:09] < 2025/09/25 12:38:09.000623849  length=4 from=1403798 to=1403801
[2025-09-25 12:38:09]  00 00 00 00                                      ....
[2025-09-25 12:38:09] --
[2025-09-25 12:38:09] 2025/09/25 12:38:09 socat[67544] N write(6, 0x5f8a4e76c000, 4) completed
[2025-09-25 12:38:09] < 2025/09/25 12:38:09.000623870  length=4 from=1403802 to=1403805
[2025-09-25 12:38:09]  00 00 00 00                                      ....
[2025-09-25 12:38:09] --
[2025-09-25 12:38:09] 2025/09/25 12:38:09 socat[67544] N write(6, 0x5f8a4e76c000, 4) completed
[2025-09-25 12:38:09] < 2025/09/25 12:38:09.000623892  length=4 from=1403806 to=1403809
[2025-09-25 12:38:09]  00 00 00 00                                      ....
[2025-09-25 12:38:09] --
[2025-09-25 12:38:09] 2025/09/25 12:38:09 socat[67544] N write(6, 0x5f8a4e76c000, 4) completed
[2025-09-25 12:38:09] < 2025/09/25 12:38:09.000623914  length=4 from=1403810 to=1403813
[2025-09-25 12:38:09]  00 00 00 00                                      ....
[2025-09-25 12:38:09] --
[2025-09-25 12:38:09] 2025/09/25 12:38:09 socat[67544] N write(6, 0x5f8a4e76c000, 4) completed
[2025-09-25 12:38:09] < 2025/09/25 12:38:09.000623935  length=4 from=1403814 to=1403817
[2025-09-25 12:38:09]  00 df 21 00                                      ..!.
[2025-09-25 12:38:09] --
[2025-09-25 12:38:09] 2025/09/25 12:38:09 socat[67544] N write(6, 0x5f8a4e76c000, 4) completed
[2025-09-25 12:38:09] < 2025/09/25 12:38:09.000625702  length=4 from=1403818 to=1403821
[2025-09-25 12:38:09]  00 00 00 00                                      ....
[2025-09-25 12:38:09] --
[2025-09-25 12:38:09] 2025/09/25 12:38:09 socat[67544] N write(6, 0x5f8a4e76c000, 4) completed
[2025-09-25 12:38:09] < 2025/09/25 12:38:09.000625813  length=4 from=1403822 to=1403825
[2025-09-25 12:38:09]  00 00 00 00                                      ....
[2025-09-25 12:38:09] --
[2025-09-25 12:38:09] 2025/09/25 12:38:09 socat[67544] N write(6, 0x5f8a4e76c000, 4) completed
[2025-09-25 12:38:09] < 2025/09/25 12:38:09.000626586  length=4 from=1403826 to=1403829
[2025-09-25 12:38:09]  00 00 00 00                                      ....
[2025-09-25 12:38:09] --
[2025-09-25 12:38:09] 2025/09/25 12:38:09 socat[67544] N write(6, 0x5f8a4e76c000, 4) completed
[2025-09-25 12:38:09] < 2025/09/25 12:38:09.000626624  length=4 from=1403830 to=1403833
[2025-09-25 12:38:09]  00 00 00 00                                      ....
[2025-09-25 12:38:09] --
[2025-09-25 12:38:09] 2025/09/25 12:38:09 socat[67544] N write(6, 0x5f8a4e76c000, 4) completed
[2025-09-25 12:38:09] < 2025/09/25 12:38:09.000626646  length=4 from=1403834 to=1403837
[2025-09-25 12:38:09]  00 00 00 00                                      ....
[2025-09-25 12:38:09] --
[2025-09-25 12:38:09] 2025/09/25 12:38:09 socat[67544] N write(6, 0x5f8a4e76c000, 4) completed
[2025-09-25 12:38:09] < 2025/09/25 12:38:09.000626668  length=4 from=1403838 to=1403841
[2025-09-25 12:38:09]  00 00 00 00                                      ....
[2025-09-25 12:38:09] --
[2025-09-25 12:38:09] 2025/09/25 12:38:09 socat[67544] N write(6, 0x5f8a4e76c000, 4) completed
[2025-09-25 12:38:09] < 2025/09/25 12:38:09.000626690  length=4 from=1403842 to=1403845
[2025-09-25 12:38:09]  00 00 00 00                                      ....
[2025-09-25 12:38:09] --
[2025-09-25 12:38:09] 2025/09/25 12:38:09 socat[67544] N write(6, 0x5f8a4e76c000, 4) completed
[2025-09-25 12:38:09] < 2025/09/25 12:38:09.000626712  length=4 from=1403846 to=1403849
[2025-09-25 12:38:09]  00 00 00 df                                      ....
[2025-09-25 12:38:09] --
[2025-09-25 12:38:09] 2025/09/25 12:38:09 socat[67544] N write(6, 0x5f8a4e76c000, 4) completed
[2025-09-25 12:38:09] < 2025/09/25 12:38:09.000626734  length=4 from=1403850 to=1403853
[2025-09-25 12:38:09]  21 00 00 00                                      !...
[2025-09-25 12:38:09] --
[2025-09-25 12:38:09] 2025/09/25 12:38:09 socat[67544] N write(6, 0x5f8a4e76c000, 4) completed
[2025-09-25 12:38:09] < 2025/09/25 12:38:09.000626756  length=4 from=1403854 to=1403857
[2025-09-25 12:38:09]  00 00 00 00                                      ....
[2025-09-25 12:38:09] --
[2025-09-25 12:38:09] 2025/09/25 12:38:09 socat[67544] N write(6, 0x5f8a4e76c000, 4) completed
[2025-09-25 12:38:09] < 2025/09/25 12:38:09.000626778  length=4 from=1403858 to=1403861
[2025-09-25 12:38:09]  00 00 00 00                                      ....
[2025-09-25 12:38:09] --
[2025-09-25 12:38:09] 2025/09/25 12:38:09 socat[67544] N write(6, 0x5f8a4e76c000, 4) completed
[2025-09-25 12:38:09] < 2025/09/25 12:38:09.000626800  length=4 from=1403862 to=1403865
[2025-09-25 12:38:09]  00 00 00 00                                      ....
[2025-09-25 12:38:09] --
[2025-09-25 12:38:09] 2025/09/25 12:38:09 socat[67544] N write(6, 0x5f8a4e76c000, 4) completed
[2025-09-25 12:38:09] < 2025/09/25 12:38:09.000626821  length=4 from=1403866 to=1403869
[2025-09-25 12:38:09]  00 00 00 00                                      ....
[2025-09-25 12:38:09] --
[2025-09-25 12:38:09] 2025/09/25 12:38:09 socat[67544] N write(6, 0x5f8a4e76c000, 4) completed
[2025-09-25 12:38:09] < 2025/09/25 12:38:09.000626843  length=4 from=1403870 to=1403873
[2025-09-25 12:38:09]  00 00 00 00                                      ....
[2025-09-25 12:38:09] --
[2025-09-25 12:38:09] 2025/09/25 12:38:09 socat[67544] N write(6, 0x5f8a4e76c000, 4) completed
[2025-09-25 12:38:09] < 2025/09/25 12:38:09.000626865  length=4 from=1403874 to=1403877
[2025-09-25 12:38:09]  00 00 00 00                                      ....
[2025-09-25 12:38:09] --
[2025-09-25 12:38:09] 2025/09/25 12:38:09 socat[67544] N write(6, 0x5f8a4e76c000, 4) completed
[2025-09-25 12:38:09] < 2025/09/25 12:38:09.000626887  length=4 from=1403878 to=1403881
[2025-09-25 12:38:09]  00 00 00 00                                      ....
[2025-09-25 12:38:09] --
[2025-09-25 12:38:09] 2025/09/25 12:38:09 socat[67544] N write(6, 0x5f8a4e76c000, 4) completed
[2025-09-25 12:38:09] < 2025/09/25 12:38:09.000626909  length=4 from=1403882 to=1403885
[2025-09-25 12:38:09]  00 df 21 00                                      ..!.
[2025-09-25 12:38:09] --
[2025-09-25 12:38:09] 2025/09/25 12:38:09 socat[67544] N write(6, 0x5f8a4e76c000, 4) completed
[2025-09-25 12:38:09] < 2025/09/25 12:38:09.000626931  length=4 from=1403886 to=1403889
[2025-09-25 12:38:09]  00 00 00 00                                      ....
[2025-09-25 12:38:09] --
[2025-09-25 12:38:09] 2025/09/25 12:38:09 socat[67544] N write(6, 0x5f8a4e76c000, 4) completed
[2025-09-25 12:38:09] < 2025/09/25 12:38:09.000626953  length=4 from=1403890 to=1403893
[2025-09-25 12:38:09]  00 00 00 00                                      ....
[2025-09-25 12:38:09] --
[2025-09-25 12:38:09] 2025/09/25 12:38:09 socat[67544] N write(6, 0x5f8a4e76c000, 4) completed
[2025-09-25 12:38:09] < 2025/09/25 12:38:09.000626983  length=4 from=1403894 to=1403897
[2025-09-25 12:38:09]  00 00 00 00                                      ....
[2025-09-25 12:38:09] --
[2025-09-25 12:38:09] 2025/09/25 12:38:09 socat[67544] N write(6, 0x5f8a4e76c000, 4) completed
[2025-09-25 12:38:09] < 2025/09/25 12:38:09.000627005  length=4 from=1403898 to=1403901
[2025-09-25 12:38:09]  00 00 00 00                                      ....
[2025-09-25 12:38:09] --
[2025-09-25 12:38:09] 2025/09/25 12:38:09 socat[67544] N write(6, 0x5f8a4e76c000, 4) completed
[2025-09-25 12:38:09] < 2025/09/25 12:38:09.000627027  length=4 from=1403902 to=1403905
[2025-09-25 12:38:09]  00 00 00 00                                      ....
[2025-09-25 12:38:09] --
[2025-09-25 12:38:09] 2025/09/25 12:38:09 socat[67544] N write(6, 0x5f8a4e76c000, 4) completed
[2025-09-25 12:38:09] < 2025/09/25 12:38:09.000627049  length=4 from=1403906 to=1403909
[2025-09-25 12:38:09]  00 00 00 00                                      ....
[2025-09-25 12:38:09] --
[2025-09-25 12:38:09] 2025/09/25 12:38:09 socat[67544] N write(6, 0x5f8a4e76c000, 4) completed
[2025-09-25 12:38:09] < 2025/09/25 12:38:09.000627071  length=4 from=1403910 to=1403913
[2025-09-25 12:38:09]  00 00 00 00                                      ....
[2025-09-25 12:38:09] --
[2025-09-25 12:38:09] 2025/09/25 12:38:09 socat[67544] N write(6, 0x5f8a4e76c000, 4) completed
[2025-09-25 12:38:09] < 2025/09/25 12:38:09.000627093  length=4 from=1403914 to=1403917
[2025-09-25 12:38:09]  00 00 00 df                                      ....
[2025-09-25 12:38:09] --
[2025-09-25 12:38:09] 2025/09/25 12:38:09 socat[67544] N write(6, 0x5f8a4e76c000, 4) completed
[2025-09-25 12:38:09] < 2025/09/25 12:38:09.000627116  length=4 from=1403918 to=1403921
[2025-09-25 12:38:09]  21 00 00 00                                      !...
[2025-09-25 12:38:09] --
[2025-09-25 12:38:09] 2025/09/25 12:38:09 socat[67544] N write(6, 0x5f8a4e76c000, 4) completed
[2025-09-25 12:38:09] < 2025/09/25 12:38:09.000695879  length=4 from=1403922 to=1403925
[2025-09-25 12:38:09]  00 00 00 00                                      ....
[2025-09-25 12:38:09] --
[2025-09-25 12:38:09] 2025/09/25 12:38:09 socat[67544] N write(6, 0x5f8a4e76c000, 4) completed
[2025-09-25 12:38:09] < 2025/09/25 12:38:09.000696483  length=4 from=1403926 to=1403929
[2025-09-25 12:38:09]  00 00 00 00                                      ....
[2025-09-25 12:38:09] --
[2025-09-25 12:38:09] 2025/09/25 12:38:09 socat[67544] N write(6, 0x5f8a4e76c000, 4) completed
[2025-09-25 12:38:09] < 2025/09/25 12:38:09.000696626  length=4 from=1403930 to=1403933
[2025-09-25 12:38:09]  00 00 00 00                                      ....
[2025-09-25 12:38:09] --
[2025-09-25 12:38:09] 2025/09/25 12:38:09 socat[67544] N write(6, 0x5f8a4e76c000, 4) completed
[2025-09-25 12:38:09] < 2025/09/25 12:38:09.000696649  length=4 from=1403934 to=1403937
[2025-09-25 12:38:09]  00 00 00 00                                      ....
[2025-09-25 12:38:09] --
[2025-09-25 12:38:09] 2025/09/25 12:38:09 socat[67544] N write(6, 0x5f8a4e76c000, 4) completed
[2025-09-25 12:38:09] < 2025/09/25 12:38:09.000696669  length=4 from=1403938 to=1403941
[2025-09-25 12:38:09]  00 00 00 00                                      ....
[2025-09-25 12:38:09] --
[2025-09-25 12:38:09] 2025/09/25 12:38:09 socat[67544] N write(6, 0x5f8a4e76c000, 4) completed
[2025-09-25 12:38:09] < 2025/09/25 12:38:09.000696690  length=4 from=1403942 to=1403945
[2025-09-25 12:38:09]  00 00 00 00                                      ....
[2025-09-25 12:38:09] --
[2025-09-25 12:38:09] 2025/09/25 12:38:09 socat[67544] N write(6, 0x5f8a4e76c000, 4) completed
[2025-09-25 12:38:09] < 2025/09/25 12:38:09.000696711  length=4 from=1403946 to=1403949
[2025-09-25 12:38:09]  00 00 00 00                                      ....
[2025-09-25 12:38:09] --
[2025-09-25 12:38:09] 2025/09/25 12:38:09 socat[67544] N write(6, 0x5f8a4e76c000, 4) completed
[2025-09-25 12:38:09] < 2025/09/25 12:38:09.000696731  length=4 from=1403950 to=1403953
[2025-09-25 12:38:09]  00 df 21 00                                      ..!.
[2025-09-25 12:38:09] --
[2025-09-25 12:38:09] 2025/09/25 12:38:09 socat[67544] N write(6, 0x5f8a4e76c000, 4) completed
[2025-09-25 12:38:09] < 2025/09/25 12:38:09.000696752  length=4 from=1403954 to=1403957
[2025-09-25 12:38:09]  00 00 00 00                                      ....
[2025-09-25 12:38:09] --
[2025-09-25 12:38:09] 2025/09/25 12:38:09 socat[67544] N write(6, 0x5f8a4e76c000, 4) completed
[2025-09-25 12:38:09] < 2025/09/25 12:38:09.000696773  length=4 from=1403958 to=1403961
[2025-09-25 12:38:09]  00 00 00 00                                      ....
[2025-09-25 12:38:09] --
[2025-09-25 12:38:09] 2025/09/25 12:38:09 socat[67544] N write(6, 0x5f8a4e76c000, 4) completed
[2025-09-25 12:38:09] < 2025/09/25 12:38:09.000696793  length=4 from=1403962 to=1403965
[2025-09-25 12:38:09]  00 00 00 00                                      ....
[2025-09-25 12:38:09] --
[2025-09-25 12:38:09] 2025/09/25 12:38:09 socat[67544] N write(6, 0x5f8a4e76c000, 4) completed
[2025-09-25 12:38:09] < 2025/09/25 12:38:09.000696814  length=4 from=1403966 to=1403969
[2025-09-25 12:38:09]  00 00 00 00                                      ....
[2025-09-25 12:38:09] --
[2025-09-25 12:38:09] 2025/09/25 12:38:09 socat[67544] N write(6, 0x5f8a4e76c000, 4) completed
[2025-09-25 12:38:09] < 2025/09/25 12:38:09.000696834  length=4 from=1403970 to=1403973
[2025-09-25 12:38:09]  00 00 00 00                                      ....
[2025-09-25 12:38:09] --
[2025-09-25 12:38:09] 2025/09/25 12:38:09 socat[67544] N write(6, 0x5f8a4e76c000, 4) completed
[2025-09-25 12:38:09] < 2025/09/25 12:38:09.000696855  length=4 from=1403974 to=1403977
[2025-09-25 12:38:09]  00 00 00 00                                      ....
[2025-09-25 12:38:09] --
[2025-09-25 12:38:09] 2025/09/25 12:38:09 socat[67544] N write(6, 0x5f8a4e76c000, 4) completed
[2025-09-25 12:38:09] < 2025/09/25 12:38:09.000696875  length=4 from=1403978 to=1403981
[2025-09-25 12:38:09]  00 00 00 00                                      ....
[2025-09-25 12:38:09] --
[2025-09-25 12:38:09] 2025/09/25 12:38:09 socat[67544] N write(6, 0x5f8a4e76c000, 4) completed
[2025-09-25 12:38:09] < 2025/09/25 12:38:09.000696896  length=4 from=1403982 to=1403985
[2025-09-25 12:38:09]  00 00 00 df                                      ....
[2025-09-25 12:38:09] --
[2025-09-25 12:38:09] 2025/09/25 12:38:09 socat[67544] N write(6, 0x5f8a4e76c000, 4) completed
[2025-09-25 12:38:09] < 2025/09/25 12:38:09.000696917  length=4 from=1403986 to=1403989
[2025-09-25 12:38:09]  21 00 00 00                                      !...
[2025-09-25 12:38:09] --
[2025-09-25 12:38:09] 2025/09/25 12:38:09 socat[67544] N write(6, 0x5f8a4e76c000, 4) completed
[2025-09-25 12:38:09] < 2025/09/25 12:38:09.000696937  length=4 from=1403990 to=1403993
[2025-09-25 12:38:09]  00 00 00 00                                      ....
[2025-09-25 12:38:09] --
[2025-09-25 12:38:09] 2025/09/25 12:38:09 socat[67544] N write(6, 0x5f8a4e76c000, 4) completed
[2025-09-25 12:38:09] < 2025/09/25 12:38:09.000696974  length=4 from=1403994 to=1403997
[2025-09-25 12:38:09]  00 00 00 00                                      ....
[2025-09-25 12:38:09] --
[2025-09-25 12:38:09] 2025/09/25 12:38:09 socat[67544] N write(6, 0x5f8a4e76c000, 4) completed
[2025-09-25 12:38:09] < 2025/09/25 12:38:09.000696996  length=4 from=1403998 to=1404001
[2025-09-25 12:38:09]  00 00 00 00                                      ....
[2025-09-25 12:38:09] --
[2025-09-25 12:38:09] 2025/09/25 12:38:09 socat[67544] N write(6, 0x5f8a4e76c000, 4) completed
[2025-09-25 12:38:09] < 2025/09/25 12:38:09.000697016  length=4 from=1404002 to=1404005
[2025-09-25 12:38:09]  00 00 00 00                                      ....
[2025-09-25 12:38:09] --
[2025-09-25 12:38:09] 2025/09/25 12:38:09 socat[67544] N write(6, 0x5f8a4e76c000, 4) completed
[2025-09-25 12:38:09] < 2025/09/25 12:38:09.000697037  length=4 from=1404006 to=1404009
[2025-09-25 12:38:09]  00 00 00 00                                      ....
[2025-09-25 12:38:09] --
[2025-09-25 12:38:09] 2025/09/25 12:38:09 socat[67544] N write(6, 0x5f8a4e76c000, 4) completed
[2025-09-25 12:38:09] < 2025/09/25 12:38:09.000697058  length=4 from=1404010 to=1404013
[2025-09-25 12:38:09]  00 00 00 00                                      ....
[2025-09-25 12:38:09] --
[2025-09-25 12:38:09] 2025/09/25 12:38:09 socat[67544] N write(6, 0x5f8a4e76c000, 4) completed
[2025-09-25 12:38:09] < 2025/09/25 12:38:09.000697080  length=4 from=1404014 to=1404017
[2025-09-25 12:38:09]  00 00 00 00                                      ....
[2025-09-25 12:38:09] --
[2025-09-25 12:38:09] 2025/09/25 12:38:09 socat[67544] N write(6, 0x5f8a4e76c000, 4) completed
[2025-09-25 12:38:09] < 2025/09/25 12:38:09.000697100  length=4 from=1404018 to=1404021
[2025-09-25 12:38:09]  00 df 21 00                                      ..!.
[2025-09-25 12:38:09] --
[2025-09-25 12:38:09] 2025/09/25 12:38:09 socat[67544] N write(6, 0x5f8a4e76c000, 4) completed
[2025-09-25 12:38:09] < 2025/09/25 12:38:09.000697121  length=4 from=1404022 to=1404025
[2025-09-25 12:38:09]  00 00 00 00                                      ....
[2025-09-25 12:38:09] --
[2025-09-25 12:38:09] 2025/09/25 12:38:09 socat[67544] N write(6, 0x5f8a4e76c000, 4) completed
[2025-09-25 12:38:09] < 2025/09/25 12:38:09.000697142  length=4 from=1404026 to=1404029
[2025-09-25 12:38:09]  00 00 00 00                                      ....
[2025-09-25 12:38:09] --
[2025-09-25 12:38:09] 2025/09/25 12:38:09 socat[67544] N write(6, 0x5f8a4e76c000, 4) completed
[2025-09-25 12:38:09] < 2025/09/25 12:38:09.000697162  length=4 from=1404030 to=1404033
[2025-09-25 12:38:09]  00 00 00 00                                      ....
[2025-09-25 12:38:09] --
[2025-09-25 12:38:09] 2025/09/25 12:38:09 socat[67544] N write(6, 0x5f8a4e76c000, 4) completed
[2025-09-25 12:38:09] < 2025/09/25 12:38:09.000697182  length=4 from=1404034 to=1404037
[2025-09-25 12:38:09]  00 00 00 00                                      ....
[2025-09-25 12:38:09] --
[2025-09-25 12:38:09] 2025/09/25 12:38:09 socat[67544] N write(6, 0x5f8a4e76c000, 4) completed
[2025-09-25 12:38:09] < 2025/09/25 12:38:09.000697203  length=4 from=1404038 to=1404041
[2025-09-25 12:38:09]  00 00 00 00                                      ....
[2025-09-25 12:38:09] --
[2025-09-25 12:38:09] 2025/09/25 12:38:09 socat[67544] N write(6, 0x5f8a4e76c000, 4) completed
[2025-09-25 12:38:09] < 2025/09/25 12:38:09.000697223  length=4 from=1404042 to=1404045
[2025-09-25 12:38:09]  00 00 00 00                                      ....
[2025-09-25 12:38:09] --
[2025-09-25 12:38:09] 2025/09/25 12:38:09 socat[67544] N write(6, 0x5f8a4e76c000, 4) completed
[2025-09-25 12:38:09] < 2025/09/25 12:38:09.000697244  length=4 from=1404046 to=1404049
[2025-09-25 12:38:09]  00 00 00 00                                      ....
[2025-09-25 12:38:09] --
[2025-09-25 12:38:09] 2025/09/25 12:38:09 socat[67544] N write(6, 0x5f8a4e76c000, 4) completed
[2025-09-25 12:38:09] < 2025/09/25 12:38:09.000697265  length=4 from=1404050 to=1404053
[2025-09-25 12:38:09]  00 00 00 df                                      ....
[2025-09-25 12:38:09] --
[2025-09-25 12:38:09] 2025/09/25 12:38:09 socat[67544] N write(6, 0x5f8a4e76c000, 4) completed
[2025-09-25 12:38:09] < 2025/09/25 12:38:09.000697285  length=4 from=1404054 to=1404057
[2025-09-25 12:38:09]  21 00 00 00                                      !...
[2025-09-25 12:38:09] --
[2025-09-25 12:38:09] 2025/09/25 12:38:09 socat[67544] N write(6, 0x5f8a4e76c000, 4) completed
[2025-09-25 12:38:09] < 2025/09/25 12:38:09.000697306  length=4 from=1404058 to=1404061
[2025-09-25 12:38:09]  00 00 00 00                                      ....
[2025-09-25 12:38:09] --
[2025-09-25 12:38:09] 2025/09/25 12:38:09 socat[67544] N write(6, 0x5f8a4e76c000, 4) completed
[2025-09-25 12:38:09] < 2025/09/25 12:38:09.000697326  length=4 from=1404062 to=1404065
[2025-09-25 12:38:09]  00 00 00 00                                      ....
[2025-09-25 12:38:09] --
[2025-09-25 12:38:09] 2025/09/25 12:38:09 socat[67544] N write(6, 0x5f8a4e76c000, 4) completed
[2025-09-25 12:38:09] < 2025/09/25 12:38:09.000697346  length=4 from=1404066 to=1404069
[2025-09-25 12:38:09]  00 00 00 00                                      ....
[2025-09-25 12:38:09] --
[2025-09-25 12:38:09] 2025/09/25 12:38:09 socat[67544] N write(6, 0x5f8a4e76c000, 4) completed
[2025-09-25 12:38:09] < 2025/09/25 12:38:09.000697367  length=4 from=1404070 to=1404073
[2025-09-25 12:38:09]  00 00 00 00                                      ....
[2025-09-25 12:38:09] --
[2025-09-25 12:38:09] 2025/09/25 12:38:09 socat[67544] N write(6, 0x5f8a4e76c000, 4) completed
[2025-09-25 12:38:09] < 2025/09/25 12:38:09.000697387  length=4 from=1404074 to=1404077
[2025-09-25 12:38:09]  00 00 00 00                                      ....
[2025-09-25 12:38:09] --
[2025-09-25 12:38:09] 2025/09/25 12:38:09 socat[67544] N write(6, 0x5f8a4e76c000, 4) completed
[2025-09-25 12:38:09] < 2025/09/25 12:38:09.000697408  length=4 from=1404078 to=1404081
[2025-09-25 12:38:09]  00 00 00 00                                      ....
[2025-09-25 12:38:09] --
[2025-09-25 12:38:09] 2025/09/25 12:38:09 socat[67544] N write(6, 0x5f8a4e76c000, 4) completed
[2025-09-25 12:38:09] < 2025/09/25 12:38:09.000697428  length=4 from=1404082 to=1404085
[2025-09-25 12:38:09]  00 00 00 00                                      ....
[2025-09-25 12:38:09] --
[2025-09-25 12:38:09] 2025/09/25 12:38:09 socat[67544] N write(6, 0x5f8a4e76c000, 4) completed
[2025-09-25 12:38:09] < 2025/09/25 12:38:09.000697449  length=4 from=1404086 to=1404089
[2025-09-25 12:38:09]  00 df 21 00                                      ..!.
[2025-09-25 12:38:09] --
[2025-09-25 12:38:09] 2025/09/25 12:38:09 socat[67544] N write(6, 0x5f8a4e76c000, 4) completed
[2025-09-25 12:38:09] < 2025/09/25 12:38:09.000697470  length=4 from=1404090 to=1404093
[2025-09-25 12:38:09]  00 00 00 00                                      ....
[2025-09-25 12:38:09] --
[2025-09-25 12:38:09] 2025/09/25 12:38:09 socat[67544] N write(6, 0x5f8a4e76c000, 4) completed
[2025-09-25 12:38:09] < 2025/09/25 12:38:09.000697491  length=4 from=1404094 to=1404097
[2025-09-25 12:38:09]  00 00 00 00                                      ....
[2025-09-25 12:38:09] --
[2025-09-25 12:38:09] 2025/09/25 12:38:09 socat[67544] N write(6, 0x5f8a4e76c000, 4) completed
[2025-09-25 12:38:09] < 2025/09/25 12:38:09.000697511  length=4 from=1404098 to=1404101
[2025-09-25 12:38:09]  00 00 00 00                                      ....
[2025-09-25 12:38:09] --
[2025-09-25 12:38:09] 2025/09/25 12:38:09 socat[67544] N write(6, 0x5f8a4e76c000, 4) completed
[2025-09-25 12:38:09] < 2025/09/25 12:38:09.000697532  length=4 from=1404102 to=1404105
[2025-09-25 12:38:09]  00 00 00 00                                      ....
[2025-09-25 12:38:09] --
[2025-09-25 12:38:09] 2025/09/25 12:38:09 socat[67544] N write(6, 0x5f8a4e76c000, 4) completed
[2025-09-25 12:38:09] < 2025/09/25 12:38:09.000697552  length=4 from=1404106 to=1404109
[2025-09-25 12:38:09]  00 00 00 00                                      ....
[2025-09-25 12:38:09] --
[2025-09-25 12:38:09] 2025/09/25 12:38:09 socat[67544] N write(6, 0x5f8a4e76c000, 4) completed
[2025-09-25 12:38:09] < 2025/09/25 12:38:09.000697573  length=4 from=1404110 to=1404113
[2025-09-25 12:38:09]  00 00 00 00                                      ....
[2025-09-25 12:38:09] --
[2025-09-25 12:38:09] 2025/09/25 12:38:09 socat[67544] N write(6, 0x5f8a4e76c000, 4) completed
[2025-09-25 12:38:09] < 2025/09/25 12:38:09.000697593  length=4 from=1404114 to=1404117
[2025-09-25 12:38:09]  00 00 00 00                                      ....
[2025-09-25 12:38:09] --
[2025-09-25 12:38:09] 2025/09/25 12:38:09 socat[67544] N write(6, 0x5f8a4e76c000, 4) completed
[2025-09-25 12:38:09] < 2025/09/25 12:38:09.000697613  length=4 from=1404118 to=1404121
[2025-09-25 12:38:09]  00 00 00 df                                      ....
[2025-09-25 12:38:09] --
[2025-09-25 12:38:09] 2025/09/25 12:38:09 socat[67544] N write(6, 0x5f8a4e76c000, 4) completed
[2025-09-25 12:38:09] < 2025/09/25 12:38:09.000697634  length=4 from=1404122 to=1404125
[2025-09-25 12:38:09]  21 00 00 00                                      !...
[2025-09-25 12:38:09] --
[2025-09-25 12:38:09] 2025/09/25 12:38:09 socat[67544] N write(6, 0x5f8a4e76c000, 4) completed
[2025-09-25 12:38:09] < 2025/09/25 12:38:09.000697654  length=4 from=1404126 to=1404129
[2025-09-25 12:38:09]  00 00 00 00                                      ....
[2025-09-25 12:38:09] --
[2025-09-25 12:38:09] 2025/09/25 12:38:09 socat[67544] N write(6, 0x5f8a4e76c000, 4) completed
[2025-09-25 12:38:09] < 2025/09/25 12:38:09.000697675  length=4 from=1404130 to=1404133
[2025-09-25 12:38:09]  00 00 00 00                                      ....
[2025-09-25 12:38:09] --
[2025-09-25 12:38:09] 2025/09/25 12:38:09 socat[67544] N write(6, 0x5f8a4e76c000, 4) completed
[2025-09-25 12:38:09] < 2025/09/25 12:38:09.000697695  length=4 from=1404134 to=1404137
[2025-09-25 12:38:09]  00 00 00 00                                      ....
[2025-09-25 12:38:09] --
[2025-09-25 12:38:09] 2025/09/25 12:38:09 socat[67544] N write(6, 0x5f8a4e76c000, 4) completed
[2025-09-25 12:38:09] < 2025/09/25 12:38:09.000697716  length=4 from=1404138 to=1404141
[2025-09-25 12:38:09]  00 00 00 00                                      ....
[2025-09-25 12:38:09] --
[2025-09-25 12:38:09] 2025/09/25 12:38:09 socat[67544] N write(6, 0x5f8a4e76c000, 4) completed
[2025-09-25 12:38:09] < 2025/09/25 12:38:09.000697736  length=4 from=1404142 to=1404145
[2025-09-25 12:38:09]  00 00 00 00                                      ....
[2025-09-25 12:38:09] --
[2025-09-25 12:38:09] 2025/09/25 12:38:09 socat[67544] N write(6, 0x5f8a4e76c000, 4) completed
[2025-09-25 12:38:09] < 2025/09/25 12:38:09.000697757  length=4 from=1404146 to=1404149
[2025-09-25 12:38:09]  00 00 00 00                                      ....
[2025-09-25 12:38:09] --
[2025-09-25 12:38:09] 2025/09/25 12:38:09 socat[67544] N write(6, 0x5f8a4e76c000, 4) completed
[2025-09-25 12:38:09] < 2025/09/25 12:38:09.000697777  length=4 from=1404150 to=1404153
[2025-09-25 12:38:09]  00 00 00 00                                      ....
[2025-09-25 12:38:09] --
[2025-09-25 12:38:09] 2025/09/25 12:38:09 socat[67544] N write(6, 0x5f8a4e76c000, 4) completed
[2025-09-25 12:38:09] < 2025/09/25 12:38:09.000697798  length=4 from=1404154 to=1404157
[2025-09-25 12:38:09]  00 df 21 00                                      ..!.
[2025-09-25 12:38:09] --
[2025-09-25 12:38:09] 2025/09/25 12:38:09 socat[67544] N write(6, 0x5f8a4e76c000, 4) completed
[2025-09-25 12:38:09] < 2025/09/25 12:38:09.000697818  length=4 from=1404158 to=1404161
[2025-09-25 12:38:09]  00 00 00 00                                      ....
[2025-09-25 12:38:09] --
[2025-09-25 12:38:09] 2025/09/25 12:38:09 socat[67544] N write(6, 0x5f8a4e76c000, 4) completed
[2025-09-25 12:38:09] < 2025/09/25 12:38:09.000697839  length=4 from=1404162 to=1404165
[2025-09-25 12:38:09]  00 00 00 00                                      ....
[2025-09-25 12:38:09] --
[2025-09-25 12:38:09] 2025/09/25 12:38:09 socat[67544] N write(6, 0x5f8a4e76c000, 4) completed
[2025-09-25 12:38:09] < 2025/09/25 12:38:09.000697860  length=4 from=1404166 to=1404169
[2025-09-25 12:38:09]  00 00 00 00                                      ....
[2025-09-25 12:38:09] --
[2025-09-25 12:38:09] 2025/09/25 12:38:09 socat[67544] N write(6, 0x5f8a4e76c000, 4) completed
[2025-09-25 12:38:09] < 2025/09/25 12:38:09.000697881  length=4 from=1404170 to=1404173
[2025-09-25 12:38:09]  00 00 00 00                                      ....
[2025-09-25 12:38:09] --
[2025-09-25 12:38:09] 2025/09/25 12:38:09 socat[67544] N write(6, 0x5f8a4e76c000, 4) completed
[2025-09-25 12:38:09] < 2025/09/25 12:38:09.000697901  length=4 from=1404174 to=1404177
[2025-09-25 12:38:09]  00 00 00 00                                      ....
[2025-09-25 12:38:09] --
[2025-09-25 12:38:09] 2025/09/25 12:38:09 socat[67544] N write(6, 0x5f8a4e76c000, 4) completed
[2025-09-25 12:38:09] < 2025/09/25 12:38:09.000771985  length=4 from=1404178 to=1404181
[2025-09-25 12:38:09]  00 00 00 00                                      ....
[2025-09-25 12:38:09] --
[2025-09-25 12:38:09] 2025/09/25 12:38:09 socat[67544] N write(6, 0x5f8a4e76c000, 4) completed
[2025-09-25 12:38:09] < 2025/09/25 12:38:09.000772107  length=4 from=1404182 to=1404185
[2025-09-25 12:38:09]  00 00 00 00                                      ....
[2025-09-25 12:38:09] --
[2025-09-25 12:38:09] 2025/09/25 12:38:09 socat[67544] N write(6, 0x5f8a4e76c000, 4) completed
[2025-09-25 12:38:09] < 2025/09/25 12:38:09.000772131  length=4 from=1404186 to=1404189
[2025-09-25 12:38:09]  00 00 00 df                                      ....
[2025-09-25 12:38:09] --
[2025-09-25 12:38:09] 2025/09/25 12:38:09 socat[67544] N write(6, 0x5f8a4e76c000, 4) completed
[2025-09-25 12:38:09] < 2025/09/25 12:38:09.000772152  length=4 from=1404190 to=1404193
[2025-09-25 12:38:09]  21 00 00 00                                      !...
[2025-09-25 12:38:09] --
[2025-09-25 12:38:09] 2025/09/25 12:38:09 socat[67544] N write(6, 0x5f8a4e76c000, 4) completed
[2025-09-25 12:38:09] < 2025/09/25 12:38:09.000772173  length=4 from=1404194 to=1404197
[2025-09-25 12:38:09]  00 00 00 00                                      ....
[2025-09-25 12:38:09] --
[2025-09-25 12:38:09] 2025/09/25 12:38:09 socat[67544] N write(6, 0x5f8a4e76c000, 4) completed
[2025-09-25 12:38:09] < 2025/09/25 12:38:09.000772193  length=4 from=1404198 to=1404201
[2025-09-25 12:38:09]  00 00 00 00                                      ....
[2025-09-25 12:38:09] --
[2025-09-25 12:38:09] 2025/09/25 12:38:09 socat[67544] N write(6, 0x5f8a4e76c000, 4) completed
[2025-09-25 12:38:09] < 2025/09/25 12:38:09.000772217  length=4 from=1404202 to=1404205
[2025-09-25 12:38:09]  00 00 00 00                                      ....
[2025-09-25 12:38:09] --
[2025-09-25 12:38:09] 2025/09/25 12:38:09 socat[67544] N write(6, 0x5f8a4e76c000, 4) completed
[2025-09-25 12:38:09] < 2025/09/25 12:38:09.000772238  length=4 from=1404206 to=1404209
[2025-09-25 12:38:09]  00 00 00 00                                      ....
[2025-09-25 12:38:09] --
[2025-09-25 12:38:09] 2025/09/25 12:38:09 socat[67544] N write(6, 0x5f8a4e76c000, 4) completed
[2025-09-25 12:38:09] < 2025/09/25 12:38:09.000772258  length=4 from=1404210 to=1404213
[2025-09-25 12:38:09]  00 00 00 00                                      ....
[2025-09-25 12:38:09] --
[2025-09-25 12:38:09] 2025/09/25 12:38:09 socat[67544] N write(6, 0x5f8a4e76c000, 4) completed
[2025-09-25 12:38:09] < 2025/09/25 12:38:09.000772280  length=4 from=1404214 to=1404217
[2025-09-25 12:38:09]  00 00 00 00                                      ....
[2025-09-25 12:38:09] --
[2025-09-25 12:38:09] 2025/09/25 12:38:09 socat[67544] N write(6, 0x5f8a4e76c000, 4) completed
[2025-09-25 12:38:09] < 2025/09/25 12:38:09.000772300  length=4 from=1404218 to=1404221
[2025-09-25 12:38:09]  00 00 00 00                                      ....
[2025-09-25 12:38:09] --
[2025-09-25 12:38:09] 2025/09/25 12:38:09 socat[67544] N write(6, 0x5f8a4e76c000, 4) completed
[2025-09-25 12:38:09] < 2025/09/25 12:38:09.000772321  length=4 from=1404222 to=1404225
[2025-09-25 12:38:09]  00 df 21 00                                      ..!.
[2025-09-25 12:38:09] --
[2025-09-25 12:38:09] 2025/09/25 12:38:09 socat[67544] N write(6, 0x5f8a4e76c000, 4) completed
[2025-09-25 12:38:09] < 2025/09/25 12:38:09.000772342  length=4 from=1404226 to=1404229
[2025-09-25 12:38:09]  00 00 00 00                                      ....
[2025-09-25 12:38:09] --
[2025-09-25 12:38:09] 2025/09/25 12:38:09 socat[67544] N write(6, 0x5f8a4e76c000, 4) completed
[2025-09-25 12:38:09] < 2025/09/25 12:38:09.000772363  length=4 from=1404230 to=1404233
[2025-09-25 12:38:09]  00 00 00 00                                      ....
[2025-09-25 12:38:09] --
[2025-09-25 12:38:09] 2025/09/25 12:38:09 socat[67544] N write(6, 0x5f8a4e76c000, 4) completed
[2025-09-25 12:38:09] < 2025/09/25 12:38:09.000772384  length=4 from=1404234 to=1404237
[2025-09-25 12:38:09]  00 00 00 00                                      ....
[2025-09-25 12:38:09] --
[2025-09-25 12:38:09] 2025/09/25 12:38:09 socat[67544] N write(6, 0x5f8a4e76c000, 4) completed
[2025-09-25 12:38:09] < 2025/09/25 12:38:09.000772405  length=4 from=1404238 to=1404241
[2025-09-25 12:38:09]  00 00 00 00                                      ....
[2025-09-25 12:38:09] --
[2025-09-25 12:38:09] 2025/09/25 12:38:09 socat[67544] N write(6, 0x5f8a4e76c000, 4) completed
[2025-09-25 12:38:09] < 2025/09/25 12:38:09.000772426  length=4 from=1404242 to=1404245
[2025-09-25 12:38:09]  00 00 00 00                                      ....
[2025-09-25 12:38:09] --
[2025-09-25 12:38:09] 2025/09/25 12:38:09 socat[67544] N write(6, 0x5f8a4e76c000, 4) completed
[2025-09-25 12:38:09] < 2025/09/25 12:38:09.000772447  length=4 from=1404246 to=1404249
[2025-09-25 12:38:09]  00 00 00 00                                      ....
[2025-09-25 12:38:09] --
[2025-09-25 12:38:09] 2025/09/25 12:38:09 socat[67544] N write(6, 0x5f8a4e76c000, 4) completed
[2025-09-25 12:38:09] < 2025/09/25 12:38:09.000772468  length=4 from=1404250 to=1404253
[2025-09-25 12:38:09]  00 00 00 00                                      ....
[2025-09-25 12:38:09] --
[2025-09-25 12:38:09] 2025/09/25 12:38:09 socat[67544] N write(6, 0x5f8a4e76c000, 4) completed
[2025-09-25 12:38:09] < 2025/09/25 12:38:09.000772489  length=4 from=1404254 to=1404257
[2025-09-25 12:38:09]  00 00 00 df                                      ....
[2025-09-25 12:38:09] --
[2025-09-25 12:38:09] 2025/09/25 12:38:09 socat[67544] N write(6, 0x5f8a4e76c000, 4) completed
[2025-09-25 12:38:09] < 2025/09/25 12:38:09.000772510  length=4 from=1404258 to=1404261
[2025-09-25 12:38:09]  21 00 00 00                                      !...
[2025-09-25 12:38:09] --
[2025-09-25 12:38:09] 2025/09/25 12:38:09 socat[67544] N write(6, 0x5f8a4e76c000, 4) completed
[2025-09-25 12:38:09] < 2025/09/25 12:38:09.000772534  length=4 from=1404262 to=1404265
[2025-09-25 12:38:09]  00 00 00 00                                      ....
[2025-09-25 12:38:09] --
[2025-09-25 12:38:09] 2025/09/25 12:38:09 socat[67544] N write(6, 0x5f8a4e76c000, 4) completed
[2025-09-25 12:38:09] < 2025/09/25 12:38:09.000772555  length=4 from=1404266 to=1404269
[2025-09-25 12:38:09]  00 00 00 00                                      ....
[2025-09-25 12:38:09] --
[2025-09-25 12:38:09] 2025/09/25 12:38:09 socat[67544] N write(6, 0x5f8a4e76c000, 4) completed
[2025-09-25 12:38:09] < 2025/09/25 12:38:09.000772576  length=4 from=1404270 to=1404273
[2025-09-25 12:38:09]  00 00 00 00                                      ....
[2025-09-25 12:38:09] --
[2025-09-25 12:38:09] 2025/09/25 12:38:09 socat[67544] N write(6, 0x5f8a4e76c000, 4) completed
[2025-09-25 12:38:09] < 2025/09/25 12:38:09.000772597  length=4 from=1404274 to=1404277
[2025-09-25 12:38:09]  00 00 00 00                                      ....
[2025-09-25 12:38:09] --
[2025-09-25 12:38:09] 2025/09/25 12:38:09 socat[67544] N write(6, 0x5f8a4e76c000, 4) completed
[2025-09-25 12:38:09] < 2025/09/25 12:38:09.000772618  length=4 from=1404278 to=1404281
[2025-09-25 12:38:09]  00 00 00 00                                      ....
[2025-09-25 12:38:09] --
[2025-09-25 12:38:09] 2025/09/25 12:38:09 socat[67544] N write(6, 0x5f8a4e76c000, 4) completed
[2025-09-25 12:38:09] < 2025/09/25 12:38:09.000772638  length=4 from=1404282 to=1404285
[2025-09-25 12:38:09]  00 00 00 00                                      ....
[2025-09-25 12:38:09] --
[2025-09-25 12:38:09] 2025/09/25 12:38:09 socat[67544] N write(6, 0x5f8a4e76c000, 4) completed
[2025-09-25 12:38:09] < 2025/09/25 12:38:09.000772659  length=4 from=1404286 to=1404289
[2025-09-25 12:38:09]  00 00 00 00                                      ....
[2025-09-25 12:38:09] --
[2025-09-25 12:38:09] 2025/09/25 12:38:09 socat[67544] N write(6, 0x5f8a4e76c000, 4) completed
[2025-09-25 12:38:09] < 2025/09/25 12:38:09.000772680  length=4 from=1404290 to=1404293
[2025-09-25 12:38:09]  00 df 21 00                                      ..!.
[2025-09-25 12:38:09] --
[2025-09-25 12:38:09] 2025/09/25 12:38:09 socat[67544] N write(6, 0x5f8a4e76c000, 4) completed
[2025-09-25 12:38:09] < 2025/09/25 12:38:09.000772701  length=4 from=1404294 to=1404297
[2025-09-25 12:38:09]  00 00 00 00                                      ....
[2025-09-25 12:38:09] --
[2025-09-25 12:38:09] 2025/09/25 12:38:09 socat[67544] N write(6, 0x5f8a4e76c000, 4) completed
[2025-09-25 12:38:09] < 2025/09/25 12:38:09.000772722  length=4 from=1404298 to=1404301
[2025-09-25 12:38:09]  00 00 00 00                                      ....
[2025-09-25 12:38:09] --
[2025-09-25 12:38:09] 2025/09/25 12:38:09 socat[67544] N write(6, 0x5f8a4e76c000, 4) completed
[2025-09-25 12:38:09] < 2025/09/25 12:38:09.000772743  length=4 from=1404302 to=1404305
[2025-09-25 12:38:09]  00 00 00 00                                      ....
[2025-09-25 12:38:09] --
[2025-09-25 12:38:09] 2025/09/25 12:38:09 socat[67544] N write(6, 0x5f8a4e76c000, 4) completed
[2025-09-25 12:38:09] < 2025/09/25 12:38:09.000772764  length=4 from=1404306 to=1404309
[2025-09-25 12:38:09]  00 00 00 00                                      ....
[2025-09-25 12:38:09] --
[2025-09-25 12:38:09] 2025/09/25 12:38:09 socat[67544] N write(6, 0x5f8a4e76c000, 4) completed
[2025-09-25 12:38:09] < 2025/09/25 12:38:09.000772785  length=4 from=1404310 to=1404313
[2025-09-25 12:38:09]  00 00 00 00                                      ....
[2025-09-25 12:38:09] --
[2025-09-25 12:38:09] 2025/09/25 12:38:09 socat[67544] N write(6, 0x5f8a4e76c000, 4) completed
[2025-09-25 12:38:09] < 2025/09/25 12:38:09.000772806  length=4 from=1404314 to=1404317
[2025-09-25 12:38:09]  00 00 00 00                                      ....
[2025-09-25 12:38:09] --
[2025-09-25 12:38:09] 2025/09/25 12:38:09 socat[67544] N write(6, 0x5f8a4e76c000, 4) completed
[2025-09-25 12:38:09] < 2025/09/25 12:38:09.000772827  length=4 from=1404318 to=1404321
[2025-09-25 12:38:09]  00 00 00 00                                      ....
[2025-09-25 12:38:09] --
[2025-09-25 12:38:09] 2025/09/25 12:38:09 socat[67544] N write(6, 0x5f8a4e76c000, 4) completed
[2025-09-25 12:38:09] < 2025/09/25 12:38:09.000772848  length=4 from=1404322 to=1404325
[2025-09-25 12:38:09]  00 00 00 df                                      ....
[2025-09-25 12:38:09] --
[2025-09-25 12:38:09] 2025/09/25 12:38:09 socat[67544] N write(6, 0x5f8a4e76c000, 4) completed
[2025-09-25 12:38:09] < 2025/09/25 12:38:09.000772869  length=4 from=1404326 to=1404329
[2025-09-25 12:38:09]  21 00 00 00                                      !...
[2025-09-25 12:38:09] --
[2025-09-25 12:38:09] 2025/09/25 12:38:09 socat[67544] N write(6, 0x5f8a4e76c000, 4) completed
[2025-09-25 12:38:09] < 2025/09/25 12:38:09.000772890  length=4 from=1404330 to=1404333
[2025-09-25 12:38:09]  00 00 00 00                                      ....
[2025-09-25 12:38:09] --
[2025-09-25 12:38:09] 2025/09/25 12:38:09 socat[67544] N write(6, 0x5f8a4e76c000, 4) completed
[2025-09-25 12:38:09] < 2025/09/25 12:38:09.000772911  length=4 from=1404334 to=1404337
[2025-09-25 12:38:09]  00 00 00 00                                      ....
[2025-09-25 12:38:09] --
[2025-09-25 12:38:09] 2025/09/25 12:38:09 socat[67544] N write(6, 0x5f8a4e76c000, 4) completed
[2025-09-25 12:38:09] < 2025/09/25 12:38:09.000772932  length=4 from=1404338 to=1404341
[2025-09-25 12:38:09]  00 00 00 00                                      ....
[2025-09-25 12:38:09] --
[2025-09-25 12:38:09] 2025/09/25 12:38:09 socat[67544] N write(6, 0x5f8a4e76c000, 4) completed
[2025-09-25 12:38:09] < 2025/09/25 12:38:09.000772958  length=4 from=1404342 to=1404345
[2025-09-25 12:38:09]  00 00 00 00                                      ....
[2025-09-25 12:38:09] --
[2025-09-25 12:38:09] 2025/09/25 12:38:09 socat[67544] N write(6, 0x5f8a4e76c000, 4) completed
[2025-09-25 12:38:09] < 2025/09/25 12:38:09.000772980  length=4 from=1404346 to=1404349
[2025-09-25 12:38:09]  00 00 00 00                                      ....
[2025-09-25 12:38:09] --
[2025-09-25 12:38:09] 2025/09/25 12:38:09 socat[67544] N write(6, 0x5f8a4e76c000, 4) completed
[2025-09-25 12:38:09] < 2025/09/25 12:38:09.000773001  length=4 from=1404350 to=1404353
[2025-09-25 12:38:09]  00 00 00 00                                      ....
[2025-09-25 12:38:09] --
[2025-09-25 12:38:09] 2025/09/25 12:38:09 socat[67544] N write(6, 0x5f8a4e76c000, 4) completed
[2025-09-25 12:38:09] < 2025/09/25 12:38:09.000773022  length=4 from=1404354 to=1404357
[2025-09-25 12:38:09]  00 00 00 00                                      ....
[2025-09-25 12:38:09] --
[2025-09-25 12:38:09] 2025/09/25 12:38:09 socat[67544] N write(6, 0x5f8a4e76c000, 4) completed
[2025-09-25 12:38:09] < 2025/09/25 12:38:09.000773043  length=4 from=1404358 to=1404361
[2025-09-25 12:38:09]  00 df 21 00                                      ..!.
[2025-09-25 12:38:09] --
[2025-09-25 12:38:09] 2025/09/25 12:38:09 socat[67544] N write(6, 0x5f8a4e76c000, 4) completed
[2025-09-25 12:38:09] < 2025/09/25 12:38:09.000773064  length=4 from=1404362 to=1404365
[2025-09-25 12:38:09]  00 00 00 00                                      ....
[2025-09-25 12:38:09] --
[2025-09-25 12:38:09] 2025/09/25 12:38:09 socat[67544] N write(6, 0x5f8a4e76c000, 4) completed
[2025-09-25 12:38:09] < 2025/09/25 12:38:09.000773085  length=4 from=1404366 to=1404369
[2025-09-25 12:38:09]  00 00 00 00                                      ....
[2025-09-25 12:38:09] --
[2025-09-25 12:38:09] 2025/09/25 12:38:09 socat[67544] N write(6, 0x5f8a4e76c000, 4) completed
[2025-09-25 12:38:09] < 2025/09/25 12:38:09.000773106  length=4 from=1404370 to=1404373
[2025-09-25 12:38:09]  00 00 00 00                                      ....
[2025-09-25 12:38:09] --
[2025-09-25 12:38:09] 2025/09/25 12:38:09 socat[67544] N write(6, 0x5f8a4e76c000, 4) completed
[2025-09-25 12:38:09] < 2025/09/25 12:38:09.000773127  length=4 from=1404374 to=1404377
[2025-09-25 12:38:09]  00 00 00 00                                      ....
[2025-09-25 12:38:09] --
[2025-09-25 12:38:09] 2025/09/25 12:38:09 socat[67544] N write(6, 0x5f8a4e76c000, 4) completed
[2025-09-25 12:38:09] < 2025/09/25 12:38:09.000773148  length=4 from=1404378 to=1404381
[2025-09-25 12:38:09]  00 00 00 00                                      ....
[2025-09-25 12:38:09] --
[2025-09-25 12:38:09] 2025/09/25 12:38:09 socat[67544] N write(6, 0x5f8a4e76c000, 4) completed
[2025-09-25 12:38:09] < 2025/09/25 12:38:09.000773169  length=4 from=1404382 to=1404385
[2025-09-25 12:38:09]  00 00 00 00                                      ....
[2025-09-25 12:38:09] --
[2025-09-25 12:38:09] 2025/09/25 12:38:09 socat[67544] N write(6, 0x5f8a4e76c000, 4) completed
[2025-09-25 12:38:09] < 2025/09/25 12:38:09.000773190  length=4 from=1404386 to=1404389
[2025-09-25 12:38:09]  00 00 00 00                                      ....
[2025-09-25 12:38:09] --
[2025-09-25 12:38:09] 2025/09/25 12:38:09 socat[67544] N write(6, 0x5f8a4e76c000, 4) completed
[2025-09-25 12:38:09] < 2025/09/25 12:38:09.000773211  length=4 from=1404390 to=1404393
[2025-09-25 12:38:09]  00 00 00 df                                      ....
[2025-09-25 12:38:09] --
[2025-09-25 12:38:09] 2025/09/25 12:38:09 socat[67544] N write(6, 0x5f8a4e76c000, 4) completed
[2025-09-25 12:38:09] < 2025/09/25 12:38:09.000773232  length=4 from=1404394 to=1404397
[2025-09-25 12:38:09]  21 00 00 00                                      !...
[2025-09-25 12:38:09] --
[2025-09-25 12:38:09] 2025/09/25 12:38:09 socat[67544] N write(6, 0x5f8a4e76c000, 4) completed
[2025-09-25 12:38:09] < 2025/09/25 12:38:09.000773253  length=4 from=1404398 to=1404401
[2025-09-25 12:38:09]  00 00 00 00                                      ....
[2025-09-25 12:38:09] --
[2025-09-25 12:38:09] 2025/09/25 12:38:09 socat[67544] N write(6, 0x5f8a4e76c000, 4) completed
[2025-09-25 12:38:09] < 2025/09/25 12:38:09.000773274  length=4 from=1404402 to=1404405
[2025-09-25 12:38:09]  00 00 00 00                                      ....
[2025-09-25 12:38:09] --
[2025-09-25 12:38:09] 2025/09/25 12:38:09 socat[67544] N write(6, 0x5f8a4e76c000, 4) completed
[2025-09-25 12:38:09] < 2025/09/25 12:38:09.000773295  length=4 from=1404406 to=1404409
[2025-09-25 12:38:09]  00 00 00 00                                      ....
[2025-09-25 12:38:09] --
[2025-09-25 12:38:09] 2025/09/25 12:38:09 socat[67544] N write(6, 0x5f8a4e76c000, 4) completed
[2025-09-25 12:38:09] < 2025/09/25 12:38:09.000773316  length=4 from=1404410 to=1404413
[2025-09-25 12:38:09]  00 00 00 00                                      ....
[2025-09-25 12:38:09] --
[2025-09-25 12:38:09] 2025/09/25 12:38:09 socat[67544] N write(6, 0x5f8a4e76c000, 4) completed
[2025-09-25 12:38:09] < 2025/09/25 12:38:09.000773337  length=4 from=1404414 to=1404417
[2025-09-25 12:38:09]  00 00 00 00                                      ....
[2025-09-25 12:38:09] --
[2025-09-25 12:38:09] 2025/09/25 12:38:09 socat[67544] N write(6, 0x5f8a4e76c000, 4) completed
[2025-09-25 12:38:09] < 2025/09/25 12:38:09.000773357  length=4 from=1404418 to=1404421
[2025-09-25 12:38:09]  00 00 00 00                                      ....
[2025-09-25 12:38:09] --
[2025-09-25 12:38:09] 2025/09/25 12:38:09 socat[67544] N write(6, 0x5f8a4e76c000, 4) completed
[2025-09-25 12:38:09] < 2025/09/25 12:38:09.000773378  length=4 from=1404422 to=1404425
[2025-09-25 12:38:09]  00 00 00 00                                      ....
[2025-09-25 12:38:09] --
[2025-09-25 12:38:09] 2025/09/25 12:38:09 socat[67544] N write(6, 0x5f8a4e76c000, 4) completed
[2025-09-25 12:38:09] < 2025/09/25 12:38:09.000773399  length=4 from=1404426 to=1404429
[2025-09-25 12:38:09]  00 df 21 00                                      ..!.
[2025-09-25 12:38:09] --
[2025-09-25 12:38:09] 2025/09/25 12:38:09 socat[67544] N write(6, 0x5f8a4e76c000, 4) completed
[2025-09-25 12:38:09] < 2025/09/25 12:38:09.000773421  length=4 from=1404430 to=1404433
[2025-09-25 12:38:09]  00 00 00 00                                      ....
[2025-09-25 12:38:09] --
[2025-09-25 12:38:09] 2025/09/25 12:38:09 socat[67544] N write(6, 0x5f8a4e76c000, 4) completed
[2025-09-25 12:38:09] < 2025/09/25 12:38:09.000844001  length=4 from=1404434 to=1404437
[2025-09-25 12:38:09]  00 00 00 00                                      ....
[2025-09-25 12:38:09] --
[2025-09-25 12:38:09] 2025/09/25 12:38:09 socat[67544] N write(6, 0x5f8a4e76c000, 4) completed
[2025-09-25 12:38:09] < 2025/09/25 12:38:09.000844587  length=4 from=1404438 to=1404441
[2025-09-25 12:38:09]  00 00 00 00                                      ....
[2025-09-25 12:38:09] --
[2025-09-25 12:38:09] 2025/09/25 12:38:09 socat[67544] N write(6, 0x5f8a4e76c000, 4) completed
[2025-09-25 12:38:09] < 2025/09/25 12:38:09.000844824  length=4 from=1404442 to=1404445
[2025-09-25 12:38:09]  00 00 00 00                                      ....
[2025-09-25 12:38:09] --
[2025-09-25 12:38:09] 2025/09/25 12:38:09 socat[67544] N write(6, 0x5f8a4e76c000, 4) completed
[2025-09-25 12:38:09] < 2025/09/25 12:38:09.000844849  length=4 from=1404446 to=1404449
[2025-09-25 12:38:09]  00 00 00 00                                      ....
[2025-09-25 12:38:09] --
[2025-09-25 12:38:09] 2025/09/25 12:38:09 socat[67544] N write(6, 0x5f8a4e76c000, 4) completed
[2025-09-25 12:38:09] < 2025/09/25 12:38:09.000844872  length=4 from=1404450 to=1404453
[2025-09-25 12:38:09]  00 00 00 00                                      ....
[2025-09-25 12:38:09] --
[2025-09-25 12:38:09] 2025/09/25 12:38:09 socat[67544] N write(6, 0x5f8a4e76c000, 4) completed
[2025-09-25 12:38:09] < 2025/09/25 12:38:09.000844894  length=4 from=1404454 to=1404457
[2025-09-25 12:38:09]  00 00 00 00                                      ....
[2025-09-25 12:38:09] --
[2025-09-25 12:38:09] 2025/09/25 12:38:09 socat[67544] N write(6, 0x5f8a4e76c000, 4) completed
[2025-09-25 12:38:09] < 2025/09/25 12:38:09.000844917  length=4 from=1404458 to=1404461
[2025-09-25 12:38:09]  00 00 00 df                                      ....
[2025-09-25 12:38:09] --
[2025-09-25 12:38:09] 2025/09/25 12:38:09 socat[67544] N write(6, 0x5f8a4e76c000, 4) completed
[2025-09-25 12:38:09] < 2025/09/25 12:38:09.000844939  length=4 from=1404462 to=1404465
[2025-09-25 12:38:09]  21 00 00 00                                      !...
[2025-09-25 12:38:09] --
[2025-09-25 12:38:09] 2025/09/25 12:38:09 socat[67544] N write(6, 0x5f8a4e76c000, 4) completed
[2025-09-25 12:38:09] < 2025/09/25 12:38:09.000844979  length=4 from=1404466 to=1404469
[2025-09-25 12:38:09]  00 00 00 00                                      ....
[2025-09-25 12:38:09] --
[2025-09-25 12:38:09] 2025/09/25 12:38:09 socat[67544] N write(6, 0x5f8a4e76c000, 4) completed
[2025-09-25 12:38:09] < 2025/09/25 12:38:09.000845002  length=4 from=1404470 to=1404473
[2025-09-25 12:38:09]  00 00 00 00                                      ....
[2025-09-25 12:38:09] --
[2025-09-25 12:38:09] 2025/09/25 12:38:09 socat[67544] N write(6, 0x5f8a4e76c000, 4) completed
[2025-09-25 12:38:09] < 2025/09/25 12:38:09.000845098  length=4 from=1404474 to=1404477
[2025-09-25 12:38:09]  00 00 00 00                                      ....
[2025-09-25 12:38:09] --
[2025-09-25 12:38:09] 2025/09/25 12:38:09 socat[67544] N write(6, 0x5f8a4e76c000, 4) completed
[2025-09-25 12:38:09] < 2025/09/25 12:38:09.000845121  length=4 from=1404478 to=1404481
[2025-09-25 12:38:09]  00 00 00 00                                      ....
[2025-09-25 12:38:09] --
[2025-09-25 12:38:09] 2025/09/25 12:38:09 socat[67544] N write(6, 0x5f8a4e76c000, 4) completed
[2025-09-25 12:38:09] < 2025/09/25 12:38:09.000845144  length=4 from=1404482 to=1404485
[2025-09-25 12:38:09]  00 00 00 00                                      ....
[2025-09-25 12:38:09] --
[2025-09-25 12:38:09] 2025/09/25 12:38:09 socat[67544] N write(6, 0x5f8a4e76c000, 4) completed
[2025-09-25 12:38:09] < 2025/09/25 12:38:09.000845166  length=4 from=1404486 to=1404489
[2025-09-25 12:38:09]  00 00 00 00                                      ....
[2025-09-25 12:38:09] --
[2025-09-25 12:38:09] 2025/09/25 12:38:09 socat[67544] N write(6, 0x5f8a4e76c000, 4) completed
[2025-09-25 12:38:09] < 2025/09/25 12:38:09.000845188  length=4 from=1404490 to=1404493
[2025-09-25 12:38:09]  00 00 00 00                                      ....
[2025-09-25 12:38:09] --
[2025-09-25 12:38:09] 2025/09/25 12:38:09 socat[67544] N write(6, 0x5f8a4e76c000, 4) completed
[2025-09-25 12:38:09] < 2025/09/25 12:38:09.000845211  length=4 from=1404494 to=1404497
[2025-09-25 12:38:09]  00 df 21 00                                      ..!.
[2025-09-25 12:38:09] --
[2025-09-25 12:38:09] 2025/09/25 12:38:09 socat[67544] N write(6, 0x5f8a4e76c000, 4) completed
[2025-09-25 12:38:09] < 2025/09/25 12:38:09.000845233  length=4 from=1404498 to=1404501
[2025-09-25 12:38:09]  00 00 00 00                                      ....
[2025-09-25 12:38:09] --
[2025-09-25 12:38:09] 2025/09/25 12:38:09 socat[67544] N write(6, 0x5f8a4e76c000, 4) completed
[2025-09-25 12:38:09] < 2025/09/25 12:38:09.000845255  length=4 from=1404502 to=1404505
[2025-09-25 12:38:09]  00 00 00 00                                      ....
[2025-09-25 12:38:09] --
[2025-09-25 12:38:09] 2025/09/25 12:38:09 socat[67544] N write(6, 0x5f8a4e76c000, 4) completed
[2025-09-25 12:38:09] < 2025/09/25 12:38:09.000845278  length=4 from=1404506 to=1404509
[2025-09-25 12:38:09]  00 00 00 00                                      ....
[2025-09-25 12:38:09] --
[2025-09-25 12:38:09] 2025/09/25 12:38:09 socat[67544] N write(6, 0x5f8a4e76c000, 4) completed
[2025-09-25 12:38:09] < 2025/09/25 12:38:09.000845300  length=4 from=1404510 to=1404513
[2025-09-25 12:38:09]  00 00 00 00                                      ....
[2025-09-25 12:38:09] --
[2025-09-25 12:38:09] 2025/09/25 12:38:09 socat[67544] N write(6, 0x5f8a4e76c000, 4) completed
[2025-09-25 12:38:09] < 2025/09/25 12:38:09.000845322  length=4 from=1404514 to=1404517
[2025-09-25 12:38:09]  00 00 00 00                                      ....
[2025-09-25 12:38:09] --
[2025-09-25 12:38:09] 2025/09/25 12:38:09 socat[67544] N write(6, 0x5f8a4e76c000, 4) completed
[2025-09-25 12:38:09] < 2025/09/25 12:38:09.000845345  length=4 from=1404518 to=1404521
[2025-09-25 12:38:09]  00 00 00 00                                      ....
[2025-09-25 12:38:09] --
[2025-09-25 12:38:09] 2025/09/25 12:38:09 socat[67544] N write(6, 0x5f8a4e76c000, 4) completed
[2025-09-25 12:38:09] < 2025/09/25 12:38:09.000845571  length=4 from=1404522 to=1404525
[2025-09-25 12:38:09]  00 00 00 00                                      ....
[2025-09-25 12:38:09] --
[2025-09-25 12:38:09] 2025/09/25 12:38:09 socat[67544] N write(6, 0x5f8a4e76c000, 4) completed
[2025-09-25 12:38:09] < 2025/09/25 12:38:09.000845800  length=4 from=1404526 to=1404529
[2025-09-25 12:38:09]  00 00 00 df                                      ....
[2025-09-25 12:38:09] --
[2025-09-25 12:38:09] 2025/09/25 12:38:09 socat[67544] N write(6, 0x5f8a4e76c000, 4) completed
[2025-09-25 12:38:09] < 2025/09/25 12:38:09.000845908  length=4 from=1404530 to=1404533
[2025-09-25 12:38:09]  21 00 00 00                                      !...
[2025-09-25 12:38:09] --
[2025-09-25 12:38:09] 2025/09/25 12:38:09 socat[67544] N write(6, 0x5f8a4e76c000, 4) completed
[2025-09-25 12:38:09] < 2025/09/25 12:38:09.000846140  length=4 from=1404534 to=1404537
[2025-09-25 12:38:09]  00 00 00 00                                      ....
[2025-09-25 12:38:09] --
[2025-09-25 12:38:09] 2025/09/25 12:38:09 socat[67544] N write(6, 0x5f8a4e76c000, 4) completed
[2025-09-25 12:38:09] < 2025/09/25 12:38:09.000846171  length=4 from=1404538 to=1404541
[2025-09-25 12:38:09]  00 00 00 00                                      ....
[2025-09-25 12:38:09] --
[2025-09-25 12:38:09] 2025/09/25 12:38:09 socat[67544] N write(6, 0x5f8a4e76c000, 4) completed
[2025-09-25 12:38:09] < 2025/09/25 12:38:09.000846194  length=4 from=1404542 to=1404545
[2025-09-25 12:38:09]  00 00 00 00                                      ....
[2025-09-25 12:38:09] --
[2025-09-25 12:38:09] 2025/09/25 12:38:09 socat[67544] N write(6, 0x5f8a4e76c000, 4) completed
[2025-09-25 12:38:09] < 2025/09/25 12:38:09.000846216  length=4 from=1404546 to=1404549
[2025-09-25 12:38:09]  00 00 00 00                                      ....
[2025-09-25 12:38:09] --
[2025-09-25 12:38:09] 2025/09/25 12:38:09 socat[67544] N write(6, 0x5f8a4e76c000, 4) completed
[2025-09-25 12:38:09] < 2025/09/25 12:38:09.000846242  length=4 from=1404550 to=1404553
[2025-09-25 12:38:09]  00 00 00 00                                      ....
[2025-09-25 12:38:09] --
[2025-09-25 12:38:09] 2025/09/25 12:38:09 socat[67544] N write(6, 0x5f8a4e76c000, 4) completed
[2025-09-25 12:38:09] < 2025/09/25 12:38:09.000846264  length=4 from=1404554 to=1404557
[2025-09-25 12:38:09]  00 00 00 00                                      ....
[2025-09-25 12:38:09] --
[2025-09-25 12:38:09] 2025/09/25 12:38:09 socat[67544] N write(6, 0x5f8a4e76c000, 4) completed
[2025-09-25 12:38:09] < 2025/09/25 12:38:09.000846287  length=4 from=1404558 to=1404561
[2025-09-25 12:38:09]  00 00 00 00                                      ....
[2025-09-25 12:38:09] --
[2025-09-25 12:38:09] 2025/09/25 12:38:09 socat[67544] N write(6, 0x5f8a4e76c000, 4) completed
[2025-09-25 12:38:09] < 2025/09/25 12:38:09.000846309  length=4 from=1404562 to=1404565
[2025-09-25 12:38:09]  00 df 21 00                                      ..!.
[2025-09-25 12:38:09] --
[2025-09-25 12:38:09] 2025/09/25 12:38:09 socat[67544] N write(6, 0x5f8a4e76c000, 4) completed
[2025-09-25 12:38:09] < 2025/09/25 12:38:09.000846332  length=4 from=1404566 to=1404569
[2025-09-25 12:38:09]  00 00 00 00                                      ....
[2025-09-25 12:38:09] --
[2025-09-25 12:38:09] 2025/09/25 12:38:09 socat[67544] N write(6, 0x5f8a4e76c000, 4) completed
[2025-09-25 12:38:09] < 2025/09/25 12:38:09.000846354  length=4 from=1404570 to=1404573
[2025-09-25 12:38:09]  00 00 00 00                                      ....
[2025-09-25 12:38:09] --
[2025-09-25 12:38:09] 2025/09/25 12:38:09 socat[67544] N write(6, 0x5f8a4e76c000, 4) completed
[2025-09-25 12:38:09] < 2025/09/25 12:38:09.000846377  length=4 from=1404574 to=1404577
[2025-09-25 12:38:09]  00 00 00 00                                      ....
[2025-09-25 12:38:09] --
[2025-09-25 12:38:09] 2025/09/25 12:38:09 socat[67544] N write(6, 0x5f8a4e76c000, 4) completed
[2025-09-25 12:38:09] < 2025/09/25 12:38:09.000846400  length=4 from=1404578 to=1404581
[2025-09-25 12:38:09]  00 00 00 00                                      ....
[2025-09-25 12:38:09] --
[2025-09-25 12:38:09] 2025/09/25 12:38:09 socat[67544] N write(6, 0x5f8a4e76c000, 4) completed
[2025-09-25 12:38:09] < 2025/09/25 12:38:09.000846422  length=4 from=1404582 to=1404585
[2025-09-25 12:38:09]  00 00 00 00                                      ....
[2025-09-25 12:38:09] --
[2025-09-25 12:38:09] 2025/09/25 12:38:09 socat[67544] N write(6, 0x5f8a4e76c000, 4) completed
[2025-09-25 12:38:09] < 2025/09/25 12:38:09.000846444  length=4 from=1404586 to=1404589
[2025-09-25 12:38:09]  00 00 00 00                                      ....
[2025-09-25 12:38:09] --
[2025-09-25 12:38:09] 2025/09/25 12:38:09 socat[67544] N write(6, 0x5f8a4e76c000, 4) completed
[2025-09-25 12:38:09] < 2025/09/25 12:38:09.000846467  length=4 from=1404590 to=1404593
[2025-09-25 12:38:09]  00 00 00 00                                      ....
[2025-09-25 12:38:09] --
[2025-09-25 12:38:09] 2025/09/25 12:38:09 socat[67544] N write(6, 0x5f8a4e76c000, 4) completed
[2025-09-25 12:38:09] < 2025/09/25 12:38:09.000846491  length=4 from=1404594 to=1404597
[2025-09-25 12:38:09]  00 00 00 df                                      ....
[2025-09-25 12:38:09] --
[2025-09-25 12:38:09] 2025/09/25 12:38:09 socat[67544] N write(6, 0x5f8a4e76c000, 4) completed
[2025-09-25 12:38:09] < 2025/09/25 12:38:09.000846556  length=4 from=1404598 to=1404601
[2025-09-25 12:38:09]  21 00 00 00                                      !...
[2025-09-25 12:38:09] --
[2025-09-25 12:38:09] 2025/09/25 12:38:09 socat[67544] N write(6, 0x5f8a4e76c000, 4) completed
[2025-09-25 12:38:09] < 2025/09/25 12:38:09.000846654  length=4 from=1404602 to=1404605
[2025-09-25 12:38:09]  00 00 00 00                                      ....
[2025-09-25 12:38:09] --
[2025-09-25 12:38:09] 2025/09/25 12:38:09 socat[67544] N write(6, 0x5f8a4e76c000, 4) completed
[2025-09-25 12:38:09] < 2025/09/25 12:38:09.000846677  length=4 from=1404606 to=1404609
[2025-09-25 12:38:09]  00 00 00 00                                      ....
[2025-09-25 12:38:09] --
[2025-09-25 12:38:09] 2025/09/25 12:38:09 socat[67544] N write(6, 0x5f8a4e76c000, 4) completed
[2025-09-25 12:38:09] < 2025/09/25 12:38:09.000846699  length=4 from=1404610 to=1404613
[2025-09-25 12:38:09]  00 00 00 00                                      ....
[2025-09-25 12:38:09] --
[2025-09-25 12:38:09] 2025/09/25 12:38:09 socat[67544] N write(6, 0x5f8a4e76c000, 4) completed
[2025-09-25 12:38:09] < 2025/09/25 12:38:09.000846722  length=4 from=1404614 to=1404617
[2025-09-25 12:38:09]  00 00 00 00                                      ....
[2025-09-25 12:38:09] --
[2025-09-25 12:38:09] 2025/09/25 12:38:09 socat[67544] N write(6, 0x5f8a4e76c000, 4) completed
[2025-09-25 12:38:09] < 2025/09/25 12:38:09.000846745  length=4 from=1404618 to=1404621
[2025-09-25 12:38:09]  00 00 00 00                                      ....
[2025-09-25 12:38:09] --
[2025-09-25 12:38:09] 2025/09/25 12:38:09 socat[67544] N write(6, 0x5f8a4e76c000, 4) completed
[2025-09-25 12:38:09] < 2025/09/25 12:38:09.000846767  length=4 from=1404622 to=1404625
[2025-09-25 12:38:09]  00 00 00 00                                      ....
[2025-09-25 12:38:09] --
[2025-09-25 12:38:09] 2025/09/25 12:38:09 socat[67544] N write(6, 0x5f8a4e76c000, 4) completed
[2025-09-25 12:38:09] < 2025/09/25 12:38:09.000846790  length=4 from=1404626 to=1404629
[2025-09-25 12:38:09]  00 00 00 00                                      ....
[2025-09-25 12:38:09] --
[2025-09-25 12:38:09] 2025/09/25 12:38:09 socat[67544] N write(6, 0x5f8a4e76c000, 4) completed
[2025-09-25 12:38:09] < 2025/09/25 12:38:09.000846813  length=4 from=1404630 to=1404633
[2025-09-25 12:38:09]  00 df 21 00                                      ..!.
[2025-09-25 12:38:09] --
[2025-09-25 12:38:09] 2025/09/25 12:38:09 socat[67544] N write(6, 0x5f8a4e76c000, 4) completed
[2025-09-25 12:38:09] < 2025/09/25 12:38:09.000846835  length=4 from=1404634 to=1404637
[2025-09-25 12:38:09]  00 00 00 00                                      ....
[2025-09-25 12:38:09] --
[2025-09-25 12:38:09] 2025/09/25 12:38:09 socat[67544] N write(6, 0x5f8a4e76c000, 4) completed
[2025-09-25 12:38:09] < 2025/09/25 12:38:09.000846858  length=4 from=1404638 to=1404641
[2025-09-25 12:38:09]  00 00 00 00                                      ....
[2025-09-25 12:38:09] --
[2025-09-25 12:38:09] 2025/09/25 12:38:09 socat[67544] N write(6, 0x5f8a4e76c000, 4) completed
[2025-09-25 12:38:09] < 2025/09/25 12:38:09.000846880  length=4 from=1404642 to=1404645
[2025-09-25 12:38:09]  00 00 00 00                                      ....
[2025-09-25 12:38:09] --
[2025-09-25 12:38:09] 2025/09/25 12:38:09 socat[67544] N write(6, 0x5f8a4e76c000, 4) completed
[2025-09-25 12:38:09] < 2025/09/25 12:38:09.000846903  length=4 from=1404646 to=1404649
[2025-09-25 12:38:09]  00 00 00 00                                      ....
[2025-09-25 12:38:09] --
[2025-09-25 12:38:09] 2025/09/25 12:38:09 socat[67544] N write(6, 0x5f8a4e76c000, 4) completed
[2025-09-25 12:38:09] < 2025/09/25 12:38:09.000846925  length=4 from=1404650 to=1404653
[2025-09-25 12:38:09]  00 00 00 00                                      ....
[2025-09-25 12:38:09] --
[2025-09-25 12:38:09] 2025/09/25 12:38:09 socat[67544] N write(6, 0x5f8a4e76c000, 4) completed
[2025-09-25 12:38:09] < 2025/09/25 12:38:09.000846948  length=4 from=1404654 to=1404657
[2025-09-25 12:38:09]  00 00 00 00                                      ....
[2025-09-25 12:38:09] --
[2025-09-25 12:38:09] 2025/09/25 12:38:09 socat[67544] N write(6, 0x5f8a4e76c000, 4) completed
[2025-09-25 12:38:09] < 2025/09/25 12:38:09.000846977  length=4 from=1404658 to=1404661
[2025-09-25 12:38:09]  00 00 00 00                                      ....
[2025-09-25 12:38:09] --
[2025-09-25 12:38:09] 2025/09/25 12:38:09 socat[67544] N write(6, 0x5f8a4e76c000, 4) completed
[2025-09-25 12:38:09] < 2025/09/25 12:38:09.000846999  length=4 from=1404662 to=1404665
[2025-09-25 12:38:09]  00 00 00 df                                      ....
[2025-09-25 12:38:09] --
[2025-09-25 12:38:09] 2025/09/25 12:38:09 socat[67544] N write(6, 0x5f8a4e76c000, 4) completed
[2025-09-25 12:38:09] < 2025/09/25 12:38:09.000847022  length=4 from=1404666 to=1404669
[2025-09-25 12:38:09]  21 00 00 00                                      !...
[2025-09-25 12:38:09] --
[2025-09-25 12:38:09] 2025/09/25 12:38:09 socat[67544] N write(6, 0x5f8a4e76c000, 4) completed
[2025-09-25 12:38:09] < 2025/09/25 12:38:09.000847045  length=4 from=1404670 to=1404673
[2025-09-25 12:38:09]  00 00 00 00                                      ....
[2025-09-25 12:38:09] --
[2025-09-25 12:38:09] 2025/09/25 12:38:09 socat[67544] N write(6, 0x5f8a4e76c000, 4) completed
[2025-09-25 12:38:09] < 2025/09/25 12:38:09.000847067  length=4 from=1404674 to=1404677
[2025-09-25 12:38:09]  00 00 00 00                                      ....
[2025-09-25 12:38:09] --
[2025-09-25 12:38:09] 2025/09/25 12:38:09 socat[67544] N write(6, 0x5f8a4e76c000, 4) completed
[2025-09-25 12:38:09] < 2025/09/25 12:38:09.000847090  length=4 from=1404678 to=1404681
[2025-09-25 12:38:09]  00 00 00 00                                      ....
[2025-09-25 12:38:09] --
[2025-09-25 12:38:09] 2025/09/25 12:38:09 socat[67544] N write(6, 0x5f8a4e76c000, 4) completed
[2025-09-25 12:38:09] < 2025/09/25 12:38:09.000847112  length=4 from=1404682 to=1404685
[2025-09-25 12:38:09]  00 00 00 00                                      ....
[2025-09-25 12:38:09] --
[2025-09-25 12:38:09] 2025/09/25 12:38:09 socat[67544] N write(6, 0x5f8a4e76c000, 4) completed
[2025-09-25 12:38:09] < 2025/09/25 12:38:09.000847136  length=4 from=1404686 to=1404689
[2025-09-25 12:38:09]  00 00 00 00                                      ....
[2025-09-25 12:38:09] --
[2025-09-25 12:38:09] 2025/09/25 12:38:09 socat[67544] N write(6, 0x5f8a4e76c000, 4) completed
[2025-09-25 12:38:09] < 2025/09/25 12:38:09.000918368  length=4 from=1404690 to=1404693
[2025-09-25 12:38:09]  00 00 00 00                                      ....
[2025-09-25 12:38:09] --
[2025-09-25 12:38:09] 2025/09/25 12:38:09 socat[67544] N write(6, 0x5f8a4e76c000, 4) completed
[2025-09-25 12:38:09] < 2025/09/25 12:38:09.000919374  length=4 from=1404694 to=1404697
[2025-09-25 12:38:09]  00 00 00 00                                      ....
[2025-09-25 12:38:09] --
[2025-09-25 12:38:09] 2025/09/25 12:38:09 socat[67544] N write(6, 0x5f8a4e76c000, 4) completed
[2025-09-25 12:38:09] < 2025/09/25 12:38:09.000919399  length=4 from=1404698 to=1404701
[2025-09-25 12:38:09]  00 df 21 00                                      ..!.
[2025-09-25 12:38:09] --
[2025-09-25 12:38:09] 2025/09/25 12:38:09 socat[67544] N write(6, 0x5f8a4e76c000, 4) completed
[2025-09-25 12:38:09] < 2025/09/25 12:38:09.000919421  length=4 from=1404702 to=1404705
[2025-09-25 12:38:09]  00 00 00 00                                      ....
[2025-09-25 12:38:09] --
[2025-09-25 12:38:09] 2025/09/25 12:38:09 socat[67544] N write(6, 0x5f8a4e76c000, 4) completed
[2025-09-25 12:38:09] < 2025/09/25 12:38:09.000919442  length=4 from=1404706 to=1404709
[2025-09-25 12:38:09]  00 00 00 00                                      ....
[2025-09-25 12:38:09] --
[2025-09-25 12:38:09] 2025/09/25 12:38:09 socat[67544] N write(6, 0x5f8a4e76c000, 4) completed
[2025-09-25 12:38:09] < 2025/09/25 12:38:09.000919463  length=4 from=1404710 to=1404713
[2025-09-25 12:38:09]  00 00 00 00                                      ....
[2025-09-25 12:38:09] --
[2025-09-25 12:38:09] 2025/09/25 12:38:09 socat[67544] N write(6, 0x5f8a4e76c000, 4) completed
[2025-09-25 12:38:09] < 2025/09/25 12:38:09.000919484  length=4 from=1404714 to=1404717
[2025-09-25 12:38:09]  00 00 00 00                                      ....
[2025-09-25 12:38:09] --
[2025-09-25 12:38:09] 2025/09/25 12:38:09 socat[67544] N write(6, 0x5f8a4e76c000, 4) completed
[2025-09-25 12:38:09] < 2025/09/25 12:38:09.000919505  length=4 from=1404718 to=1404721
[2025-09-25 12:38:09]  00 00 00 00                                      ....
[2025-09-25 12:38:09] --
[2025-09-25 12:38:09] 2025/09/25 12:38:09 socat[67544] N write(6, 0x5f8a4e76c000, 4) completed
[2025-09-25 12:38:09] < 2025/09/25 12:38:09.000919526  length=4 from=1404722 to=1404725
[2025-09-25 12:38:09]  00 00 00 00                                      ....
[2025-09-25 12:38:09] --
[2025-09-25 12:38:09] 2025/09/25 12:38:09 socat[67544] N write(6, 0x5f8a4e76c000, 4) completed
[2025-09-25 12:38:09] < 2025/09/25 12:38:09.000919546  length=4 from=1404726 to=1404729
[2025-09-25 12:38:09]  00 00 00 00                                      ....
[2025-09-25 12:38:09] --
[2025-09-25 12:38:09] 2025/09/25 12:38:09 socat[67544] N write(6, 0x5f8a4e76c000, 4) completed
[2025-09-25 12:38:09] < 2025/09/25 12:38:09.000919567  length=4 from=1404730 to=1404733
[2025-09-25 12:38:09]  00 00 00 df                                      ....
[2025-09-25 12:38:09] --
[2025-09-25 12:38:09] 2025/09/25 12:38:09 socat[67544] N write(6, 0x5f8a4e76c000, 4) completed
[2025-09-25 12:38:09] < 2025/09/25 12:38:09.000919588  length=4 from=1404734 to=1404737
[2025-09-25 12:38:09]  21 00 00 00                                      !...
[2025-09-25 12:38:09] --
[2025-09-25 12:38:09] 2025/09/25 12:38:09 socat[67544] N write(6, 0x5f8a4e76c000, 4) completed
[2025-09-25 12:38:09] < 2025/09/25 12:38:09.000919609  length=4 from=1404738 to=1404741
[2025-09-25 12:38:09]  00 00 00 00                                      ....
[2025-09-25 12:38:09] --
[2025-09-25 12:38:09] 2025/09/25 12:38:09 socat[67544] N write(6, 0x5f8a4e76c000, 4) completed
[2025-09-25 12:38:09] < 2025/09/25 12:38:09.000919630  length=4 from=1404742 to=1404745
[2025-09-25 12:38:09]  00 00 00 00                                      ....
[2025-09-25 12:38:09] --
[2025-09-25 12:38:09] 2025/09/25 12:38:09 socat[67544] N write(6, 0x5f8a4e76c000, 4) completed
[2025-09-25 12:38:09] < 2025/09/25 12:38:09.000919651  length=4 from=1404746 to=1404749
[2025-09-25 12:38:09]  00 00 00 00                                      ....
[2025-09-25 12:38:09] --
[2025-09-25 12:38:09] 2025/09/25 12:38:09 socat[67544] N write(6, 0x5f8a4e76c000, 4) completed
[2025-09-25 12:38:09] < 2025/09/25 12:38:09.000919672  length=4 from=1404750 to=1404753
[2025-09-25 12:38:09]  00 00 00 00                                      ....
[2025-09-25 12:38:09] --
[2025-09-25 12:38:09] 2025/09/25 12:38:09 socat[67544] N write(6, 0x5f8a4e76c000, 4) completed
[2025-09-25 12:38:09] < 2025/09/25 12:38:09.000919693  length=4 from=1404754 to=1404757
[2025-09-25 12:38:09]  00 00 00 00                                      ....
[2025-09-25 12:38:09] --
[2025-09-25 12:38:09] 2025/09/25 12:38:09 socat[67544] N write(6, 0x5f8a4e76c000, 4) completed
[2025-09-25 12:38:09] < 2025/09/25 12:38:09.000919714  length=4 from=1404758 to=1404761
[2025-09-25 12:38:09]  00 00 00 00                                      ....
[2025-09-25 12:38:09] --
[2025-09-25 12:38:09] 2025/09/25 12:38:09 socat[67544] N write(6, 0x5f8a4e76c000, 4) completed
[2025-09-25 12:38:09] < 2025/09/25 12:38:09.000919735  length=4 from=1404762 to=1404765
[2025-09-25 12:38:09]  00 00 00 00                                      ....
[2025-09-25 12:38:09] --
[2025-09-25 12:38:09] 2025/09/25 12:38:09 socat[67544] N write(6, 0x5f8a4e76c000, 4) completed
[2025-09-25 12:38:09] < 2025/09/25 12:38:09.000919756  length=4 from=1404766 to=1404769
[2025-09-25 12:38:09]  00 df 21 00                                      ..!.
[2025-09-25 12:38:09] --
[2025-09-25 12:38:09] 2025/09/25 12:38:09 socat[67544] N write(6, 0x5f8a4e76c000, 4) completed
[2025-09-25 12:38:09] < 2025/09/25 12:38:09.000919777  length=4 from=1404770 to=1404773
[2025-09-25 12:38:09]  00 00 00 00                                      ....
[2025-09-25 12:38:09] --
[2025-09-25 12:38:09] 2025/09/25 12:38:09 socat[67544] N write(6, 0x5f8a4e76c000, 4) completed
[2025-09-25 12:38:09] < 2025/09/25 12:38:09.000919798  length=4 from=1404774 to=1404777
[2025-09-25 12:38:09]  00 00 00 00                                      ....
[2025-09-25 12:38:09] --
[2025-09-25 12:38:09] 2025/09/25 12:38:09 socat[67544] N write(6, 0x5f8a4e76c000, 4) completed
[2025-09-25 12:38:09] < 2025/09/25 12:38:09.000919819  length=4 from=1404778 to=1404781
[2025-09-25 12:38:09]  00 00 00 00                                      ....
[2025-09-25 12:38:09] --
[2025-09-25 12:38:09] 2025/09/25 12:38:09 socat[67544] N write(6, 0x5f8a4e76c000, 4) completed
[2025-09-25 12:38:09] < 2025/09/25 12:38:09.000919840  length=4 from=1404782 to=1404785
[2025-09-25 12:38:09]  00 00 00 00                                      ....
[2025-09-25 12:38:09] --
[2025-09-25 12:38:09] 2025/09/25 12:38:09 socat[67544] N write(6, 0x5f8a4e76c000, 4) completed
[2025-09-25 12:38:09] < 2025/09/25 12:38:09.000919861  length=4 from=1404786 to=1404789
[2025-09-25 12:38:09]  00 00 00 00                                      ....
[2025-09-25 12:38:09] --
[2025-09-25 12:38:09] 2025/09/25 12:38:09 socat[67544] N write(6, 0x5f8a4e76c000, 4) completed
[2025-09-25 12:38:09] < 2025/09/25 12:38:09.000919882  length=4 from=1404790 to=1404793
[2025-09-25 12:38:09]  00 00 00 00                                      ....
[2025-09-25 12:38:09] --
[2025-09-25 12:38:09] 2025/09/25 12:38:09 socat[67544] N write(6, 0x5f8a4e76c000, 4) completed
[2025-09-25 12:38:09] < 2025/09/25 12:38:09.000919903  length=4 from=1404794 to=1404797
[2025-09-25 12:38:09]  00 00 00 00                                      ....
[2025-09-25 12:38:09] --
[2025-09-25 12:38:09] 2025/09/25 12:38:09 socat[67544] N write(6, 0x5f8a4e76c000, 4) completed
[2025-09-25 12:38:09] < 2025/09/25 12:38:09.000920741  length=4 from=1404798 to=1404801
[2025-09-25 12:38:09]  00 06 10 c9                                      ....
[2025-09-25 12:38:09] --
[2025-09-25 12:38:09] 2025/09/25 12:38:09 socat[67544] N write(6, 0x5f8a4e76c000, 4) completed
[2025-09-25 12:38:09] < 2025/09/25 12:38:09.000920763  length=4 from=1404802 to=1404805
[2025-09-25 12:38:09]  21 00 00 00                                      !...
[2025-09-25 12:38:09] --
[2025-09-25 12:38:09] 2025/09/25 12:38:09 socat[67544] N write(6, 0x5f8a4e76c000, 4) completed
[2025-09-25 12:38:09] < 2025/09/25 12:38:09.000920784  length=4 from=1404806 to=1404809
[2025-09-25 12:38:09]  00 00 00 06                                      ....
[2025-09-25 12:38:09] --
[2025-09-25 12:38:09] 2025/09/25 12:38:09 socat[67544] N write(6, 0x5f8a4e76c000, 4) completed
[2025-09-25 12:38:09] < 2025/09/25 12:38:09.000920806  length=4 from=1404810 to=1404813
[2025-09-25 12:38:09]  10 00 01 00                                      ....
[2025-09-25 12:38:09] --
[2025-09-25 12:38:09] 2025/09/25 12:38:09 socat[67544] N write(6, 0x5f8a4e76c000, 4) completed
[2025-09-25 12:38:09] < 2025/09/25 12:38:09.000920827  length=4 from=1404814 to=1404817
[2025-09-25 12:38:09]  00 00 00 00                                      ....
[2025-09-25 12:38:09] --
[2025-09-25 12:38:09] 2025/09/25 12:38:09 socat[67544] N write(6, 0x5f8a4e76c000, 4) completed
[2025-09-25 12:38:09] < 2025/09/25 12:38:09.000920848  length=4 from=1404818 to=1404821
[2025-09-25 12:38:09]  00 00 00 00                                      ....
[2025-09-25 12:38:09] --
[2025-09-25 12:38:09] 2025/09/25 12:38:09 socat[67544] N write(6, 0x5f8a4e76c000, 4) completed
[2025-09-25 12:38:09] < 2025/09/25 12:38:09.000920869  length=4 from=1404822 to=1404825
[2025-09-25 12:38:09]  00 00 00 00                                      ....
[2025-09-25 12:38:09] --
[2025-09-25 12:38:09] 2025/09/25 12:38:09 socat[67544] N write(6, 0x5f8a4e76c000, 4) completed
[2025-09-25 12:38:09] < 2025/09/25 12:38:09.000920891  length=4 from=1404826 to=1404829
[2025-09-25 12:38:09]  00 00 00 00                                      ....
[2025-09-25 12:38:09] --
[2025-09-25 12:38:09] 2025/09/25 12:38:09 socat[67544] N write(6, 0x5f8a4e76c000, 4) completed
[2025-09-25 12:38:09] < 2025/09/25 12:38:09.000920912  length=4 from=1404830 to=1404833
[2025-09-25 12:38:09]  00 00 00 00                                      ....
[2025-09-25 12:38:09] --
[2025-09-25 12:38:09] 2025/09/25 12:38:09 socat[67544] N write(6, 0x5f8a4e76c000, 4) completed
[2025-09-25 12:38:09] < 2025/09/25 12:38:09.000922371  length=4 from=1404834 to=1404837
[2025-09-25 12:38:09]  00 c8 21 00                                      ..!.
[2025-09-25 12:38:09] --
[2025-09-25 12:38:09] 2025/09/25 12:38:09 socat[67544] N write(6, 0x5f8a4e76c000, 4) completed
[2025-09-25 12:38:09] < 2025/09/25 12:38:09.000922397  length=4 from=1404838 to=1404841
[2025-09-25 12:38:09]  00 00 00 00                                      ....
[2025-09-25 12:38:09] --
[2025-09-25 12:38:09] 2025/09/25 12:38:09 socat[67544] N write(6, 0x5f8a4e76c000, 4) completed
[2025-09-25 12:38:09] < 2025/09/25 12:38:09.000922418  length=4 from=1404842 to=1404845
[2025-09-25 12:38:09]  00 00 00 00                                      ....
[2025-09-25 12:38:09] --
[2025-09-25 12:38:09] 2025/09/25 12:38:09 socat[67544] N write(6, 0x5f8a4e76c000, 4) completed
[2025-09-25 12:38:09] < 2025/09/25 12:38:09.000922439  length=4 from=1404846 to=1404849
[2025-09-25 12:38:09]  00 00 00 00                                      ....
[2025-09-25 12:38:09] --
[2025-09-25 12:38:09] 2025/09/25 12:38:09 socat[67544] N write(6, 0x5f8a4e76c000, 4) completed
[2025-09-25 12:38:09] < 2025/09/25 12:38:09.000922460  length=4 from=1404850 to=1404853
[2025-09-25 12:38:09]  00 00 00 00                                      ....
[2025-09-25 12:38:09] --
[2025-09-25 12:38:09] 2025/09/25 12:38:09 socat[67544] N write(6, 0x5f8a4e76c000, 4) completed
[2025-09-25 12:38:09] < 2025/09/25 12:38:09.000922480  length=4 from=1404854 to=1404857
[2025-09-25 12:38:09]  00 00 00 00                                      ....
[2025-09-25 12:38:09] --
[2025-09-25 12:38:09] 2025/09/25 12:38:09 socat[67544] N write(6, 0x5f8a4e76c000, 4) completed
[2025-09-25 12:38:09] < 2025/09/25 12:38:09.000922503  length=4 from=1404858 to=1404861
[2025-09-25 12:38:09]  00 00 00 00                                      ....
[2025-09-25 12:38:09] --
[2025-09-25 12:38:09] 2025/09/25 12:38:09 socat[67544] N write(6, 0x5f8a4e76c000, 4) completed
[2025-09-25 12:38:09] < 2025/09/25 12:38:09.000922523  length=4 from=1404862 to=1404865
[2025-09-25 12:38:09]  00 00 00 00                                      ....
[2025-09-25 12:38:09] --
[2025-09-25 12:38:09] 2025/09/25 12:38:09 socat[67544] N write(6, 0x5f8a4e76c000, 4) completed
[2025-09-25 12:38:09] < 2025/09/25 12:38:09.000922544  length=4 from=1404866 to=1404869
[2025-09-25 12:38:09]  00 00 00 df                                      ....
[2025-09-25 12:38:09] --
[2025-09-25 12:38:09] 2025/09/25 12:38:09 socat[67544] N write(6, 0x5f8a4e76c000, 4) completed
[2025-09-25 12:38:09] < 2025/09/25 12:38:09.000922565  length=4 from=1404870 to=1404873
[2025-09-25 12:38:09]  21 00 00 00                                      !...
[2025-09-25 12:38:09] --
[2025-09-25 12:38:09] 2025/09/25 12:38:09 socat[67544] N write(6, 0x5f8a4e76c000, 4) completed
[2025-09-25 12:38:09] < 2025/09/25 12:38:09.000922585  length=4 from=1404874 to=1404877
[2025-09-25 12:38:09]  00 00 00 00                                      ....
[2025-09-25 12:38:09] --
[2025-09-25 12:38:09] 2025/09/25 12:38:09 socat[67544] N write(6, 0x5f8a4e76c000, 4) completed
[2025-09-25 12:38:09] < 2025/09/25 12:38:09.000922606  length=4 from=1404878 to=1404881
[2025-09-25 12:38:09]  00 00 00 00                                      ....
[2025-09-25 12:38:09] --
[2025-09-25 12:38:09] 2025/09/25 12:38:09 socat[67544] N write(6, 0x5f8a4e76c000, 4) completed
[2025-09-25 12:38:09] < 2025/09/25 12:38:09.000922627  length=4 from=1404882 to=1404885
[2025-09-25 12:38:09]  00 00 00 00                                      ....
[2025-09-25 12:38:09] --
[2025-09-25 12:38:09] 2025/09/25 12:38:09 socat[67544] N write(6, 0x5f8a4e76c000, 4) completed
[2025-09-25 12:38:09] < 2025/09/25 12:38:09.000922647  length=4 from=1404886 to=1404889
[2025-09-25 12:38:09]  00 00 00 00                                      ....
[2025-09-25 12:38:09] --
[2025-09-25 12:38:09] 2025/09/25 12:38:09 socat[67544] N write(6, 0x5f8a4e76c000, 4) completed
[2025-09-25 12:38:09] < 2025/09/25 12:38:09.000922668  length=4 from=1404890 to=1404893
[2025-09-25 12:38:09]  00 00 00 00                                      ....
[2025-09-25 12:38:09] --
[2025-09-25 12:38:09] 2025/09/25 12:38:09 socat[67544] N write(6, 0x5f8a4e76c000, 4) completed
[2025-09-25 12:38:09] < 2025/09/25 12:38:09.000922688  length=4 from=1404894 to=1404897
[2025-09-25 12:38:09]  00 00 00 00                                      ....
[2025-09-25 12:38:09] --
[2025-09-25 12:38:09] 2025/09/25 12:38:09 socat[67544] N write(6, 0x5f8a4e76c000, 4) completed
[2025-09-25 12:38:09] < 2025/09/25 12:38:09.000922709  length=4 from=1404898 to=1404901
[2025-09-25 12:38:09]  00 00 00 00                                      ....
[2025-09-25 12:38:09] --
[2025-09-25 12:38:09] 2025/09/25 12:38:09 socat[67544] N write(6, 0x5f8a4e76c000, 4) completed
[2025-09-25 12:38:09] < 2025/09/25 12:38:09.000922730  length=4 from=1404902 to=1404905
[2025-09-25 12:38:09]  00 df 21 00                                      ..!.
[2025-09-25 12:38:09] --
[2025-09-25 12:38:09] 2025/09/25 12:38:09 socat[67544] N write(6, 0x5f8a4e76c000, 4) completed
[2025-09-25 12:38:09] < 2025/09/25 12:38:09.000922750  length=4 from=1404906 to=1404909
[2025-09-25 12:38:09]  00 00 00 00                                      ....
[2025-09-25 12:38:09] --
[2025-09-25 12:38:09] 2025/09/25 12:38:09 socat[67544] N write(6, 0x5f8a4e76c000, 4) completed
[2025-09-25 12:38:09] < 2025/09/25 12:38:09.000922771  length=4 from=1404910 to=1404913
[2025-09-25 12:38:09]  00 00 00 00                                      ....
[2025-09-25 12:38:09] --
[2025-09-25 12:38:09] 2025/09/25 12:38:09 socat[67544] N write(6, 0x5f8a4e76c000, 4) completed
[2025-09-25 12:38:09] < 2025/09/25 12:38:09.000922791  length=4 from=1404914 to=1404917
[2025-09-25 12:38:09]  00 00 00 00                                      ....
[2025-09-25 12:38:09] --
[2025-09-25 12:38:09] 2025/09/25 12:38:09 socat[67544] N write(6, 0x5f8a4e76c000, 4) completed
[2025-09-25 12:38:09] < 2025/09/25 12:38:09.000922812  length=4 from=1404918 to=1404921
[2025-09-25 12:38:09]  00 00 00 00                                      ....
[2025-09-25 12:38:09] --
[2025-09-25 12:38:09] 2025/09/25 12:38:09 socat[67544] N write(6, 0x5f8a4e76c000, 4) completed
[2025-09-25 12:38:09] < 2025/09/25 12:38:09.000922833  length=4 from=1404922 to=1404925
[2025-09-25 12:38:09]  00 00 00 00                                      ....
[2025-09-25 12:38:09] --
[2025-09-25 12:38:09] 2025/09/25 12:38:09 socat[67544] N write(6, 0x5f8a4e76c000, 4) completed
[2025-09-25 12:38:09] < 2025/09/25 12:38:09.000922853  length=4 from=1404926 to=1404929
[2025-09-25 12:38:09]  00 00 00 00                                      ....
[2025-09-25 12:38:09] --
[2025-09-25 12:38:09] 2025/09/25 12:38:09 socat[67544] N write(6, 0x5f8a4e76c000, 4) completed
[2025-09-25 12:38:09] < 2025/09/25 12:38:09.000922874  length=4 from=1404930 to=1404933
[2025-09-25 12:38:09]  00 00 00 00                                      ....
[2025-09-25 12:38:09] --
[2025-09-25 12:38:09] 2025/09/25 12:38:09 socat[67544] N write(6, 0x5f8a4e76c000, 4) completed
[2025-09-25 12:38:09] < 2025/09/25 12:38:09.000922894  length=4 from=1404934 to=1404937
[2025-09-25 12:38:09]  00 00 00 df                                      ....
[2025-09-25 12:38:09] --
[2025-09-25 12:38:09] 2025/09/25 12:38:09 socat[67544] N write(6, 0x5f8a4e76c000, 4) completed
[2025-09-25 12:38:09] < 2025/09/25 12:38:09.000922915  length=4 from=1404938 to=1404941
[2025-09-25 12:38:09]  21 00 00 00                                      !...
[2025-09-25 12:38:09] --
[2025-09-25 12:38:09] 2025/09/25 12:38:09 socat[67544] N write(6, 0x5f8a4e76c000, 4) completed
[2025-09-25 12:38:09] < 2025/09/25 12:38:09.000922936  length=4 from=1404942 to=1404945
[2025-09-25 12:38:09]  00 00 00 00                                      ....
[2025-09-25 12:38:09] --
[2025-09-25 12:38:09] 2025/09/25 12:38:09 socat[67544] N write(6, 0x5f8a4e76c000, 4) completed
[2025-09-25 12:38:09] < 2025/09/25 12:38:09.000988916  length=4 from=1404946 to=1404949
[2025-09-25 12:38:09]  00 00 00 00                                      ....
[2025-09-25 12:38:09] --
[2025-09-25 12:38:09] 2025/09/25 12:38:09 socat[67544] N write(6, 0x5f8a4e76c000, 4) completed
[2025-09-25 12:38:09] < 2025/09/25 12:38:09.000989393  length=4 from=1404950 to=1404953
[2025-09-25 12:38:09]  00 00 00 00                                      ....
[2025-09-25 12:38:09] --
[2025-09-25 12:38:09] 2025/09/25 12:38:09 socat[67544] N write(6, 0x5f8a4e76c000, 4) completed
[2025-09-25 12:38:09] < 2025/09/25 12:38:09.000989419  length=4 from=1404954 to=1404957
[2025-09-25 12:38:09]  00 00 00 00                                      ....
[2025-09-25 12:38:09] --
[2025-09-25 12:38:09] 2025/09/25 12:38:09 socat[67544] N write(6, 0x5f8a4e76c000, 4) completed
[2025-09-25 12:38:09] < 2025/09/25 12:38:09.000989441  length=4 from=1404958 to=1404961
[2025-09-25 12:38:09]  00 00 00 00                                      ....
[2025-09-25 12:38:09] --
[2025-09-25 12:38:09] 2025/09/25 12:38:09 socat[67544] N write(6, 0x5f8a4e76c000, 4) completed
[2025-09-25 12:38:09] < 2025/09/25 12:38:09.000989463  length=4 from=1404962 to=1404965
[2025-09-25 12:38:09]  00 00 00 00                                      ....
[2025-09-25 12:38:09] --
[2025-09-25 12:38:09] 2025/09/25 12:38:09 socat[67544] N write(6, 0x5f8a4e76c000, 4) completed
[2025-09-25 12:38:09] < 2025/09/25 12:38:09.000989485  length=4 from=1404966 to=1404969
[2025-09-25 12:38:09]  00 00 00 00                                      ....
[2025-09-25 12:38:09] --
[2025-09-25 12:38:09] 2025/09/25 12:38:09 socat[67544] N write(6, 0x5f8a4e76c000, 4) completed
[2025-09-25 12:38:09] < 2025/09/25 12:38:09.000989517  length=4 from=1404970 to=1404973
[2025-09-25 12:38:09]  00 df 21 00                                      ..!.
[2025-09-25 12:38:09] --
[2025-09-25 12:38:09] 2025/09/25 12:38:09 socat[67544] N write(6, 0x5f8a4e76c000, 4) completed
[2025-09-25 12:38:09] < 2025/09/25 12:38:09.000989729  length=4 from=1404974 to=1404977
[2025-09-25 12:38:09]  00 00 00 00                                      ....
[2025-09-25 12:38:09] --
[2025-09-25 12:38:09] 2025/09/25 12:38:09 socat[67544] N write(6, 0x5f8a4e76c000, 4) completed
[2025-09-25 12:38:09] < 2025/09/25 12:38:09.000989838  length=4 from=1404978 to=1404981
[2025-09-25 12:38:09]  00 00 00 00                                      ....
[2025-09-25 12:38:09] --
[2025-09-25 12:38:09] 2025/09/25 12:38:09 socat[67544] N write(6, 0x5f8a4e76c000, 4) completed
[2025-09-25 12:38:10] < 2025/09/25 12:38:09.000989888  length=4 from=1404982 to=1404985
[2025-09-25 12:38:10]  00 00 00 00                                      ....
[2025-09-25 12:38:10] --
[2025-09-25 12:38:10] 2025/09/25 12:38:09 socat[67544] N write(6, 0x5f8a4e76c000, 4) completed
[2025-09-25 12:38:10] < 2025/09/25 12:38:09.000989911  length=4 from=1404986 to=1404989
[2025-09-25 12:38:10]  00 00 00 00                                      ....
[2025-09-25 12:38:10] --
[2025-09-25 12:38:10] 2025/09/25 12:38:09 socat[67544] N write(6, 0x5f8a4e76c000, 4) completed
[2025-09-25 12:38:10] < 2025/09/25 12:38:09.000989933  length=4 from=1404990 to=1404993
[2025-09-25 12:38:10]  00 00 00 00                                      ....
[2025-09-25 12:38:10] --
[2025-09-25 12:38:10] 2025/09/25 12:38:09 socat[67544] N write(6, 0x5f8a4e76c000, 4) completed
[2025-09-25 12:38:10] < 2025/09/25 12:38:09.000989991  length=4 from=1404994 to=1404997
[2025-09-25 12:38:10]  00 00 00 00                                      ....
[2025-09-25 12:38:10] --
[2025-09-25 12:38:10] 2025/09/25 12:38:09 socat[67544] N write(6, 0x5f8a4e76c000, 4) completed
[2025-09-25 12:38:10] < 2025/09/25 12:38:09.000990127  length=4 from=1404998 to=1405001
[2025-09-25 12:38:10]  00 00 00 00                                      ....
[2025-09-25 12:38:10] --
[2025-09-25 12:38:10] 2025/09/25 12:38:09 socat[67544] N write(6, 0x5f8a4e76c000, 4) completed
[2025-09-25 12:38:10] < 2025/09/25 12:38:09.000990150  length=4 from=1405002 to=1405005
[2025-09-25 12:38:10]  00 00 00 df                                      ....
[2025-09-25 12:38:10] --
[2025-09-25 12:38:10] 2025/09/25 12:38:09 socat[67544] N write(6, 0x5f8a4e76c000, 4) completed
[2025-09-25 12:38:10] < 2025/09/25 12:38:09.000990172  length=4 from=1405006 to=1405009
[2025-09-25 12:38:10]  21 00 00 00                                      !...
[2025-09-25 12:38:10] --
[2025-09-25 12:38:10] 2025/09/25 12:38:09 socat[67544] N write(6, 0x5f8a4e76c000, 4) completed
[2025-09-25 12:38:10] < 2025/09/25 12:38:09.000990194  length=4 from=1405010 to=1405013
[2025-09-25 12:38:10]  00 00 00 00                                      ....
[2025-09-25 12:38:10] --
[2025-09-25 12:38:10] 2025/09/25 12:38:09 socat[67544] N write(6, 0x5f8a4e76c000, 4) completed
[2025-09-25 12:38:10] < 2025/09/25 12:38:09.000990216  length=4 from=1405014 to=1405017
[2025-09-25 12:38:10]  00 00 00 00                                      ....
[2025-09-25 12:38:10] --
[2025-09-25 12:38:10] 2025/09/25 12:38:09 socat[67544] N write(6, 0x5f8a4e76c000, 4) completed
[2025-09-25 12:38:10] < 2025/09/25 12:38:09.000990238  length=4 from=1405018 to=1405021
[2025-09-25 12:38:10]  00 00 00 00                                      ....
[2025-09-25 12:38:10] --
[2025-09-25 12:38:10] 2025/09/25 12:38:09 socat[67544] N write(6, 0x5f8a4e76c000, 4) completed
[2025-09-25 12:38:10] < 2025/09/25 12:38:09.000990260  length=4 from=1405022 to=1405025
[2025-09-25 12:38:10]  00 00 00 00                                      ....
[2025-09-25 12:38:10] --
[2025-09-25 12:38:10] 2025/09/25 12:38:09 socat[67544] N write(6, 0x5f8a4e76c000, 4) completed
[2025-09-25 12:38:10] < 2025/09/25 12:38:09.000990282  length=4 from=1405026 to=1405029
[2025-09-25 12:38:10]  00 00 00 00                                      ....
[2025-09-25 12:38:10] --
[2025-09-25 12:38:10] 2025/09/25 12:38:09 socat[67544] N write(6, 0x5f8a4e76c000, 4) completed
[2025-09-25 12:38:10] < 2025/09/25 12:38:09.000990304  length=4 from=1405030 to=1405033
[2025-09-25 12:38:10]  00 00 00 00                                      ....
[2025-09-25 12:38:10] --
[2025-09-25 12:38:10] 2025/09/25 12:38:09 socat[67544] N write(6, 0x5f8a4e76c000, 4) completed
[2025-09-25 12:38:10] < 2025/09/25 12:38:09.000990327  length=4 from=1405034 to=1405037
[2025-09-25 12:38:10]  00 00 00 00                                      ....
[2025-09-25 12:38:10] --
[2025-09-25 12:38:10] 2025/09/25 12:38:09 socat[67544] N write(6, 0x5f8a4e76c000, 4) completed
[2025-09-25 12:38:10] < 2025/09/25 12:38:09.000990352  length=4 from=1405038 to=1405041
[2025-09-25 12:38:10]  00 df 21 00                                      ..!.
[2025-09-25 12:38:10] --
[2025-09-25 12:38:10] 2025/09/25 12:38:09 socat[67544] N write(6, 0x5f8a4e76c000, 4) completed
[2025-09-25 12:38:10] < 2025/09/25 12:38:09.000990374  length=4 from=1405042 to=1405045
[2025-09-25 12:38:10]  00 00 00 00                                      ....
[2025-09-25 12:38:10] --
[2025-09-25 12:38:10] 2025/09/25 12:38:09 socat[67544] N write(6, 0x5f8a4e76c000, 4) completed
[2025-09-25 12:38:10] < 2025/09/25 12:38:09.000990397  length=4 from=1405046 to=1405049
[2025-09-25 12:38:10]  00 00 00 00                                      ....
[2025-09-25 12:38:10] --
[2025-09-25 12:38:10] 2025/09/25 12:38:09 socat[67544] N write(6, 0x5f8a4e76c000, 4) completed
[2025-09-25 12:38:10] < 2025/09/25 12:38:09.000990419  length=4 from=1405050 to=1405053
[2025-09-25 12:38:10]  00 00 00 00                                      ....
[2025-09-25 12:38:10] --
[2025-09-25 12:38:10] 2025/09/25 12:38:09 socat[67544] N write(6, 0x5f8a4e76c000, 4) completed
[2025-09-25 12:38:10] < 2025/09/25 12:38:09.000990441  length=4 from=1405054 to=1405057
[2025-09-25 12:38:10]  00 00 00 00                                      ....
[2025-09-25 12:38:10] --
[2025-09-25 12:38:10] 2025/09/25 12:38:09 socat[67544] N write(6, 0x5f8a4e76c000, 4) completed
[2025-09-25 12:38:10] < 2025/09/25 12:38:09.000990463  length=4 from=1405058 to=1405061
[2025-09-25 12:38:10]  00 00 00 00                                      ....
[2025-09-25 12:38:10] --
[2025-09-25 12:38:10] 2025/09/25 12:38:09 socat[67544] N write(6, 0x5f8a4e76c000, 4) completed
[2025-09-25 12:38:10] < 2025/09/25 12:38:09.000990485  length=4 from=1405062 to=1405065
[2025-09-25 12:38:10]  00 00 00 00                                      ....
[2025-09-25 12:38:10] --
[2025-09-25 12:38:10] 2025/09/25 12:38:09 socat[67544] N write(6, 0x5f8a4e76c000, 4) completed
[2025-09-25 12:38:10] < 2025/09/25 12:38:09.000990507  length=4 from=1405066 to=1405069
[2025-09-25 12:38:10]  00 00 00 00                                      ....
[2025-09-25 12:38:10] --
[2025-09-25 12:38:10] 2025/09/25 12:38:09 socat[67544] N write(6, 0x5f8a4e76c000, 4) completed
[2025-09-25 12:38:10] < 2025/09/25 12:38:09.000990529  length=4 from=1405070 to=1405073
[2025-09-25 12:38:10]  00 00 00 df                                      ....
[2025-09-25 12:38:10] --
[2025-09-25 12:38:10] 2025/09/25 12:38:09 socat[67544] N write(6, 0x5f8a4e76c000, 4) completed
[2025-09-25 12:38:10] < 2025/09/25 12:38:09.000990551  length=4 from=1405074 to=1405077
[2025-09-25 12:38:10]  21 00 00 00                                      !...
[2025-09-25 12:38:10] --
[2025-09-25 12:38:10] 2025/09/25 12:38:09 socat[67544] N write(6, 0x5f8a4e76c000, 4) completed
[2025-09-25 12:38:10] < 2025/09/25 12:38:09.000990573  length=4 from=1405078 to=1405081
[2025-09-25 12:38:10]  00 00 00 00                                      ....
[2025-09-25 12:38:10] --
[2025-09-25 12:38:10] 2025/09/25 12:38:09 socat[67544] N write(6, 0x5f8a4e76c000, 4) completed
[2025-09-25 12:38:10] < 2025/09/25 12:38:09.000990595  length=4 from=1405082 to=1405085
[2025-09-25 12:38:10]  00 00 00 00                                      ....
[2025-09-25 12:38:10] --
[2025-09-25 12:38:10] 2025/09/25 12:38:09 socat[67544] N write(6, 0x5f8a4e76c000, 4) completed
[2025-09-25 12:38:10] < 2025/09/25 12:38:09.000990617  length=4 from=1405086 to=1405089
[2025-09-25 12:38:10]  00 00 00 00                                      ....
[2025-09-25 12:38:10] --
[2025-09-25 12:38:10] 2025/09/25 12:38:09 socat[67544] N write(6, 0x5f8a4e76c000, 4) completed
[2025-09-25 12:38:10] < 2025/09/25 12:38:09.000990639  length=4 from=1405090 to=1405093
[2025-09-25 12:38:10]  00 00 00 00                                      ....
[2025-09-25 12:38:10] --
[2025-09-25 12:38:10] 2025/09/25 12:38:09 socat[67544] N write(6, 0x5f8a4e76c000, 4) completed
[2025-09-25 12:38:10] < 2025/09/25 12:38:09.000990661  length=4 from=1405094 to=1405097
[2025-09-25 12:38:10]  00 00 00 00                                      ....
[2025-09-25 12:38:10] --
[2025-09-25 12:38:10] 2025/09/25 12:38:09 socat[67544] N write(6, 0x5f8a4e76c000, 4) completed
[2025-09-25 12:38:10] < 2025/09/25 12:38:09.000990683  length=4 from=1405098 to=1405101
[2025-09-25 12:38:10]  00 00 00 00                                      ....
[2025-09-25 12:38:10] --
[2025-09-25 12:38:10] 2025/09/25 12:38:09 socat[67544] N write(6, 0x5f8a4e76c000, 4) completed
[2025-09-25 12:38:10] < 2025/09/25 12:38:09.000990705  length=4 from=1405102 to=1405105
[2025-09-25 12:38:10]  00 00 00 00                                      ....
[2025-09-25 12:38:10] --
[2025-09-25 12:38:10] 2025/09/25 12:38:09 socat[67544] N write(6, 0x5f8a4e76c000, 4) completed
[2025-09-25 12:38:10] < 2025/09/25 12:38:09.000990727  length=4 from=1405106 to=1405109
[2025-09-25 12:38:10]  00 df 21 00                                      ..!.
[2025-09-25 12:38:10] --
[2025-09-25 12:38:10] 2025/09/25 12:38:09 socat[67544] N write(6, 0x5f8a4e76c000, 4) completed
[2025-09-25 12:38:10] < 2025/09/25 12:38:09.000990749  length=4 from=1405110 to=1405113
[2025-09-25 12:38:10]  00 00 00 00                                      ....
[2025-09-25 12:38:10] --
[2025-09-25 12:38:10] 2025/09/25 12:38:09 socat[67544] N write(6, 0x5f8a4e76c000, 4) completed
[2025-09-25 12:38:10] < 2025/09/25 12:38:09.000990772  length=4 from=1405114 to=1405117
[2025-09-25 12:38:10]  00 00 00 00                                      ....
[2025-09-25 12:38:10] --
[2025-09-25 12:38:10] 2025/09/25 12:38:09 socat[67544] N write(6, 0x5f8a4e76c000, 4) completed
[2025-09-25 12:38:10] < 2025/09/25 12:38:09.000990794  length=4 from=1405118 to=1405121
[2025-09-25 12:38:10]  00 00 00 00                                      ....
[2025-09-25 12:38:10] --
[2025-09-25 12:38:10] 2025/09/25 12:38:09 socat[67544] N write(6, 0x5f8a4e76c000, 4) completed
[2025-09-25 12:38:10] < 2025/09/25 12:38:09.000990816  length=4 from=1405122 to=1405125
[2025-09-25 12:38:10]  00 00 00 00                                      ....
[2025-09-25 12:38:10] --
[2025-09-25 12:38:10] 2025/09/25 12:38:09 socat[67544] N write(6, 0x5f8a4e76c000, 4) completed
[2025-09-25 12:38:10] < 2025/09/25 12:38:09.000990837  length=4 from=1405126 to=1405129
[2025-09-25 12:38:10]  00 00 00 00                                      ....
[2025-09-25 12:38:10] --
[2025-09-25 12:38:10] 2025/09/25 12:38:09 socat[67544] N write(6, 0x5f8a4e76c000, 4) completed
[2025-09-25 12:38:10] < 2025/09/25 12:38:09.000990859  length=4 from=1405130 to=1405133
[2025-09-25 12:38:10]  00 00 00 00                                      ....
[2025-09-25 12:38:10] --
[2025-09-25 12:38:10] 2025/09/25 12:38:09 socat[67544] N write(6, 0x5f8a4e76c000, 4) completed
[2025-09-25 12:38:10] < 2025/09/25 12:38:09.000990881  length=4 from=1405134 to=1405137
[2025-09-25 12:38:10]  00 00 00 00                                      ....
[2025-09-25 12:38:10] --
[2025-09-25 12:38:10] 2025/09/25 12:38:09 socat[67544] N write(6, 0x5f8a4e76c000, 4) completed
[2025-09-25 12:38:10] < 2025/09/25 12:38:09.000990903  length=4 from=1405138 to=1405141
[2025-09-25 12:38:10]  00 00 00 df                                      ....
[2025-09-25 12:38:10] --
[2025-09-25 12:38:10] 2025/09/25 12:38:09 socat[67544] N write(6, 0x5f8a4e76c000, 4) completed
[2025-09-25 12:38:10] < 2025/09/25 12:38:09.000990925  length=4 from=1405142 to=1405145
[2025-09-25 12:38:10]  21 00 00 00                                      !...
[2025-09-25 12:38:10] --
[2025-09-25 12:38:10] 2025/09/25 12:38:09 socat[67544] N write(6, 0x5f8a4e76c000, 4) completed
[2025-09-25 12:38:10] < 2025/09/25 12:38:09.000990947  length=4 from=1405146 to=1405149
[2025-09-25 12:38:10]  00 00 00 00                                      ....
[2025-09-25 12:38:10] --
[2025-09-25 12:38:10] 2025/09/25 12:38:09 socat[67544] N write(6, 0x5f8a4e76c000, 4) completed
[2025-09-25 12:38:10] < 2025/09/25 12:38:09.000990975  length=4 from=1405150 to=1405153
[2025-09-25 12:38:10]  00 00 00 00                                      ....
[2025-09-25 12:38:10] --
[2025-09-25 12:38:10] 2025/09/25 12:38:09 socat[67544] N write(6, 0x5f8a4e76c000, 4) completed
[2025-09-25 12:38:10] < 2025/09/25 12:38:09.000990997  length=4 from=1405154 to=1405157
[2025-09-25 12:38:10]  00 00 00 00                                      ....
[2025-09-25 12:38:10] --
[2025-09-25 12:38:10] 2025/09/25 12:38:09 socat[67544] N write(6, 0x5f8a4e76c000, 4) completed
[2025-09-25 12:38:10] < 2025/09/25 12:38:09.000991019  length=4 from=1405158 to=1405161
[2025-09-25 12:38:10]  00 00 00 00                                      ....
[2025-09-25 12:38:10] --
[2025-09-25 12:38:10] 2025/09/25 12:38:09 socat[67544] N write(6, 0x5f8a4e76c000, 4) completed
[2025-09-25 12:38:10] < 2025/09/25 12:38:09.000991041  length=4 from=1405162 to=1405165
[2025-09-25 12:38:10]  00 00 00 00                                      ....
[2025-09-25 12:38:10] --
[2025-09-25 12:38:10] 2025/09/25 12:38:09 socat[67544] N write(6, 0x5f8a4e76c000, 4) completed
[2025-09-25 12:38:10] < 2025/09/25 12:38:09.000991063  length=4 from=1405166 to=1405169
[2025-09-25 12:38:10]  00 00 00 00                                      ....
[2025-09-25 12:38:10] --
[2025-09-25 12:38:10] 2025/09/25 12:38:09 socat[67544] N write(6, 0x5f8a4e76c000, 4) completed
[2025-09-25 12:38:10] < 2025/09/25 12:38:09.000991085  length=4 from=1405170 to=1405173
[2025-09-25 12:38:10]  00 00 00 00                                      ....
[2025-09-25 12:38:10] --
[2025-09-25 12:38:10] 2025/09/25 12:38:09 socat[67544] N write(6, 0x5f8a4e76c000, 4) completed
[2025-09-25 12:38:10] < 2025/09/25 12:38:09.000991107  length=4 from=1405174 to=1405177
[2025-09-25 12:38:10]  00 df 21 00                                      ..!.
[2025-09-25 12:38:10] --
[2025-09-25 12:38:10] 2025/09/25 12:38:09 socat[67544] N write(6, 0x5f8a4e76c000, 4) completed
[2025-09-25 12:38:10] < 2025/09/25 12:38:09.000991129  length=4 from=1405178 to=1405181
[2025-09-25 12:38:10]  00 00 00 00                                      ....
[2025-09-25 12:38:10] --
[2025-09-25 12:38:10] 2025/09/25 12:38:09 socat[67544] N write(6, 0x5f8a4e76c000, 4) completed
[2025-09-25 12:38:10] < 2025/09/25 12:38:09.000991151  length=4 from=1405182 to=1405185
[2025-09-25 12:38:10]  00 00 00 00                                      ....
[2025-09-25 12:38:10] --
[2025-09-25 12:38:10] 2025/09/25 12:38:09 socat[67544] N write(6, 0x5f8a4e76c000, 4) completed
[2025-09-25 12:38:10] < 2025/09/25 12:38:09.000991566  length=4 from=1405186 to=1405189
[2025-09-25 12:38:10]  00 00 00 00                                      ....
[2025-09-25 12:38:10] --
[2025-09-25 12:38:10] 2025/09/25 12:38:09 socat[67544] N write(6, 0x5f8a4e76c000, 4) completed
[2025-09-25 12:38:10] < 2025/09/25 12:38:09.000991592  length=4 from=1405190 to=1405193
[2025-09-25 12:38:10]  00 00 00 00                                      ....
[2025-09-25 12:38:10] --
[2025-09-25 12:38:10] 2025/09/25 12:38:09 socat[67544] N write(6, 0x5f8a4e76c000, 4) completed
[2025-09-25 12:38:10] < 2025/09/25 12:38:09.000991615  length=4 from=1405194 to=1405197
[2025-09-25 12:38:10]  00 00 00 00                                      ....
[2025-09-25 12:38:10] --
[2025-09-25 12:38:10] 2025/09/25 12:38:09 socat[67544] N write(6, 0x5f8a4e76c000, 4) completed
[2025-09-25 12:38:10] < 2025/09/25 12:38:09.000991638  length=4 from=1405198 to=1405201
[2025-09-25 12:38:10]  00 00 00 00                                      ....
[2025-09-25 12:38:10] --
[2025-09-25 12:38:10] 2025/09/25 12:38:09 socat[67544] N write(6, 0x5f8a4e76c000, 4) completed
[2025-09-25 12:38:10] < 2025/09/25 12:38:10.000063065  length=4 from=1405202 to=1405205
[2025-09-25 12:38:10]  00 00 00 00                                      ....
[2025-09-25 12:38:10] --
[2025-09-25 12:38:10] 2025/09/25 12:38:10 socat[67544] N write(6, 0x5f8a4e76c000, 4) completed
[2025-09-25 12:38:10] < 2025/09/25 12:38:10.000063420  length=4 from=1405206 to=1405209
[2025-09-25 12:38:10]  00 00 00 df                                      ....
[2025-09-25 12:38:10] --
[2025-09-25 12:38:10] 2025/09/25 12:38:10 socat[67544] N write(6, 0x5f8a4e76c000, 4) completed
[2025-09-25 12:38:10] < 2025/09/25 12:38:10.000063450  length=4 from=1405210 to=1405213
[2025-09-25 12:38:10]  21 00 00 00                                      !...
[2025-09-25 12:38:10] --
[2025-09-25 12:38:10] 2025/09/25 12:38:10 socat[67544] N write(6, 0x5f8a4e76c000, 4) completed
[2025-09-25 12:38:10] < 2025/09/25 12:38:10.000063472  length=4 from=1405214 to=1405217
[2025-09-25 12:38:10]  00 00 00 00                                      ....
[2025-09-25 12:38:10] --
[2025-09-25 12:38:10] 2025/09/25 12:38:10 socat[67544] N write(6, 0x5f8a4e76c000, 4) completed
[2025-09-25 12:38:10] < 2025/09/25 12:38:10.000063494  length=4 from=1405218 to=1405221
[2025-09-25 12:38:10]  00 00 00 00                                      ....
[2025-09-25 12:38:10] --
[2025-09-25 12:38:10] 2025/09/25 12:38:10 socat[67544] N write(6, 0x5f8a4e76c000, 4) completed
[2025-09-25 12:38:10] < 2025/09/25 12:38:10.000063516  length=4 from=1405222 to=1405225
[2025-09-25 12:38:10]  00 00 00 00                                      ....
[2025-09-25 12:38:10] --
[2025-09-25 12:38:10] 2025/09/25 12:38:10 socat[67544] N write(6, 0x5f8a4e76c000, 4) completed
[2025-09-25 12:38:10] < 2025/09/25 12:38:10.000063538  length=4 from=1405226 to=1405229
[2025-09-25 12:38:10]  00 00 00 00                                      ....
[2025-09-25 12:38:10] --
[2025-09-25 12:38:10] 2025/09/25 12:38:10 socat[67544] N write(6, 0x5f8a4e76c000, 4) completed
[2025-09-25 12:38:10] < 2025/09/25 12:38:10.000063593  length=4 from=1405230 to=1405233
[2025-09-25 12:38:10]  00 00 00 00                                      ....
[2025-09-25 12:38:10] --
[2025-09-25 12:38:10] 2025/09/25 12:38:10 socat[67544] N write(6, 0x5f8a4e76c000, 4) completed
[2025-09-25 12:38:10] < 2025/09/25 12:38:10.000063615  length=4 from=1405234 to=1405237
[2025-09-25 12:38:10]  00 00 00 00                                      ....
[2025-09-25 12:38:10] --
[2025-09-25 12:38:10] 2025/09/25 12:38:10 socat[67544] N write(6, 0x5f8a4e76c000, 4) completed
[2025-09-25 12:38:10] < 2025/09/25 12:38:10.000063637  length=4 from=1405238 to=1405241
[2025-09-25 12:38:10]  00 00 00 00                                      ....
[2025-09-25 12:38:10] --
[2025-09-25 12:38:10] 2025/09/25 12:38:10 socat[67544] N write(6, 0x5f8a4e76c000, 4) completed
[2025-09-25 12:38:10] < 2025/09/25 12:38:10.000063660  length=4 from=1405242 to=1405245
[2025-09-25 12:38:10]  00 df 21 00                                      ..!.
[2025-09-25 12:38:10] --
[2025-09-25 12:38:10] 2025/09/25 12:38:10 socat[67544] N write(6, 0x5f8a4e76c000, 4) completed
[2025-09-25 12:38:10] < 2025/09/25 12:38:10.000063682  length=4 from=1405246 to=1405249
[2025-09-25 12:38:10]  00 00 00 00                                      ....
[2025-09-25 12:38:10] --
[2025-09-25 12:38:10] 2025/09/25 12:38:10 socat[67544] N write(6, 0x5f8a4e76c000, 4) completed
[2025-09-25 12:38:10] < 2025/09/25 12:38:10.000063703  length=4 from=1405250 to=1405253
[2025-09-25 12:38:10]  00 00 00 00                                      ....
[2025-09-25 12:38:10] --
[2025-09-25 12:38:10] 2025/09/25 12:38:10 socat[67544] N write(6, 0x5f8a4e76c000, 4) completed
[2025-09-25 12:38:10] < 2025/09/25 12:38:10.000063725  length=4 from=1405254 to=1405257
[2025-09-25 12:38:10]  00 00 00 00                                      ....
[2025-09-25 12:38:10] --
[2025-09-25 12:38:10] 2025/09/25 12:38:10 socat[67544] N write(6, 0x5f8a4e76c000, 4) completed
[2025-09-25 12:38:10] < 2025/09/25 12:38:10.000063747  length=4 from=1405258 to=1405261
[2025-09-25 12:38:10]  00 00 00 00                                      ....
[2025-09-25 12:38:10] --
[2025-09-25 12:38:10] 2025/09/25 12:38:10 socat[67544] N write(6, 0x5f8a4e76c000, 4) completed
[2025-09-25 12:38:10] < 2025/09/25 12:38:10.000063769  length=4 from=1405262 to=1405265
[2025-09-25 12:38:10]  00 00 00 00                                      ....
[2025-09-25 12:38:10] --
[2025-09-25 12:38:10] 2025/09/25 12:38:10 socat[67544] N write(6, 0x5f8a4e76c000, 4) completed
[2025-09-25 12:38:10] < 2025/09/25 12:38:10.000063791  length=4 from=1405266 to=1405269
[2025-09-25 12:38:10]  00 00 00 00                                      ....
[2025-09-25 12:38:10] --
[2025-09-25 12:38:10] 2025/09/25 12:38:10 socat[67544] N write(6, 0x5f8a4e76c000, 4) completed
[2025-09-25 12:38:10] < 2025/09/25 12:38:10.000063813  length=4 from=1405270 to=1405273
[2025-09-25 12:38:10]  00 00 00 00                                      ....
[2025-09-25 12:38:10] --
[2025-09-25 12:38:10] 2025/09/25 12:38:10 socat[67544] N write(6, 0x5f8a4e76c000, 4) completed
[2025-09-25 12:38:10] < 2025/09/25 12:38:10.000063835  length=4 from=1405274 to=1405277
[2025-09-25 12:38:10]  00 00 00 df                                      ....
[2025-09-25 12:38:10] --
[2025-09-25 12:38:10] 2025/09/25 12:38:10 socat[67544] N write(6, 0x5f8a4e76c000, 4) completed
[2025-09-25 12:38:10] < 2025/09/25 12:38:10.000063857  length=4 from=1405278 to=1405281
[2025-09-25 12:38:10]  21 00 00 00                                      !...
[2025-09-25 12:38:10] --
[2025-09-25 12:38:10] 2025/09/25 12:38:10 socat[67544] N write(6, 0x5f8a4e76c000, 4) completed
[2025-09-25 12:38:10] < 2025/09/25 12:38:10.000063879  length=4 from=1405282 to=1405285
[2025-09-25 12:38:10]  00 00 00 00                                      ....
[2025-09-25 12:38:10] --
[2025-09-25 12:38:10] 2025/09/25 12:38:10 socat[67544] N write(6, 0x5f8a4e76c000, 4) completed
[2025-09-25 12:38:10] < 2025/09/25 12:38:10.000063901  length=4 from=1405286 to=1405289
[2025-09-25 12:38:10]  00 00 00 00                                      ....
[2025-09-25 12:38:10] --
[2025-09-25 12:38:10] 2025/09/25 12:38:10 socat[67544] N write(6, 0x5f8a4e76c000, 4) completed
[2025-09-25 12:38:10] < 2025/09/25 12:38:10.000063924  length=4 from=1405290 to=1405293
[2025-09-25 12:38:10]  00 00 00 00                                      ....
[2025-09-25 12:38:10] --
[2025-09-25 12:38:10] 2025/09/25 12:38:10 socat[67544] N write(6, 0x5f8a4e76c000, 4) completed
[2025-09-25 12:38:10] < 2025/09/25 12:38:10.000063946  length=4 from=1405294 to=1405297
[2025-09-25 12:38:10]  00 00 00 00                                      ....
[2025-09-25 12:38:10] --
[2025-09-25 12:38:10] 2025/09/25 12:38:10 socat[67544] N write(6, 0x5f8a4e76c000, 4) completed
[2025-09-25 12:38:10] < 2025/09/25 12:38:10.000063976  length=4 from=1405298 to=1405301
[2025-09-25 12:38:10]  00 00 00 00                                      ....
[2025-09-25 12:38:10] --
[2025-09-25 12:38:10] 2025/09/25 12:38:10 socat[67544] N write(6, 0x5f8a4e76c000, 4) completed
[2025-09-25 12:38:10] < 2025/09/25 12:38:10.000063998  length=4 from=1405302 to=1405305
[2025-09-25 12:38:10]  00 00 00 00                                      ....
[2025-09-25 12:38:10] --
[2025-09-25 12:38:10] 2025/09/25 12:38:10 socat[67544] N write(6, 0x5f8a4e76c000, 4) completed
[2025-09-25 12:38:10] < 2025/09/25 12:38:10.000064020  length=4 from=1405306 to=1405309
[2025-09-25 12:38:10]  00 00 00 00                                      ....
[2025-09-25 12:38:10] --
[2025-09-25 12:38:10] 2025/09/25 12:38:10 socat[67544] N write(6, 0x5f8a4e76c000, 4) completed
[2025-09-25 12:38:10] < 2025/09/25 12:38:10.000064042  length=4 from=1405310 to=1405313
[2025-09-25 12:38:10]  00 df 21 00                                      ..!.
[2025-09-25 12:38:10] --
[2025-09-25 12:38:10] 2025/09/25 12:38:10 socat[67544] N write(6, 0x5f8a4e76c000, 4) completed
[2025-09-25 12:38:10] < 2025/09/25 12:38:10.000064064  length=4 from=1405314 to=1405317
[2025-09-25 12:38:10]  00 00 00 00                                      ....
[2025-09-25 12:38:10] --
[2025-09-25 12:38:10] 2025/09/25 12:38:10 socat[67544] N write(6, 0x5f8a4e76c000, 4) completed
[2025-09-25 12:38:10] < 2025/09/25 12:38:10.000064086  length=4 from=1405318 to=1405321
[2025-09-25 12:38:10]  00 00 00 00                                      ....
[2025-09-25 12:38:10] --
[2025-09-25 12:38:10] 2025/09/25 12:38:10 socat[67544] N write(6, 0x5f8a4e76c000, 4) completed
[2025-09-25 12:38:10] < 2025/09/25 12:38:10.000064108  length=4 from=1405322 to=1405325
[2025-09-25 12:38:10]  00 00 00 00                                      ....
[2025-09-25 12:38:10] --
[2025-09-25 12:38:10] 2025/09/25 12:38:10 socat[67544] N write(6, 0x5f8a4e76c000, 4) completed
[2025-09-25 12:38:10] < 2025/09/25 12:38:10.000064130  length=4 from=1405326 to=1405329
[2025-09-25 12:38:10]  00 00 00 00                                      ....
[2025-09-25 12:38:10] --
[2025-09-25 12:38:10] 2025/09/25 12:38:10 socat[67544] N write(6, 0x5f8a4e76c000, 4) completed
[2025-09-25 12:38:10] < 2025/09/25 12:38:10.000064152  length=4 from=1405330 to=1405333
[2025-09-25 12:38:10]  00 00 00 00                                      ....
[2025-09-25 12:38:10] --
[2025-09-25 12:38:10] 2025/09/25 12:38:10 socat[67544] N write(6, 0x5f8a4e76c000, 4) completed
[2025-09-25 12:38:10] < 2025/09/25 12:38:10.000064173  length=4 from=1405334 to=1405337
[2025-09-25 12:38:10]  00 00 00 00                                      ....
[2025-09-25 12:38:10] --
[2025-09-25 12:38:10] 2025/09/25 12:38:10 socat[67544] N write(6, 0x5f8a4e76c000, 4) completed
[2025-09-25 12:38:10] < 2025/09/25 12:38:10.000064195  length=4 from=1405338 to=1405341
[2025-09-25 12:38:10]  00 00 00 00                                      ....
[2025-09-25 12:38:10] --
[2025-09-25 12:38:10] 2025/09/25 12:38:10 socat[67544] N write(6, 0x5f8a4e76c000, 4) completed
[2025-09-25 12:38:10] < 2025/09/25 12:38:10.000064217  length=4 from=1405342 to=1405345
[2025-09-25 12:38:10]  00 00 00 df                                      ....
[2025-09-25 12:38:10] --
[2025-09-25 12:38:10] 2025/09/25 12:38:10 socat[67544] N write(6, 0x5f8a4e76c000, 4) completed
[2025-09-25 12:38:10] < 2025/09/25 12:38:10.000064239  length=4 from=1405346 to=1405349
[2025-09-25 12:38:10]  21 00 00 00                                      !...
[2025-09-25 12:38:10] --
[2025-09-25 12:38:10] 2025/09/25 12:38:10 socat[67544] N write(6, 0x5f8a4e76c000, 4) completed
[2025-09-25 12:38:10] < 2025/09/25 12:38:10.000064261  length=4 from=1405350 to=1405353
[2025-09-25 12:38:10]  00 00 00 00                                      ....
[2025-09-25 12:38:10] --
[2025-09-25 12:38:10] 2025/09/25 12:38:10 socat[67544] N write(6, 0x5f8a4e76c000, 4) completed
[2025-09-25 12:38:10] < 2025/09/25 12:38:10.000064283  length=4 from=1405354 to=1405357
[2025-09-25 12:38:10]  00 00 00 00                                      ....
[2025-09-25 12:38:10] --
[2025-09-25 12:38:10] 2025/09/25 12:38:10 socat[67544] N write(6, 0x5f8a4e76c000, 4) completed
[2025-09-25 12:38:10] < 2025/09/25 12:38:10.000064305  length=4 from=1405358 to=1405361
[2025-09-25 12:38:10]  00 00 00 00                                      ....
[2025-09-25 12:38:10] --
[2025-09-25 12:38:10] 2025/09/25 12:38:10 socat[67544] N write(6, 0x5f8a4e76c000, 4) completed
[2025-09-25 12:38:10] < 2025/09/25 12:38:10.000064327  length=4 from=1405362 to=1405365
[2025-09-25 12:38:10]  00 00 00 00                                      ....
[2025-09-25 12:38:10] --
[2025-09-25 12:38:10] 2025/09/25 12:38:10 socat[67544] N write(6, 0x5f8a4e76c000, 4) completed
[2025-09-25 12:38:10] < 2025/09/25 12:38:10.000064349  length=4 from=1405366 to=1405369
[2025-09-25 12:38:10]  00 00 00 00                                      ....
[2025-09-25 12:38:10] --
[2025-09-25 12:38:10] 2025/09/25 12:38:10 socat[67544] N write(6, 0x5f8a4e76c000, 4) completed
[2025-09-25 12:38:10] < 2025/09/25 12:38:10.000064371  length=4 from=1405370 to=1405373
[2025-09-25 12:38:10]  00 00 00 00                                      ....
[2025-09-25 12:38:10] --
[2025-09-25 12:38:10] 2025/09/25 12:38:10 socat[67544] N write(6, 0x5f8a4e76c000, 4) completed
[2025-09-25 12:38:10] < 2025/09/25 12:38:10.000064393  length=4 from=1405374 to=1405377
[2025-09-25 12:38:10]  00 00 00 00                                      ....
[2025-09-25 12:38:10] --
[2025-09-25 12:38:10] 2025/09/25 12:38:10 socat[67544] N write(6, 0x5f8a4e76c000, 4) completed
[2025-09-25 12:38:10] < 2025/09/25 12:38:10.000064415  length=4 from=1405378 to=1405381
[2025-09-25 12:38:10]  00 df 21 00                                      ..!.
[2025-09-25 12:38:10] --
[2025-09-25 12:38:10] 2025/09/25 12:38:10 socat[67544] N write(6, 0x5f8a4e76c000, 4) completed
[2025-09-25 12:38:10] < 2025/09/25 12:38:10.000064437  length=4 from=1405382 to=1405385
[2025-09-25 12:38:10]  00 00 00 00                                      ....
[2025-09-25 12:38:10] --
[2025-09-25 12:38:10] 2025/09/25 12:38:10 socat[67544] N write(6, 0x5f8a4e76c000, 4) completed
[2025-09-25 12:38:10] < 2025/09/25 12:38:10.000064459  length=4 from=1405386 to=1405389
[2025-09-25 12:38:10]  00 00 00 00                                      ....
[2025-09-25 12:38:10] --
[2025-09-25 12:38:10] 2025/09/25 12:38:10 socat[67544] N write(6, 0x5f8a4e76c000, 4) completed
[2025-09-25 12:38:10] < 2025/09/25 12:38:10.000064480  length=4 from=1405390 to=1405393
[2025-09-25 12:38:10]  00 00 00 00                                      ....
[2025-09-25 12:38:10] --
[2025-09-25 12:38:10] 2025/09/25 12:38:10 socat[67544] N write(6, 0x5f8a4e76c000, 4) completed
[2025-09-25 12:38:10] < 2025/09/25 12:38:10.000064502  length=4 from=1405394 to=1405397
[2025-09-25 12:38:10]  00 00 00 00                                      ....
[2025-09-25 12:38:10] --
[2025-09-25 12:38:10] 2025/09/25 12:38:10 socat[67544] N write(6, 0x5f8a4e76c000, 4) completed
[2025-09-25 12:38:10] < 2025/09/25 12:38:10.000064524  length=4 from=1405398 to=1405401
[2025-09-25 12:38:10]  00 00 00 00                                      ....
[2025-09-25 12:38:10] --
[2025-09-25 12:38:10] 2025/09/25 12:38:10 socat[67544] N write(6, 0x5f8a4e76c000, 4) completed
[2025-09-25 12:38:10] < 2025/09/25 12:38:10.000064546  length=4 from=1405402 to=1405405
[2025-09-25 12:38:10]  00 00 00 00                                      ....
[2025-09-25 12:38:10] --
[2025-09-25 12:38:10] 2025/09/25 12:38:10 socat[67544] N write(6, 0x5f8a4e76c000, 4) completed
[2025-09-25 12:38:10] < 2025/09/25 12:38:10.000064568  length=4 from=1405406 to=1405409
[2025-09-25 12:38:10]  00 00 00 00                                      ....
[2025-09-25 12:38:10] --
[2025-09-25 12:38:10] 2025/09/25 12:38:10 socat[67544] N write(6, 0x5f8a4e76c000, 4) completed
[2025-09-25 12:38:10] < 2025/09/25 12:38:10.000064590  length=4 from=1405410 to=1405413
[2025-09-25 12:38:10]  00 00 00 df                                      ....
[2025-09-25 12:38:10] --
[2025-09-25 12:38:10] 2025/09/25 12:38:10 socat[67544] N write(6, 0x5f8a4e76c000, 4) completed
[2025-09-25 12:38:10] < 2025/09/25 12:38:10.000064612  length=4 from=1405414 to=1405417
[2025-09-25 12:38:10]  21 00 00 00                                      !...
[2025-09-25 12:38:10] --
[2025-09-25 12:38:10] 2025/09/25 12:38:10 socat[67544] N write(6, 0x5f8a4e76c000, 4) completed
[2025-09-25 12:38:10] < 2025/09/25 12:38:10.000064634  length=4 from=1405418 to=1405421
[2025-09-25 12:38:10]  00 00 00 00                                      ....
[2025-09-25 12:38:10] --
[2025-09-25 12:38:10] 2025/09/25 12:38:10 socat[67544] N write(6, 0x5f8a4e76c000, 4) completed
[2025-09-25 12:38:10] < 2025/09/25 12:38:10.000064656  length=4 from=1405422 to=1405425
[2025-09-25 12:38:10]  00 00 00 00                                      ....
[2025-09-25 12:38:10] --
[2025-09-25 12:38:10] 2025/09/25 12:38:10 socat[67544] N write(6, 0x5f8a4e76c000, 4) completed
[2025-09-25 12:38:10] < 2025/09/25 12:38:10.000064677  length=4 from=1405426 to=1405429
[2025-09-25 12:38:10]  00 00 00 00                                      ....
[2025-09-25 12:38:10] --
[2025-09-25 12:38:10] 2025/09/25 12:38:10 socat[67544] N write(6, 0x5f8a4e76c000, 4) completed
[2025-09-25 12:38:10] < 2025/09/25 12:38:10.000064699  length=4 from=1405430 to=1405433
[2025-09-25 12:38:10]  00 00 00 00                                      ....
[2025-09-25 12:38:10] --
[2025-09-25 12:38:10] 2025/09/25 12:38:10 socat[67544] N write(6, 0x5f8a4e76c000, 4) completed
[2025-09-25 12:38:10] < 2025/09/25 12:38:10.000064721  length=4 from=1405434 to=1405437
[2025-09-25 12:38:10]  00 00 00 00                                      ....
[2025-09-25 12:38:10] --
[2025-09-25 12:38:10] 2025/09/25 12:38:10 socat[67544] N write(6, 0x5f8a4e76c000, 4) completed
[2025-09-25 12:38:10] < 2025/09/25 12:38:10.000064743  length=4 from=1405438 to=1405441
[2025-09-25 12:38:10]  00 00 00 00                                      ....
[2025-09-25 12:38:10] --
[2025-09-25 12:38:10] 2025/09/25 12:38:10 socat[67544] N write(6, 0x5f8a4e76c000, 4) completed
[2025-09-25 12:38:10] < 2025/09/25 12:38:10.000064765  length=4 from=1405442 to=1405445
[2025-09-25 12:38:10]  00 00 00 00                                      ....
[2025-09-25 12:38:10] --
[2025-09-25 12:38:10] 2025/09/25 12:38:10 socat[67544] N write(6, 0x5f8a4e76c000, 4) completed
[2025-09-25 12:38:10] < 2025/09/25 12:38:10.000064787  length=4 from=1405446 to=1405449
[2025-09-25 12:38:10]  00 df 21 00                                      ..!.
[2025-09-25 12:38:10] --
[2025-09-25 12:38:10] 2025/09/25 12:38:10 socat[67544] N write(6, 0x5f8a4e76c000, 4) completed
[2025-09-25 12:38:10] < 2025/09/25 12:38:10.000064809  length=4 from=1405450 to=1405453
[2025-09-25 12:38:10]  00 00 00 00                                      ....
[2025-09-25 12:38:10] --
[2025-09-25 12:38:10] 2025/09/25 12:38:10 socat[67544] N write(6, 0x5f8a4e76c000, 4) completed
[2025-09-25 12:38:10] < 2025/09/25 12:38:10.000064832  length=4 from=1405454 to=1405457
[2025-09-25 12:38:10]  00 00 00 00                                      ....
[2025-09-25 12:38:10] --
[2025-09-25 12:38:10] 2025/09/25 12:38:10 socat[67544] N write(6, 0x5f8a4e76c000, 4) completed
[2025-09-25 12:38:10] < 2025/09/25 12:38:10.000135976  length=4 from=1405458 to=1405461
[2025-09-25 12:38:10]  00 00 00 00                                      ....
[2025-09-25 12:38:10] --
[2025-09-25 12:38:10] 2025/09/25 12:38:10 socat[67544] N write(6, 0x5f8a4e76c000, 4) completed
[2025-09-25 12:38:10] < 2025/09/25 12:38:10.000136065  length=4 from=1405462 to=1405465
[2025-09-25 12:38:10]  00 00 00 00                                      ....
[2025-09-25 12:38:10] --
[2025-09-25 12:38:10] 2025/09/25 12:38:10 socat[67544] N write(6, 0x5f8a4e76c000, 4) completed
[2025-09-25 12:38:10] < 2025/09/25 12:38:10.000136088  length=4 from=1405466 to=1405469
[2025-09-25 12:38:10]  00 00 00 00                                      ....
[2025-09-25 12:38:10] --
[2025-09-25 12:38:10] 2025/09/25 12:38:10 socat[67544] N write(6, 0x5f8a4e76c000, 4) completed
[2025-09-25 12:38:10] < 2025/09/25 12:38:10.000136109  length=4 from=1405470 to=1405473
[2025-09-25 12:38:10]  00 00 00 00                                      ....
[2025-09-25 12:38:10] --
[2025-09-25 12:38:10] 2025/09/25 12:38:10 socat[67544] N write(6, 0x5f8a4e76c000, 4) completed
[2025-09-25 12:38:10] < 2025/09/25 12:38:10.000136130  length=4 from=1405474 to=1405477
[2025-09-25 12:38:10]  00 00 00 00                                      ....
[2025-09-25 12:38:10] --
[2025-09-25 12:38:10] 2025/09/25 12:38:10 socat[67544] N write(6, 0x5f8a4e76c000, 4) completed
[2025-09-25 12:38:10] < 2025/09/25 12:38:10.000136152  length=4 from=1405478 to=1405481
[2025-09-25 12:38:10]  00 00 00 df                                      ....
[2025-09-25 12:38:10] --
[2025-09-25 12:38:10] 2025/09/25 12:38:10 socat[67544] N write(6, 0x5f8a4e76c000, 4) completed
[2025-09-25 12:38:10] < 2025/09/25 12:38:10.000136173  length=4 from=1405482 to=1405485
[2025-09-25 12:38:10]  21 00 00 00                                      !...
[2025-09-25 12:38:10] --
[2025-09-25 12:38:10] 2025/09/25 12:38:10 socat[67544] N write(6, 0x5f8a4e76c000, 4) completed
[2025-09-25 12:38:10] < 2025/09/25 12:38:10.000136194  length=4 from=1405486 to=1405489
[2025-09-25 12:38:10]  00 00 00 00                                      ....
[2025-09-25 12:38:10] --
[2025-09-25 12:38:10] 2025/09/25 12:38:10 socat[67544] N write(6, 0x5f8a4e76c000, 4) completed
[2025-09-25 12:38:10] < 2025/09/25 12:38:10.000136215  length=4 from=1405490 to=1405493
[2025-09-25 12:38:10]  00 00 00 00                                      ....
[2025-09-25 12:38:10] --
[2025-09-25 12:38:10] 2025/09/25 12:38:10 socat[67544] N write(6, 0x5f8a4e76c000, 4) completed
[2025-09-25 12:38:10] < 2025/09/25 12:38:10.000136235  length=4 from=1405494 to=1405497
[2025-09-25 12:38:10]  00 00 00 00                                      ....
[2025-09-25 12:38:10] --
[2025-09-25 12:38:10] 2025/09/25 12:38:10 socat[67544] N write(6, 0x5f8a4e76c000, 4) completed
[2025-09-25 12:38:10] < 2025/09/25 12:38:10.000136256  length=4 from=1405498 to=1405501
[2025-09-25 12:38:10]  00 00 00 00                                      ....
[2025-09-25 12:38:10] --
[2025-09-25 12:38:10] 2025/09/25 12:38:10 socat[67544] N write(6, 0x5f8a4e76c000, 4) completed
[2025-09-25 12:38:10] < 2025/09/25 12:38:10.000136277  length=4 from=1405502 to=1405505
[2025-09-25 12:38:10]  00 00 00 00                                      ....
[2025-09-25 12:38:10] --
[2025-09-25 12:38:10] 2025/09/25 12:38:10 socat[67544] N write(6, 0x5f8a4e76c000, 4) completed
[2025-09-25 12:38:10] < 2025/09/25 12:38:10.000136298  length=4 from=1405506 to=1405509
[2025-09-25 12:38:10]  00 00 00 00                                      ....
[2025-09-25 12:38:10] --
[2025-09-25 12:38:10] 2025/09/25 12:38:10 socat[67544] N write(6, 0x5f8a4e76c000, 4) completed
[2025-09-25 12:38:10] < 2025/09/25 12:38:10.000136319  length=4 from=1405510 to=1405513
[2025-09-25 12:38:10]  00 00 00 00                                      ....
[2025-09-25 12:38:10] --
[2025-09-25 12:38:10] 2025/09/25 12:38:10 socat[67544] N write(6, 0x5f8a4e76c000, 4) completed
[2025-09-25 12:38:10] < 2025/09/25 12:38:10.000136340  length=4 from=1405514 to=1405517
[2025-09-25 12:38:10]  00 df 21 00                                      ..!.
[2025-09-25 12:38:10] --
[2025-09-25 12:38:10] 2025/09/25 12:38:10 socat[67544] N write(6, 0x5f8a4e76c000, 4) completed
[2025-09-25 12:38:10] < 2025/09/25 12:38:10.000136361  length=4 from=1405518 to=1405521
[2025-09-25 12:38:10]  00 00 00 00                                      ....
[2025-09-25 12:38:10] --
[2025-09-25 12:38:10] 2025/09/25 12:38:10 socat[67544] N write(6, 0x5f8a4e76c000, 4) completed
[2025-09-25 12:38:10] < 2025/09/25 12:38:10.000136382  length=4 from=1405522 to=1405525
[2025-09-25 12:38:10]  00 00 00 00                                      ....
[2025-09-25 12:38:10] --
[2025-09-25 12:38:10] 2025/09/25 12:38:10 socat[67544] N write(6, 0x5f8a4e76c000, 4) completed
[2025-09-25 12:38:10] < 2025/09/25 12:38:10.000136403  length=4 from=1405526 to=1405529
[2025-09-25 12:38:10]  00 00 00 00                                      ....
[2025-09-25 12:38:10] --
[2025-09-25 12:38:10] 2025/09/25 12:38:10 socat[67544] N write(6, 0x5f8a4e76c000, 4) completed
[2025-09-25 12:38:10] < 2025/09/25 12:38:10.000136424  length=4 from=1405530 to=1405533
[2025-09-25 12:38:10]  00 00 00 00                                      ....
[2025-09-25 12:38:10] --
[2025-09-25 12:38:10] 2025/09/25 12:38:10 socat[67544] N write(6, 0x5f8a4e76c000, 4) completed
[2025-09-25 12:38:10] < 2025/09/25 12:38:10.000136445  length=4 from=1405534 to=1405537
[2025-09-25 12:38:10]  00 00 00 00                                      ....
[2025-09-25 12:38:10] --
[2025-09-25 12:38:10] 2025/09/25 12:38:10 socat[67544] N write(6, 0x5f8a4e76c000, 4) completed
[2025-09-25 12:38:10] < 2025/09/25 12:38:10.000136466  length=4 from=1405538 to=1405541
[2025-09-25 12:38:10]  00 00 00 00                                      ....
[2025-09-25 12:38:10] --
[2025-09-25 12:38:10] 2025/09/25 12:38:10 socat[67544] N write(6, 0x5f8a4e76c000, 4) completed
[2025-09-25 12:38:10] < 2025/09/25 12:38:10.000136489  length=4 from=1405542 to=1405545
[2025-09-25 12:38:10]  00 00 00 00                                      ....
[2025-09-25 12:38:10] --
[2025-09-25 12:38:10] 2025/09/25 12:38:10 socat[67544] N write(6, 0x5f8a4e76c000, 4) completed
[2025-09-25 12:38:10] < 2025/09/25 12:38:10.000136510  length=4 from=1405546 to=1405549
[2025-09-25 12:38:10]  00 00 00 df                                      ....
[2025-09-25 12:38:10] --
[2025-09-25 12:38:10] 2025/09/25 12:38:10 socat[67544] N write(6, 0x5f8a4e76c000, 4) completed
[2025-09-25 12:38:10] < 2025/09/25 12:38:10.000136531  length=4 from=1405550 to=1405553
[2025-09-25 12:38:10]  21 00 00 00                                      !...
[2025-09-25 12:38:10] --
[2025-09-25 12:38:10] 2025/09/25 12:38:10 socat[67544] N write(6, 0x5f8a4e76c000, 4) completed
[2025-09-25 12:38:10] < 2025/09/25 12:38:10.000136552  length=4 from=1405554 to=1405557
[2025-09-25 12:38:10]  00 00 00 00                                      ....
[2025-09-25 12:38:10] --
[2025-09-25 12:38:10] 2025/09/25 12:38:10 socat[67544] N write(6, 0x5f8a4e76c000, 4) completed
[2025-09-25 12:38:10] < 2025/09/25 12:38:10.000136573  length=4 from=1405558 to=1405561
[2025-09-25 12:38:10]  00 00 00 00                                      ....
[2025-09-25 12:38:10] --
[2025-09-25 12:38:10] 2025/09/25 12:38:10 socat[67544] N write(6, 0x5f8a4e76c000, 4) completed
[2025-09-25 12:38:10] < 2025/09/25 12:38:10.000136594  length=4 from=1405562 to=1405565
[2025-09-25 12:38:10]  00 00 00 00                                      ....
[2025-09-25 12:38:10] --
[2025-09-25 12:38:10] 2025/09/25 12:38:10 socat[67544] N write(6, 0x5f8a4e76c000, 4) completed
[2025-09-25 12:38:10] < 2025/09/25 12:38:10.000136615  length=4 from=1405566 to=1405569
[2025-09-25 12:38:10]  00 00 00 00                                      ....
[2025-09-25 12:38:10] --
[2025-09-25 12:38:10] 2025/09/25 12:38:10 socat[67544] N write(6, 0x5f8a4e76c000, 4) completed
[2025-09-25 12:38:10] < 2025/09/25 12:38:10.000136636  length=4 from=1405570 to=1405573
[2025-09-25 12:38:10]  00 00 00 00                                      ....
[2025-09-25 12:38:10] --
[2025-09-25 12:38:10] 2025/09/25 12:38:10 socat[67544] N write(6, 0x5f8a4e76c000, 4) completed
[2025-09-25 12:38:10] < 2025/09/25 12:38:10.000136657  length=4 from=1405574 to=1405577
[2025-09-25 12:38:10]  00 00 00 00                                      ....
[2025-09-25 12:38:10] --
[2025-09-25 12:38:10] 2025/09/25 12:38:10 socat[67544] N write(6, 0x5f8a4e76c000, 4) completed
[2025-09-25 12:38:10] < 2025/09/25 12:38:10.000136678  length=4 from=1405578 to=1405581
[2025-09-25 12:38:10]  00 00 00 00                                      ....
[2025-09-25 12:38:10] --
[2025-09-25 12:38:10] 2025/09/25 12:38:10 socat[67544] N write(6, 0x5f8a4e76c000, 4) completed
[2025-09-25 12:38:10] < 2025/09/25 12:38:10.000136699  length=4 from=1405582 to=1405585
[2025-09-25 12:38:10]  00 df 21 00                                      ..!.
[2025-09-25 12:38:10] --
[2025-09-25 12:38:10] 2025/09/25 12:38:10 socat[67544] N write(6, 0x5f8a4e76c000, 4) completed
[2025-09-25 12:38:10] < 2025/09/25 12:38:10.000136720  length=4 from=1405586 to=1405589
[2025-09-25 12:38:10]  00 00 00 00                                      ....
[2025-09-25 12:38:10] --
[2025-09-25 12:38:10] 2025/09/25 12:38:10 socat[67544] N write(6, 0x5f8a4e76c000, 4) completed
[2025-09-25 12:38:10] < 2025/09/25 12:38:10.000136741  length=4 from=1405590 to=1405593
[2025-09-25 12:38:10]  00 00 00 00                                      ....
[2025-09-25 12:38:10] --
[2025-09-25 12:38:10] 2025/09/25 12:38:10 socat[67544] N write(6, 0x5f8a4e76c000, 4) completed
[2025-09-25 12:38:10] < 2025/09/25 12:38:10.000136761  length=4 from=1405594 to=1405597
[2025-09-25 12:38:10]  00 00 00 00                                      ....
[2025-09-25 12:38:10] --
[2025-09-25 12:38:10] 2025/09/25 12:38:10 socat[67544] N write(6, 0x5f8a4e76c000, 4) completed
[2025-09-25 12:38:10] < 2025/09/25 12:38:10.000136782  length=4 from=1405598 to=1405601
[2025-09-25 12:38:10]  00 00 00 00                                      ....
[2025-09-25 12:38:10] --
[2025-09-25 12:38:10] 2025/09/25 12:38:10 socat[67544] N write(6, 0x5f8a4e76c000, 4) completed
[2025-09-25 12:38:10] < 2025/09/25 12:38:10.000136803  length=4 from=1405602 to=1405605
[2025-09-25 12:38:10]  00 00 00 00                                      ....
[2025-09-25 12:38:10] --
[2025-09-25 12:38:10] 2025/09/25 12:38:10 socat[67544] N write(6, 0x5f8a4e76c000, 4) completed
[2025-09-25 12:38:10] < 2025/09/25 12:38:10.000136824  length=4 from=1405606 to=1405609
[2025-09-25 12:38:10]  00 00 00 00                                      ....
[2025-09-25 12:38:10] --
[2025-09-25 12:38:10] 2025/09/25 12:38:10 socat[67544] N write(6, 0x5f8a4e76c000, 4) completed
[2025-09-25 12:38:10] < 2025/09/25 12:38:10.000136845  length=4 from=1405610 to=1405613
[2025-09-25 12:38:10]  00 00 00 00                                      ....
[2025-09-25 12:38:10] --
[2025-09-25 12:38:10] 2025/09/25 12:38:10 socat[67544] N write(6, 0x5f8a4e76c000, 4) completed
[2025-09-25 12:38:10] < 2025/09/25 12:38:10.000136866  length=4 from=1405614 to=1405617
[2025-09-25 12:38:10]  00 00 00 df                                      ....
[2025-09-25 12:38:10] --
[2025-09-25 12:38:10] 2025/09/25 12:38:10 socat[67544] N write(6, 0x5f8a4e76c000, 4) completed
[2025-09-25 12:38:10] < 2025/09/25 12:38:10.000136887  length=4 from=1405618 to=1405621
[2025-09-25 12:38:10]  21 00 00 00                                      !...
[2025-09-25 12:38:10] --
[2025-09-25 12:38:10] 2025/09/25 12:38:10 socat[67544] N write(6, 0x5f8a4e76c000, 4) completed
[2025-09-25 12:38:10] < 2025/09/25 12:38:10.000136908  length=4 from=1405622 to=1405625
[2025-09-25 12:38:10]  00 00 00 00                                      ....
[2025-09-25 12:38:10] --
[2025-09-25 12:38:10] 2025/09/25 12:38:10 socat[67544] N write(6, 0x5f8a4e76c000, 4) completed
[2025-09-25 12:38:10] < 2025/09/25 12:38:10.000136934  length=4 from=1405626 to=1405629
[2025-09-25 12:38:10]  00 00 00 00                                      ....
[2025-09-25 12:38:10] --
[2025-09-25 12:38:10] 2025/09/25 12:38:10 socat[67544] N write(6, 0x5f8a4e76c000, 4) completed
[2025-09-25 12:38:10] < 2025/09/25 12:38:10.000136970  length=4 from=1405630 to=1405633
[2025-09-25 12:38:10]  00 00 00 00                                      ....
[2025-09-25 12:38:10] --
[2025-09-25 12:38:10] 2025/09/25 12:38:10 socat[67544] N write(6, 0x5f8a4e76c000, 4) completed
[2025-09-25 12:38:10] < 2025/09/25 12:38:10.000136992  length=4 from=1405634 to=1405637
[2025-09-25 12:38:10]  00 00 00 00                                      ....
[2025-09-25 12:38:10] --
[2025-09-25 12:38:10] 2025/09/25 12:38:10 socat[67544] N write(6, 0x5f8a4e76c000, 4) completed
[2025-09-25 12:38:10] < 2025/09/25 12:38:10.000137013  length=4 from=1405638 to=1405641
[2025-09-25 12:38:10]  00 00 00 00                                      ....
[2025-09-25 12:38:10] --
[2025-09-25 12:38:10] 2025/09/25 12:38:10 socat[67544] N write(6, 0x5f8a4e76c000, 4) completed
[2025-09-25 12:38:10] < 2025/09/25 12:38:10.000137034  length=4 from=1405642 to=1405645
[2025-09-25 12:38:10]  00 00 00 00                                      ....
[2025-09-25 12:38:10] --
[2025-09-25 12:38:10] 2025/09/25 12:38:10 socat[67544] N write(6, 0x5f8a4e76c000, 4) completed
[2025-09-25 12:38:10] < 2025/09/25 12:38:10.000137055  length=4 from=1405646 to=1405649
[2025-09-25 12:38:10]  00 00 00 00                                      ....
[2025-09-25 12:38:10] --
[2025-09-25 12:38:10] 2025/09/25 12:38:10 socat[67544] N write(6, 0x5f8a4e76c000, 4) completed
[2025-09-25 12:38:10] < 2025/09/25 12:38:10.000137076  length=4 from=1405650 to=1405653
[2025-09-25 12:38:10]  00 df 21 00                                      ..!.
[2025-09-25 12:38:10] --
[2025-09-25 12:38:10] 2025/09/25 12:38:10 socat[67544] N write(6, 0x5f8a4e76c000, 4) completed
[2025-09-25 12:38:10] < 2025/09/25 12:38:10.000138904  length=4 from=1405654 to=1405657
[2025-09-25 12:38:10]  00 00 00 00                                      ....
[2025-09-25 12:38:10] --
[2025-09-25 12:38:10] 2025/09/25 12:38:10 socat[67544] N write(6, 0x5f8a4e76c000, 4) completed
[2025-09-25 12:38:10] < 2025/09/25 12:38:10.000138930  length=4 from=1405658 to=1405661
[2025-09-25 12:38:10]  00 00 00 00                                      ....
[2025-09-25 12:38:10] --
[2025-09-25 12:38:10] 2025/09/25 12:38:10 socat[67544] N write(6, 0x5f8a4e76c000, 4) completed
[2025-09-25 12:38:10] < 2025/09/25 12:38:10.000138951  length=4 from=1405662 to=1405665
[2025-09-25 12:38:10]  00 00 00 00                                      ....
[2025-09-25 12:38:10] --
[2025-09-25 12:38:10] 2025/09/25 12:38:10 socat[67544] N write(6, 0x5f8a4e76c000, 4) completed
[2025-09-25 12:38:10] < 2025/09/25 12:38:10.000138978  length=4 from=1405666 to=1405669
[2025-09-25 12:38:10]  00 00 00 00                                      ....
[2025-09-25 12:38:10] --
[2025-09-25 12:38:10] 2025/09/25 12:38:10 socat[67544] N write(6, 0x5f8a4e76c000, 4) completed
[2025-09-25 12:38:10] < 2025/09/25 12:38:10.000138999  length=4 from=1405670 to=1405673
[2025-09-25 12:38:10]  00 00 00 00                                      ....
[2025-09-25 12:38:10] --
[2025-09-25 12:38:10] 2025/09/25 12:38:10 socat[67544] N write(6, 0x5f8a4e76c000, 4) completed
[2025-09-25 12:38:10] < 2025/09/25 12:38:10.000139020  length=4 from=1405674 to=1405677
[2025-09-25 12:38:10]  00 00 00 00                                      ....
[2025-09-25 12:38:10] --
[2025-09-25 12:38:10] 2025/09/25 12:38:10 socat[67544] N write(6, 0x5f8a4e76c000, 4) completed
[2025-09-25 12:38:10] < 2025/09/25 12:38:10.000139041  length=4 from=1405678 to=1405681
[2025-09-25 12:38:10]  00 00 00 00                                      ....
[2025-09-25 12:38:10] --
[2025-09-25 12:38:10] 2025/09/25 12:38:10 socat[67544] N write(6, 0x5f8a4e76c000, 4) completed
[2025-09-25 12:38:10] < 2025/09/25 12:38:10.000139062  length=4 from=1405682 to=1405685
[2025-09-25 12:38:10]  00 00 00 df                                      ....
[2025-09-25 12:38:10] --
[2025-09-25 12:38:10] 2025/09/25 12:38:10 socat[67544] N write(6, 0x5f8a4e76c000, 4) completed
[2025-09-25 12:38:10] < 2025/09/25 12:38:10.000139083  length=4 from=1405686 to=1405689
[2025-09-25 12:38:10]  21 00 00 00                                      !...
[2025-09-25 12:38:10] --
[2025-09-25 12:38:10] 2025/09/25 12:38:10 socat[67544] N write(6, 0x5f8a4e76c000, 4) completed
[2025-09-25 12:38:10] < 2025/09/25 12:38:10.000139104  length=4 from=1405690 to=1405693
[2025-09-25 12:38:10]  00 00 00 00                                      ....
[2025-09-25 12:38:10] --
[2025-09-25 12:38:10] 2025/09/25 12:38:10 socat[67544] N write(6, 0x5f8a4e76c000, 4) completed
[2025-09-25 12:38:10] < 2025/09/25 12:38:10.000139125  length=4 from=1405694 to=1405697
[2025-09-25 12:38:10]  00 00 00 00                                      ....
[2025-09-25 12:38:10] --
[2025-09-25 12:38:10] 2025/09/25 12:38:10 socat[67544] N write(6, 0x5f8a4e76c000, 4) completed
[2025-09-25 12:38:10] < 2025/09/25 12:38:10.000139154  length=4 from=1405698 to=1405701
[2025-09-25 12:38:10]  00 00 00 00                                      ....
[2025-09-25 12:38:10] --
[2025-09-25 12:38:10] 2025/09/25 12:38:10 socat[67544] N write(6, 0x5f8a4e76c000, 4) completed
[2025-09-25 12:38:10] < 2025/09/25 12:38:10.000139181  length=4 from=1405702 to=1405705
[2025-09-25 12:38:10]  00 00 00 00                                      ....
[2025-09-25 12:38:10] --
[2025-09-25 12:38:10] 2025/09/25 12:38:10 socat[67544] N write(6, 0x5f8a4e76c000, 4) completed
[2025-09-25 12:38:10] < 2025/09/25 12:38:10.000139207  length=4 from=1405706 to=1405709
[2025-09-25 12:38:10]  00 00 00 00                                      ....
[2025-09-25 12:38:10] --
[2025-09-25 12:38:10] 2025/09/25 12:38:10 socat[67544] N write(6, 0x5f8a4e76c000, 4) completed
[2025-09-25 12:38:10] < 2025/09/25 12:38:10.000139235  length=4 from=1405710 to=1405713
[2025-09-25 12:38:10]  00 00 00 00                                      ....
[2025-09-25 12:38:10] --
[2025-09-25 12:38:10] 2025/09/25 12:38:10 socat[67544] N write(6, 0x5f8a4e76c000, 4) completed
[2025-09-25 12:38:10] < 2025/09/25 12:38:10.000209977  length=4 from=1405714 to=1405717
[2025-09-25 12:38:10]  00 00 00 00                                      ....
[2025-09-25 12:38:10] --
[2025-09-25 12:38:10] 2025/09/25 12:38:10 socat[67544] N write(6, 0x5f8a4e76c000, 4) completed
[2025-09-25 12:38:10] < 2025/09/25 12:38:10.000210074  length=4 from=1405718 to=1405721
[2025-09-25 12:38:10]  00 df 21 00                                      ..!.
[2025-09-25 12:38:10] --
[2025-09-25 12:38:10] 2025/09/25 12:38:10 socat[67544] N write(6, 0x5f8a4e76c000, 4) completed
[2025-09-25 12:38:10] < 2025/09/25 12:38:10.000210096  length=4 from=1405722 to=1405725
[2025-09-25 12:38:10]  00 00 00 00                                      ....
[2025-09-25 12:38:10] --
[2025-09-25 12:38:10] 2025/09/25 12:38:10 socat[67544] N write(6, 0x5f8a4e76c000, 4) completed
[2025-09-25 12:38:10] < 2025/09/25 12:38:10.000210115  length=4 from=1405726 to=1405729
[2025-09-25 12:38:10]  00 00 00 00                                      ....
[2025-09-25 12:38:10] --
[2025-09-25 12:38:10] 2025/09/25 12:38:10 socat[67544] N write(6, 0x5f8a4e76c000, 4) completed
[2025-09-25 12:38:10] < 2025/09/25 12:38:10.000210136  length=4 from=1405730 to=1405733
[2025-09-25 12:38:10]  00 00 00 00                                      ....
[2025-09-25 12:38:10] --
[2025-09-25 12:38:10] 2025/09/25 12:38:10 socat[67544] N write(6, 0x5f8a4e76c000, 4) completed
[2025-09-25 12:38:10] < 2025/09/25 12:38:10.000210159  length=4 from=1405734 to=1405737
[2025-09-25 12:38:10]  00 00 00 00                                      ....
[2025-09-25 12:38:10] --
[2025-09-25 12:38:10] 2025/09/25 12:38:10 socat[67544] N write(6, 0x5f8a4e76c000, 4) completed
[2025-09-25 12:38:10] < 2025/09/25 12:38:10.000210182  length=4 from=1405738 to=1405741
[2025-09-25 12:38:10]  00 00 00 00                                      ....
[2025-09-25 12:38:10] --
[2025-09-25 12:38:10] 2025/09/25 12:38:10 socat[67544] N write(6, 0x5f8a4e76c000, 4) completed
[2025-09-25 12:38:10] < 2025/09/25 12:38:10.000210202  length=4 from=1405742 to=1405745
[2025-09-25 12:38:10]  00 00 00 00                                      ....
[2025-09-25 12:38:10] --
[2025-09-25 12:38:10] 2025/09/25 12:38:10 socat[67544] N write(6, 0x5f8a4e76c000, 4) completed
[2025-09-25 12:38:10] < 2025/09/25 12:38:10.000210221  length=4 from=1405746 to=1405749
[2025-09-25 12:38:10]  00 00 00 00                                      ....
[2025-09-25 12:38:10] --
[2025-09-25 12:38:10] 2025/09/25 12:38:10 socat[67544] N write(6, 0x5f8a4e76c000, 4) completed
[2025-09-25 12:38:10] < 2025/09/25 12:38:10.000210246  length=4 from=1405750 to=1405753
[2025-09-25 12:38:10]  00 00 00 df                                      ....
[2025-09-25 12:38:10] --
[2025-09-25 12:38:10] 2025/09/25 12:38:10 socat[67544] N write(6, 0x5f8a4e76c000, 4) completed
[2025-09-25 12:38:10] < 2025/09/25 12:38:10.000210274  length=4 from=1405754 to=1405757
[2025-09-25 12:38:10]  21 00 00 00                                      !...
[2025-09-25 12:38:10] --
[2025-09-25 12:38:10] 2025/09/25 12:38:10 socat[67544] N write(6, 0x5f8a4e76c000, 4) completed
[2025-09-25 12:38:10] < 2025/09/25 12:38:10.000210299  length=4 from=1405758 to=1405761
[2025-09-25 12:38:10]  00 00 00 00                                      ....
[2025-09-25 12:38:10] --
[2025-09-25 12:38:10] 2025/09/25 12:38:10 socat[67544] N write(6, 0x5f8a4e76c000, 4) completed
[2025-09-25 12:38:10] < 2025/09/25 12:38:10.000210324  length=4 from=1405762 to=1405765
[2025-09-25 12:38:10]  00 00 00 00                                      ....
[2025-09-25 12:38:10] --
[2025-09-25 12:38:10] 2025/09/25 12:38:10 socat[67544] N write(6, 0x5f8a4e76c000, 4) completed
[2025-09-25 12:38:10] < 2025/09/25 12:38:10.000210344  length=4 from=1405766 to=1405769
[2025-09-25 12:38:10]  00 00 00 00                                      ....
[2025-09-25 12:38:10] --
[2025-09-25 12:38:10] 2025/09/25 12:38:10 socat[67544] N write(6, 0x5f8a4e76c000, 4) completed
[2025-09-25 12:38:10] < 2025/09/25 12:38:10.000210366  length=4 from=1405770 to=1405773
[2025-09-25 12:38:10]  00 00 00 00                                      ....
[2025-09-25 12:38:10] --
[2025-09-25 12:38:10] 2025/09/25 12:38:10 socat[67544] N write(6, 0x5f8a4e76c000, 4) completed
[2025-09-25 12:38:10] < 2025/09/25 12:38:10.000210390  length=4 from=1405774 to=1405777
[2025-09-25 12:38:10]  00 00 00 00                                      ....
[2025-09-25 12:38:10] --
[2025-09-25 12:38:10] 2025/09/25 12:38:10 socat[67544] N write(6, 0x5f8a4e76c000, 4) completed
[2025-09-25 12:38:10] < 2025/09/25 12:38:10.000210414  length=4 from=1405778 to=1405781
[2025-09-25 12:38:10]  00 00 00 00                                      ....
[2025-09-25 12:38:10] --
[2025-09-25 12:38:10] 2025/09/25 12:38:10 socat[67544] N write(6, 0x5f8a4e76c000, 4) completed
[2025-09-25 12:38:10] < 2025/09/25 12:38:10.000210434  length=4 from=1405782 to=1405785
[2025-09-25 12:38:10]  00 00 00 00                                      ....
[2025-09-25 12:38:10] --
[2025-09-25 12:38:10] 2025/09/25 12:38:10 socat[67544] N write(6, 0x5f8a4e76c000, 4) completed
[2025-09-25 12:38:10] < 2025/09/25 12:38:10.000210457  length=4 from=1405786 to=1405789
[2025-09-25 12:38:10]  00 df 21 00                                      ..!.
[2025-09-25 12:38:10] --
[2025-09-25 12:38:10] 2025/09/25 12:38:10 socat[67544] N write(6, 0x5f8a4e76c000, 4) completed
[2025-09-25 12:38:10] < 2025/09/25 12:38:10.000210478  length=4 from=1405790 to=1405793
[2025-09-25 12:38:10]  00 00 00 00                                      ....
[2025-09-25 12:38:10] --
[2025-09-25 12:38:10] 2025/09/25 12:38:10 socat[67544] N write(6, 0x5f8a4e76c000, 4) completed
[2025-09-25 12:38:10] < 2025/09/25 12:38:10.000210500  length=4 from=1405794 to=1405797
[2025-09-25 12:38:10]  00 00 00 00                                      ....
[2025-09-25 12:38:10] --
[2025-09-25 12:38:10] 2025/09/25 12:38:10 socat[67544] N write(6, 0x5f8a4e76c000, 4) completed
[2025-09-25 12:38:10] < 2025/09/25 12:38:10.000210522  length=4 from=1405798 to=1405801
[2025-09-25 12:38:10]  00 00 00 00                                      ....
[2025-09-25 12:38:10] --
[2025-09-25 12:38:10] 2025/09/25 12:38:10 socat[67544] N write(6, 0x5f8a4e76c000, 4) completed
[2025-09-25 12:38:10] < 2025/09/25 12:38:10.000210544  length=4 from=1405802 to=1405805
[2025-09-25 12:38:10]  00 00 00 00                                      ....
[2025-09-25 12:38:10] --
[2025-09-25 12:38:10] 2025/09/25 12:38:10 socat[67544] N write(6, 0x5f8a4e76c000, 4) completed
[2025-09-25 12:38:10] < 2025/09/25 12:38:10.000210564  length=4 from=1405806 to=1405809
[2025-09-25 12:38:10]  00 00 00 00                                      ....
[2025-09-25 12:38:10] --
[2025-09-25 12:38:10] 2025/09/25 12:38:10 socat[67544] N write(6, 0x5f8a4e76c000, 4) completed
[2025-09-25 12:38:10] < 2025/09/25 12:38:10.000210586  length=4 from=1405810 to=1405813
[2025-09-25 12:38:10]  00 00 00 00                                      ....
[2025-09-25 12:38:10] --
[2025-09-25 12:38:10] 2025/09/25 12:38:10 socat[67544] N write(6, 0x5f8a4e76c000, 4) completed
[2025-09-25 12:38:10] < 2025/09/25 12:38:10.000210607  length=4 from=1405814 to=1405817
[2025-09-25 12:38:10]  00 00 00 00                                      ....
[2025-09-25 12:38:10] --
[2025-09-25 12:38:10] 2025/09/25 12:38:10 socat[67544] N write(6, 0x5f8a4e76c000, 4) completed
[2025-09-25 12:38:10] < 2025/09/25 12:38:10.000210629  length=4 from=1405818 to=1405821
[2025-09-25 12:38:10]  00 00 00 df                                      ....
[2025-09-25 12:38:10] --
[2025-09-25 12:38:10] 2025/09/25 12:38:10 socat[67544] N write(6, 0x5f8a4e76c000, 4) completed
[2025-09-25 12:38:10] < 2025/09/25 12:38:10.000210654  length=4 from=1405822 to=1405825
[2025-09-25 12:38:10]  21 00 00 00                                      !...
[2025-09-25 12:38:10] --
[2025-09-25 12:38:10] 2025/09/25 12:38:10 socat[67544] N write(6, 0x5f8a4e76c000, 4) completed
[2025-09-25 12:38:10] < 2025/09/25 12:38:10.000210679  length=4 from=1405826 to=1405829
[2025-09-25 12:38:10]  00 00 00 00                                      ....
[2025-09-25 12:38:10] --
[2025-09-25 12:38:10] 2025/09/25 12:38:10 socat[67544] N write(6, 0x5f8a4e76c000, 4) completed
[2025-09-25 12:38:10] < 2025/09/25 12:38:10.000210700  length=4 from=1405830 to=1405833
[2025-09-25 12:38:10]  00 00 00 00                                      ....
[2025-09-25 12:38:10] --
[2025-09-25 12:38:10] 2025/09/25 12:38:10 socat[67544] N write(6, 0x5f8a4e76c000, 4) completed
[2025-09-25 12:38:10] < 2025/09/25 12:38:10.000210723  length=4 from=1405834 to=1405837
[2025-09-25 12:38:10]  00 00 00 00                                      ....
[2025-09-25 12:38:10] --
[2025-09-25 12:38:10] 2025/09/25 12:38:10 socat[67544] N write(6, 0x5f8a4e76c000, 4) completed
[2025-09-25 12:38:10] < 2025/09/25 12:38:10.000210743  length=4 from=1405838 to=1405841
[2025-09-25 12:38:10]  00 00 00 00                                      ....
[2025-09-25 12:38:10] --
[2025-09-25 12:38:10] 2025/09/25 12:38:10 socat[67544] N write(6, 0x5f8a4e76c000, 4) completed
[2025-09-25 12:38:10] < 2025/09/25 12:38:10.000210768  length=4 from=1405842 to=1405845
[2025-09-25 12:38:10]  00 00 00 00                                      ....
[2025-09-25 12:38:10] --
[2025-09-25 12:38:10] 2025/09/25 12:38:10 socat[67544] N write(6, 0x5f8a4e76c000, 4) completed
[2025-09-25 12:38:10] < 2025/09/25 12:38:10.000210789  length=4 from=1405846 to=1405849
[2025-09-25 12:38:10]  00 00 00 00                                      ....
[2025-09-25 12:38:10] --
[2025-09-25 12:38:10] 2025/09/25 12:38:10 socat[67544] N write(6, 0x5f8a4e76c000, 4) completed
[2025-09-25 12:38:10] < 2025/09/25 12:38:10.000210810  length=4 from=1405850 to=1405853
[2025-09-25 12:38:10]  00 00 00 00                                      ....
[2025-09-25 12:38:10] --
[2025-09-25 12:38:10] 2025/09/25 12:38:10 socat[67544] N write(6, 0x5f8a4e76c000, 4) completed
[2025-09-25 12:38:10] < 2025/09/25 12:38:10.000210831  length=4 from=1405854 to=1405857
[2025-09-25 12:38:10]  00 df 21 00                                      ..!.
[2025-09-25 12:38:10] --
[2025-09-25 12:38:10] 2025/09/25 12:38:10 socat[67544] N write(6, 0x5f8a4e76c000, 4) completed
[2025-09-25 12:38:10] < 2025/09/25 12:38:10.000210866  length=4 from=1405858 to=1405861
[2025-09-25 12:38:10]  00 00 00 00                                      ....
[2025-09-25 12:38:10] --
[2025-09-25 12:38:10] 2025/09/25 12:38:10 socat[67544] N write(6, 0x5f8a4e76c000, 4) completed
[2025-09-25 12:38:10] < 2025/09/25 12:38:10.000210885  length=4 from=1405862 to=1405865
[2025-09-25 12:38:10]  00 00 00 00                                      ....
[2025-09-25 12:38:10] --
[2025-09-25 12:38:10] 2025/09/25 12:38:10 socat[67544] N write(6, 0x5f8a4e76c000, 4) completed
[2025-09-25 12:38:10] < 2025/09/25 12:38:10.000210905  length=4 from=1405866 to=1405869
[2025-09-25 12:38:10]  00 00 00 00                                      ....
[2025-09-25 12:38:10] --
[2025-09-25 12:38:10] 2025/09/25 12:38:10 socat[67544] N write(6, 0x5f8a4e76c000, 4) completed
[2025-09-25 12:38:10] < 2025/09/25 12:38:10.000210924  length=4 from=1405870 to=1405873
[2025-09-25 12:38:10]  00 00 00 00                                      ....
[2025-09-25 12:38:10] --
[2025-09-25 12:38:10] 2025/09/25 12:38:10 socat[67544] N write(6, 0x5f8a4e76c000, 4) completed
[2025-09-25 12:38:10] < 2025/09/25 12:38:10.000210943  length=4 from=1405874 to=1405877
[2025-09-25 12:38:10]  00 00 00 00                                      ....
[2025-09-25 12:38:10] --
[2025-09-25 12:38:10] 2025/09/25 12:38:10 socat[67544] N write(6, 0x5f8a4e76c000, 4) completed
[2025-09-25 12:38:10] < 2025/09/25 12:38:10.000210967  length=4 from=1405878 to=1405881
[2025-09-25 12:38:10]  00 00 00 00                                      ....
[2025-09-25 12:38:10] --
[2025-09-25 12:38:10] 2025/09/25 12:38:10 socat[67544] N write(6, 0x5f8a4e76c000, 4) completed
[2025-09-25 12:38:10] < 2025/09/25 12:38:10.000210987  length=4 from=1405882 to=1405885
[2025-09-25 12:38:10]  00 00 00 00                                      ....
[2025-09-25 12:38:10] --
[2025-09-25 12:38:10] 2025/09/25 12:38:10 socat[67544] N write(6, 0x5f8a4e76c000, 4) completed
[2025-09-25 12:38:10] < 2025/09/25 12:38:10.000211006  length=4 from=1405886 to=1405889
[2025-09-25 12:38:10]  00 00 00 df                                      ....
[2025-09-25 12:38:10] --
[2025-09-25 12:38:10] 2025/09/25 12:38:10 socat[67544] N write(6, 0x5f8a4e76c000, 4) completed
[2025-09-25 12:38:10] < 2025/09/25 12:38:10.000211025  length=4 from=1405890 to=1405893
[2025-09-25 12:38:10]  21 00 00 00                                      !...
[2025-09-25 12:38:10] --
[2025-09-25 12:38:10] 2025/09/25 12:38:10 socat[67544] N write(6, 0x5f8a4e76c000, 4) completed
[2025-09-25 12:38:10] < 2025/09/25 12:38:10.000211047  length=4 from=1405894 to=1405897
[2025-09-25 12:38:10]  00 00 00 00                                      ....
[2025-09-25 12:38:10] --
[2025-09-25 12:38:10] 2025/09/25 12:38:10 socat[67544] N write(6, 0x5f8a4e76c000, 4) completed
[2025-09-25 12:38:10] < 2025/09/25 12:38:10.000211070  length=4 from=1405898 to=1405901
[2025-09-25 12:38:10]  00 00 00 00                                      ....
[2025-09-25 12:38:10] --
[2025-09-25 12:38:10] 2025/09/25 12:38:10 socat[67544] N write(6, 0x5f8a4e76c000, 4) completed
[2025-09-25 12:38:10] < 2025/09/25 12:38:10.000211089  length=4 from=1405902 to=1405905
[2025-09-25 12:38:10]  00 00 00 00                                      ....
[2025-09-25 12:38:10] --
[2025-09-25 12:38:10] 2025/09/25 12:38:10 socat[67544] N write(6, 0x5f8a4e76c000, 4) completed
[2025-09-25 12:38:10] < 2025/09/25 12:38:10.000211108  length=4 from=1405906 to=1405909
[2025-09-25 12:38:10]  00 00 00 00                                      ....
[2025-09-25 12:38:10] --
[2025-09-25 12:38:10] 2025/09/25 12:38:10 socat[67544] N write(6, 0x5f8a4e76c000, 4) completed
[2025-09-25 12:38:10] < 2025/09/25 12:38:10.000211127  length=4 from=1405910 to=1405913
[2025-09-25 12:38:10]  00 00 00 00                                      ....
[2025-09-25 12:38:10] --
[2025-09-25 12:38:10] 2025/09/25 12:38:10 socat[67544] N write(6, 0x5f8a4e76c000, 4) completed
[2025-09-25 12:38:10] < 2025/09/25 12:38:10.000211146  length=4 from=1405914 to=1405917
[2025-09-25 12:38:10]  00 00 00 00                                      ....
[2025-09-25 12:38:10] --
[2025-09-25 12:38:10] 2025/09/25 12:38:10 socat[67544] N write(6, 0x5f8a4e76c000, 4) completed
[2025-09-25 12:38:10] < 2025/09/25 12:38:10.000211166  length=4 from=1405918 to=1405921
[2025-09-25 12:38:10]  00 00 00 00                                      ....
[2025-09-25 12:38:10] --
[2025-09-25 12:38:10] 2025/09/25 12:38:10 socat[67544] N write(6, 0x5f8a4e76c000, 4) completed
[2025-09-25 12:38:10] < 2025/09/25 12:38:10.000211185  length=4 from=1405922 to=1405925
[2025-09-25 12:38:10]  00 df 21 00                                      ..!.
[2025-09-25 12:38:10] --
[2025-09-25 12:38:10] 2025/09/25 12:38:10 socat[67544] N write(6, 0x5f8a4e76c000, 4) completed
[2025-09-25 12:38:10] < 2025/09/25 12:38:10.000211204  length=4 from=1405926 to=1405929
[2025-09-25 12:38:10]  00 00 00 00                                      ....
[2025-09-25 12:38:10] --
[2025-09-25 12:38:10] 2025/09/25 12:38:10 socat[67544] N write(6, 0x5f8a4e76c000, 4) completed
[2025-09-25 12:38:10] < 2025/09/25 12:38:10.000211223  length=4 from=1405930 to=1405933
[2025-09-25 12:38:10]  00 00 00 00                                      ....
[2025-09-25 12:38:10] --
[2025-09-25 12:38:10] 2025/09/25 12:38:10 socat[67544] N write(6, 0x5f8a4e76c000, 4) completed
[2025-09-25 12:38:10] < 2025/09/25 12:38:10.000211242  length=4 from=1405934 to=1405937
[2025-09-25 12:38:10]  00 00 00 00                                      ....
[2025-09-25 12:38:10] --
[2025-09-25 12:38:10] 2025/09/25 12:38:10 socat[67544] N write(6, 0x5f8a4e76c000, 4) completed
[2025-09-25 12:38:10] < 2025/09/25 12:38:10.000211261  length=4 from=1405938 to=1405941
[2025-09-25 12:38:10]  00 00 00 00                                      ....
[2025-09-25 12:38:10] --
[2025-09-25 12:38:10] 2025/09/25 12:38:10 socat[67544] N write(6, 0x5f8a4e76c000, 4) completed
[2025-09-25 12:38:10] < 2025/09/25 12:38:10.000211281  length=4 from=1405942 to=1405945
[2025-09-25 12:38:10]  00 00 00 00                                      ....
[2025-09-25 12:38:10] --
[2025-09-25 12:38:10] 2025/09/25 12:38:10 socat[67544] N write(6, 0x5f8a4e76c000, 4) completed
[2025-09-25 12:38:10] < 2025/09/25 12:38:10.000211300  length=4 from=1405946 to=1405949
[2025-09-25 12:38:10]  00 00 00 00                                      ....
[2025-09-25 12:38:10] --
[2025-09-25 12:38:10] 2025/09/25 12:38:10 socat[67544] N write(6, 0x5f8a4e76c000, 4) completed
[2025-09-25 12:38:10] < 2025/09/25 12:38:10.000211319  length=4 from=1405950 to=1405953
[2025-09-25 12:38:10]  00 00 00 00                                      ....
[2025-09-25 12:38:10] --
[2025-09-25 12:38:10] 2025/09/25 12:38:10 socat[67544] N write(6, 0x5f8a4e76c000, 4) completed
[2025-09-25 12:38:10] < 2025/09/25 12:38:10.000211338  length=4 from=1405954 to=1405957
[2025-09-25 12:38:10]  00 00 00 df                                      ....
[2025-09-25 12:38:10] --
[2025-09-25 12:38:10] 2025/09/25 12:38:10 socat[67544] N write(6, 0x5f8a4e76c000, 4) completed
[2025-09-25 12:38:10] < 2025/09/25 12:38:10.000211357  length=4 from=1405958 to=1405961
[2025-09-25 12:38:10]  21 00 00 00                                      !...
[2025-09-25 12:38:10] --
[2025-09-25 12:38:10] 2025/09/25 12:38:10 socat[67544] N write(6, 0x5f8a4e76c000, 4) completed
[2025-09-25 12:38:10] < 2025/09/25 12:38:10.000211376  length=4 from=1405962 to=1405965
[2025-09-25 12:38:10]  00 00 00 00                                      ....
[2025-09-25 12:38:10] --
[2025-09-25 12:38:10] 2025/09/25 12:38:10 socat[67544] N write(6, 0x5f8a4e76c000, 4) completed
[2025-09-25 12:38:10] < 2025/09/25 12:38:10.000211403  length=4 from=1405966 to=1405969
[2025-09-25 12:38:10]  00 00 00 00                                      ....
[2025-09-25 12:38:10] --
[2025-09-25 12:38:10] 2025/09/25 12:38:10 socat[67544] N write(6, 0x5f8a4e76c000, 4) completed
[2025-09-25 12:38:10] < 2025/09/25 12:38:10.000282056  length=4 from=1405970 to=1405973
[2025-09-25 12:38:10]  00 00 00 00                                      ....
[2025-09-25 12:38:10] --
[2025-09-25 12:38:10] 2025/09/25 12:38:10 socat[67544] N write(6, 0x5f8a4e76c000, 4) completed
[2025-09-25 12:38:10] < 2025/09/25 12:38:10.000282182  length=4 from=1405974 to=1405977
[2025-09-25 12:38:10]  00 00 00 00                                      ....
[2025-09-25 12:38:10] --
[2025-09-25 12:38:10] 2025/09/25 12:38:10 socat[67544] N write(6, 0x5f8a4e76c000, 4) completed
[2025-09-25 12:38:10] < 2025/09/25 12:38:10.000282217  length=4 from=1405978 to=1405981
[2025-09-25 12:38:10]  00 00 00 00                                      ....
[2025-09-25 12:38:10] --
[2025-09-25 12:38:10] 2025/09/25 12:38:10 socat[67544] N write(6, 0x5f8a4e76c000, 4) completed
[2025-09-25 12:38:10] < 2025/09/25 12:38:10.000282244  length=4 from=1405982 to=1405985
[2025-09-25 12:38:10]  00 00 00 00                                      ....
[2025-09-25 12:38:10] --
[2025-09-25 12:38:10] 2025/09/25 12:38:10 socat[67544] N write(6, 0x5f8a4e76c000, 4) completed
[2025-09-25 12:38:10] < 2025/09/25 12:38:10.000282266  length=4 from=1405986 to=1405989
[2025-09-25 12:38:10]  00 00 00 00                                      ....
[2025-09-25 12:38:10] --
[2025-09-25 12:38:10] 2025/09/25 12:38:10 socat[67544] N write(6, 0x5f8a4e76c000, 4) completed
[2025-09-25 12:38:10] < 2025/09/25 12:38:10.000282288  length=4 from=1405990 to=1405993
[2025-09-25 12:38:10]  00 df 21 00                                      ..!.
[2025-09-25 12:38:10] --
[2025-09-25 12:38:10] 2025/09/25 12:38:10 socat[67544] N write(6, 0x5f8a4e76c000, 4) completed
[2025-09-25 12:38:10] < 2025/09/25 12:38:10.000282310  length=4 from=1405994 to=1405997
[2025-09-25 12:38:10]  00 00 00 00                                      ....
[2025-09-25 12:38:10] --
[2025-09-25 12:38:10] 2025/09/25 12:38:10 socat[67544] N write(6, 0x5f8a4e76c000, 4) completed
[2025-09-25 12:38:10] < 2025/09/25 12:38:10.000282332  length=4 from=1405998 to=1406001
[2025-09-25 12:38:10]  00 00 00 00                                      ....
[2025-09-25 12:38:10] --
[2025-09-25 12:38:10] 2025/09/25 12:38:10 socat[67544] N write(6, 0x5f8a4e76c000, 4) completed
[2025-09-25 12:38:10] < 2025/09/25 12:38:10.000282355  length=4 from=1406002 to=1406005
[2025-09-25 12:38:10]  00 00 00 00                                      ....
[2025-09-25 12:38:10] --
[2025-09-25 12:38:10] 2025/09/25 12:38:10 socat[67544] N write(6, 0x5f8a4e76c000, 4) completed
[2025-09-25 12:38:10] < 2025/09/25 12:38:10.000282383  length=4 from=1406006 to=1406009
[2025-09-25 12:38:10]  00 00 00 00                                      ....
[2025-09-25 12:38:10] --
[2025-09-25 12:38:10] 2025/09/25 12:38:10 socat[67544] N write(6, 0x5f8a4e76c000, 4) completed
[2025-09-25 12:38:10] < 2025/09/25 12:38:10.000282405  length=4 from=1406010 to=1406013
[2025-09-25 12:38:10]  00 00 00 00                                      ....
[2025-09-25 12:38:10] --
[2025-09-25 12:38:10] 2025/09/25 12:38:10 socat[67544] N write(6, 0x5f8a4e76c000, 4) completed
[2025-09-25 12:38:10] < 2025/09/25 12:38:10.000282427  length=4 from=1406014 to=1406017
[2025-09-25 12:38:10]  00 00 00 00                                      ....
[2025-09-25 12:38:10] --
[2025-09-25 12:38:10] 2025/09/25 12:38:10 socat[67544] N write(6, 0x5f8a4e76c000, 4) completed
[2025-09-25 12:38:10] < 2025/09/25 12:38:10.000282449  length=4 from=1406018 to=1406021
[2025-09-25 12:38:10]  00 00 00 00                                      ....
[2025-09-25 12:38:10] --
[2025-09-25 12:38:10] 2025/09/25 12:38:10 socat[67544] N write(6, 0x5f8a4e76c000, 4) completed
[2025-09-25 12:38:10] < 2025/09/25 12:38:10.000282471  length=4 from=1406022 to=1406025
[2025-09-25 12:38:10]  00 00 00 df                                      ....
[2025-09-25 12:38:10] --
[2025-09-25 12:38:10] 2025/09/25 12:38:10 socat[67544] N write(6, 0x5f8a4e76c000, 4) completed
[2025-09-25 12:38:10] < 2025/09/25 12:38:10.000282500  length=4 from=1406026 to=1406029
[2025-09-25 12:38:10]  21 00 00 00                                      !...
[2025-09-25 12:38:10] --
[2025-09-25 12:38:10] 2025/09/25 12:38:10 socat[67544] N write(6, 0x5f8a4e76c000, 4) completed
[2025-09-25 12:38:10] < 2025/09/25 12:38:10.000282529  length=4 from=1406030 to=1406033
[2025-09-25 12:38:10]  00 00 00 00                                      ....
[2025-09-25 12:38:10] --
[2025-09-25 12:38:10] 2025/09/25 12:38:10 socat[67544] N write(6, 0x5f8a4e76c000, 4) completed
[2025-09-25 12:38:10] < 2025/09/25 12:38:10.000282557  length=4 from=1406034 to=1406037
[2025-09-25 12:38:10]  00 00 00 00                                      ....
[2025-09-25 12:38:10] --
[2025-09-25 12:38:10] 2025/09/25 12:38:10 socat[67544] N write(6, 0x5f8a4e76c000, 4) completed
[2025-09-25 12:38:10] < 2025/09/25 12:38:10.000282585  length=4 from=1406038 to=1406041
[2025-09-25 12:38:10]  00 00 00 00                                      ....
[2025-09-25 12:38:10] --
[2025-09-25 12:38:10] 2025/09/25 12:38:10 socat[67544] N write(6, 0x5f8a4e76c000, 4) completed
[2025-09-25 12:38:10] < 2025/09/25 12:38:10.000282619  length=4 from=1406042 to=1406045
[2025-09-25 12:38:10]  00 00 00 00                                      ....
[2025-09-25 12:38:10] --
[2025-09-25 12:38:10] 2025/09/25 12:38:10 socat[67544] N write(6, 0x5f8a4e76c000, 4) completed
[2025-09-25 12:38:10] < 2025/09/25 12:38:10.000282648  length=4 from=1406046 to=1406049
[2025-09-25 12:38:10]  00 00 00 00                                      ....
[2025-09-25 12:38:10] --
[2025-09-25 12:38:10] 2025/09/25 12:38:10 socat[67544] N write(6, 0x5f8a4e76c000, 4) completed
[2025-09-25 12:38:10] < 2025/09/25 12:38:10.000282671  length=4 from=1406050 to=1406053
[2025-09-25 12:38:10]  00 00 00 00                                      ....
[2025-09-25 12:38:10] --
[2025-09-25 12:38:10] 2025/09/25 12:38:10 socat[67544] N write(6, 0x5f8a4e76c000, 4) completed
[2025-09-25 12:38:10] < 2025/09/25 12:38:10.000282692  length=4 from=1406054 to=1406057
[2025-09-25 12:38:10]  00 00 00 00                                      ....
[2025-09-25 12:38:10] --
[2025-09-25 12:38:10] 2025/09/25 12:38:10 socat[67544] N write(6, 0x5f8a4e76c000, 4) completed
[2025-09-25 12:38:10] < 2025/09/25 12:38:10.000282719  length=4 from=1406058 to=1406061
[2025-09-25 12:38:10]  00 df 21 00                                      ..!.
[2025-09-25 12:38:10] --
[2025-09-25 12:38:10] 2025/09/25 12:38:10 socat[67544] N write(6, 0x5f8a4e76c000, 4) completed
[2025-09-25 12:38:10] < 2025/09/25 12:38:10.000282745  length=4 from=1406062 to=1406065
[2025-09-25 12:38:10]  00 00 00 00                                      ....
[2025-09-25 12:38:10] --
[2025-09-25 12:38:10] 2025/09/25 12:38:10 socat[67544] N write(6, 0x5f8a4e76c000, 4) completed
[2025-09-25 12:38:10] < 2025/09/25 12:38:10.000282767  length=4 from=1406066 to=1406069
[2025-09-25 12:38:10]  00 00 00 00                                      ....
[2025-09-25 12:38:10] --
[2025-09-25 12:38:10] 2025/09/25 12:38:10 socat[67544] N write(6, 0x5f8a4e76c000, 4) completed
[2025-09-25 12:38:10] < 2025/09/25 12:38:10.000282789  length=4 from=1406070 to=1406073
[2025-09-25 12:38:10]  00 00 00 00                                      ....
[2025-09-25 12:38:10] --
[2025-09-25 12:38:10] 2025/09/25 12:38:10 socat[67544] N write(6, 0x5f8a4e76c000, 4) completed
[2025-09-25 12:38:10] < 2025/09/25 12:38:10.000282811  length=4 from=1406074 to=1406077
[2025-09-25 12:38:10]  00 00 00 00                                      ....
[2025-09-25 12:38:10] --
[2025-09-25 12:38:10] 2025/09/25 12:38:10 socat[67544] N write(6, 0x5f8a4e76c000, 4) completed
[2025-09-25 12:38:10] < 2025/09/25 12:38:10.000282833  length=4 from=1406078 to=1406081
[2025-09-25 12:38:10]  00 00 00 00                                      ....
[2025-09-25 12:38:10] --
[2025-09-25 12:38:10] 2025/09/25 12:38:10 socat[67544] N write(6, 0x5f8a4e76c000, 4) completed
[2025-09-25 12:38:10] < 2025/09/25 12:38:10.000282855  length=4 from=1406082 to=1406085
[2025-09-25 12:38:10]  00 00 00 00                                      ....
[2025-09-25 12:38:10] --
[2025-09-25 12:38:10] 2025/09/25 12:38:10 socat[67544] N write(6, 0x5f8a4e76c000, 4) completed
[2025-09-25 12:38:10] < 2025/09/25 12:38:10.000282876  length=4 from=1406086 to=1406089
[2025-09-25 12:38:10]  00 00 00 00                                      ....
[2025-09-25 12:38:10] --
[2025-09-25 12:38:10] 2025/09/25 12:38:10 socat[67544] N write(6, 0x5f8a4e76c000, 4) completed
[2025-09-25 12:38:10] < 2025/09/25 12:38:10.000282898  length=4 from=1406090 to=1406093
[2025-09-25 12:38:10]  00 00 00 df                                      ....
[2025-09-25 12:38:10] --
[2025-09-25 12:38:10] 2025/09/25 12:38:10 socat[67544] N write(6, 0x5f8a4e76c000, 4) completed
[2025-09-25 12:38:10] < 2025/09/25 12:38:10.000282920  length=4 from=1406094 to=1406097
[2025-09-25 12:38:10]  21 00 00 00                                      !...
[2025-09-25 12:38:10] --
[2025-09-25 12:38:10] 2025/09/25 12:38:10 socat[67544] N write(6, 0x5f8a4e76c000, 4) completed
[2025-09-25 12:38:10] < 2025/09/25 12:38:10.000282942  length=4 from=1406098 to=1406101
[2025-09-25 12:38:10]  00 00 00 00                                      ....
[2025-09-25 12:38:10] --
[2025-09-25 12:38:10] 2025/09/25 12:38:10 socat[67544] N write(6, 0x5f8a4e76c000, 4) completed
[2025-09-25 12:38:10] < 2025/09/25 12:38:10.000282988  length=4 from=1406102 to=1406105
[2025-09-25 12:38:10]  00 00 00 00                                      ....
[2025-09-25 12:38:10] --
[2025-09-25 12:38:10] 2025/09/25 12:38:10 socat[67544] N write(6, 0x5f8a4e76c000, 4) completed
[2025-09-25 12:38:10] < 2025/09/25 12:38:10.000283011  length=4 from=1406106 to=1406109
[2025-09-25 12:38:10]  00 00 00 00                                      ....
[2025-09-25 12:38:10] --
[2025-09-25 12:38:10] 2025/09/25 12:38:10 socat[67544] N write(6, 0x5f8a4e76c000, 4) completed
[2025-09-25 12:38:10] < 2025/09/25 12:38:10.000283037  length=4 from=1406110 to=1406113
[2025-09-25 12:38:10]  00 00 00 00                                      ....
[2025-09-25 12:38:10] --
[2025-09-25 12:38:10] 2025/09/25 12:38:10 socat[67544] N write(6, 0x5f8a4e76c000, 4) completed
[2025-09-25 12:38:10] < 2025/09/25 12:38:10.000283065  length=4 from=1406114 to=1406117
[2025-09-25 12:38:10]  00 00 00 00                                      ....
[2025-09-25 12:38:10] --
[2025-09-25 12:38:10] 2025/09/25 12:38:10 socat[67544] N write(6, 0x5f8a4e76c000, 4) completed
[2025-09-25 12:38:10] < 2025/09/25 12:38:10.000283093  length=4 from=1406118 to=1406121
[2025-09-25 12:38:10]  00 00 00 00                                      ....
[2025-09-25 12:38:10] --
[2025-09-25 12:38:10] 2025/09/25 12:38:10 socat[67544] N write(6, 0x5f8a4e76c000, 4) completed
[2025-09-25 12:38:10] < 2025/09/25 12:38:10.000283122  length=4 from=1406122 to=1406125
[2025-09-25 12:38:10]  00 00 00 00                                      ....
[2025-09-25 12:38:10] --
[2025-09-25 12:38:10] 2025/09/25 12:38:10 socat[67544] N write(6, 0x5f8a4e76c000, 4) completed
[2025-09-25 12:38:10] < 2025/09/25 12:38:10.000283150  length=4 from=1406126 to=1406129
[2025-09-25 12:38:10]  00 df 21 00                                      ..!.
[2025-09-25 12:38:10] --
[2025-09-25 12:38:10] 2025/09/25 12:38:10 socat[67544] N write(6, 0x5f8a4e76c000, 4) completed
[2025-09-25 12:38:10] < 2025/09/25 12:38:10.000283183  length=4 from=1406130 to=1406133
[2025-09-25 12:38:10]  00 00 00 00                                      ....
[2025-09-25 12:38:10] --
[2025-09-25 12:38:10] 2025/09/25 12:38:10 socat[67544] N write(6, 0x5f8a4e76c000, 4) completed
[2025-09-25 12:38:10] < 2025/09/25 12:38:10.000283213  length=4 from=1406134 to=1406137
[2025-09-25 12:38:10]  00 00 00 00                                      ....
[2025-09-25 12:38:10] --
[2025-09-25 12:38:10] 2025/09/25 12:38:10 socat[67544] N write(6, 0x5f8a4e76c000, 4) completed
[2025-09-25 12:38:10] < 2025/09/25 12:38:10.000283241  length=4 from=1406138 to=1406141
[2025-09-25 12:38:10]  00 00 00 00                                      ....
[2025-09-25 12:38:10] --
[2025-09-25 12:38:10] 2025/09/25 12:38:10 socat[67544] N write(6, 0x5f8a4e76c000, 4) completed
[2025-09-25 12:38:10] < 2025/09/25 12:38:10.000283271  length=4 from=1406142 to=1406145
[2025-09-25 12:38:10]  00 00 00 00                                      ....
[2025-09-25 12:38:10] --
[2025-09-25 12:38:10] 2025/09/25 12:38:10 socat[67544] N write(6, 0x5f8a4e76c000, 4) completed
[2025-09-25 12:38:10] < 2025/09/25 12:38:10.000283293  length=4 from=1406146 to=1406149
[2025-09-25 12:38:10]  00 00 00 00                                      ....
[2025-09-25 12:38:10] --
[2025-09-25 12:38:10] 2025/09/25 12:38:10 socat[67544] N write(6, 0x5f8a4e76c000, 4) completed
[2025-09-25 12:38:10] < 2025/09/25 12:38:10.000283315  length=4 from=1406150 to=1406153
[2025-09-25 12:38:10]  00 00 00 00                                      ....
[2025-09-25 12:38:10] --
[2025-09-25 12:38:10] 2025/09/25 12:38:10 socat[67544] N write(6, 0x5f8a4e76c000, 4) completed
[2025-09-25 12:38:10] < 2025/09/25 12:38:10.000283337  length=4 from=1406154 to=1406157
[2025-09-25 12:38:10]  00 00 00 00                                      ....
[2025-09-25 12:38:10] --
[2025-09-25 12:38:10] 2025/09/25 12:38:10 socat[67544] N write(6, 0x5f8a4e76c000, 4) completed
[2025-09-25 12:38:10] < 2025/09/25 12:38:10.000283359  length=4 from=1406158 to=1406161
[2025-09-25 12:38:10]  00 00 00 df                                      ....
[2025-09-25 12:38:10] --
[2025-09-25 12:38:10] 2025/09/25 12:38:10 socat[67544] N write(6, 0x5f8a4e76c000, 4) completed
[2025-09-25 12:38:10] < 2025/09/25 12:38:10.000283380  length=4 from=1406162 to=1406165
[2025-09-25 12:38:10]  21 00 00 00                                      !...
[2025-09-25 12:38:10] --
[2025-09-25 12:38:10] 2025/09/25 12:38:10 socat[67544] N write(6, 0x5f8a4e76c000, 4) completed
[2025-09-25 12:38:10] < 2025/09/25 12:38:10.000283402  length=4 from=1406166 to=1406169
[2025-09-25 12:38:10]  00 00 00 00                                      ....
[2025-09-25 12:38:10] --
[2025-09-25 12:38:10] 2025/09/25 12:38:10 socat[67544] N write(6, 0x5f8a4e76c000, 4) completed
[2025-09-25 12:38:10] < 2025/09/25 12:38:10.000283424  length=4 from=1406170 to=1406173
[2025-09-25 12:38:10]  00 00 00 00                                      ....
[2025-09-25 12:38:10] --
[2025-09-25 12:38:10] 2025/09/25 12:38:10 socat[67544] N write(6, 0x5f8a4e76c000, 4) completed
[2025-09-25 12:38:10] < 2025/09/25 12:38:10.000283446  length=4 from=1406174 to=1406177
[2025-09-25 12:38:10]  00 00 00 00                                      ....
[2025-09-25 12:38:10] --
[2025-09-25 12:38:10] 2025/09/25 12:38:10 socat[67544] N write(6, 0x5f8a4e76c000, 4) completed
[2025-09-25 12:38:10] < 2025/09/25 12:38:10.000283468  length=4 from=1406178 to=1406181
[2025-09-25 12:38:10]  00 00 00 00                                      ....
[2025-09-25 12:38:10] --
[2025-09-25 12:38:10] 2025/09/25 12:38:10 socat[67544] N write(6, 0x5f8a4e76c000, 4) completed
[2025-09-25 12:38:10] < 2025/09/25 12:38:10.000283490  length=4 from=1406182 to=1406185
[2025-09-25 12:38:10]  00 00 00 00                                      ....
[2025-09-25 12:38:10] --
[2025-09-25 12:38:10] 2025/09/25 12:38:10 socat[67544] N write(6, 0x5f8a4e76c000, 4) completed
[2025-09-25 12:38:10] < 2025/09/25 12:38:10.000283512  length=4 from=1406186 to=1406189
[2025-09-25 12:38:10]  00 00 00 00                                      ....
[2025-09-25 12:38:10] --
[2025-09-25 12:38:10] 2025/09/25 12:38:10 socat[67544] N write(6, 0x5f8a4e76c000, 4) completed
[2025-09-25 12:38:10] < 2025/09/25 12:38:10.000283534  length=4 from=1406190 to=1406193
[2025-09-25 12:38:10]  00 00 00 00                                      ....
[2025-09-25 12:38:10] --
[2025-09-25 12:38:10] 2025/09/25 12:38:10 socat[67544] N write(6, 0x5f8a4e76c000, 4) completed
[2025-09-25 12:38:10] < 2025/09/25 12:38:10.000283556  length=4 from=1406194 to=1406197
[2025-09-25 12:38:10]  00 df 21 00                                      ..!.
[2025-09-25 12:38:10] --
[2025-09-25 12:38:10] 2025/09/25 12:38:10 socat[67544] N write(6, 0x5f8a4e76c000, 4) completed
[2025-09-25 12:38:10] < 2025/09/25 12:38:10.000283577  length=4 from=1406198 to=1406201
[2025-09-25 12:38:10]  00 00 00 00                                      ....
[2025-09-25 12:38:10] --
[2025-09-25 12:38:10] 2025/09/25 12:38:10 socat[67544] N write(6, 0x5f8a4e76c000, 4) completed
[2025-09-25 12:38:10] < 2025/09/25 12:38:10.000283599  length=4 from=1406202 to=1406205
[2025-09-25 12:38:10]  00 00 00 00                                      ....
[2025-09-25 12:38:10] --
[2025-09-25 12:38:10] 2025/09/25 12:38:10 socat[67544] N write(6, 0x5f8a4e76c000, 4) completed
[2025-09-25 12:38:10] < 2025/09/25 12:38:10.000283621  length=4 from=1406206 to=1406209
[2025-09-25 12:38:10]  00 00 00 00                                      ....
[2025-09-25 12:38:10] --
[2025-09-25 12:38:10] 2025/09/25 12:38:10 socat[67544] N write(6, 0x5f8a4e76c000, 4) completed
[2025-09-25 12:38:10] < 2025/09/25 12:38:10.000283643  length=4 from=1406210 to=1406213
[2025-09-25 12:38:10]  00 00 00 00                                      ....
[2025-09-25 12:38:10] --
[2025-09-25 12:38:10] 2025/09/25 12:38:10 socat[67544] N write(6, 0x5f8a4e76c000, 4) completed
[2025-09-25 12:38:10] < 2025/09/25 12:38:10.000283665  length=4 from=1406214 to=1406217
[2025-09-25 12:38:10]  00 00 00 00                                      ....
[2025-09-25 12:38:10] --
[2025-09-25 12:38:10] 2025/09/25 12:38:10 socat[67544] N write(6, 0x5f8a4e76c000, 4) completed
[2025-09-25 12:38:10] < 2025/09/25 12:38:10.000283687  length=4 from=1406218 to=1406221
[2025-09-25 12:38:10]  00 00 00 00                                      ....
[2025-09-25 12:38:10] --
[2025-09-25 12:38:10] 2025/09/25 12:38:10 socat[67544] N write(6, 0x5f8a4e76c000, 4) completed
[2025-09-25 12:38:10] < 2025/09/25 12:38:10.000283709  length=4 from=1406222 to=1406225
[2025-09-25 12:38:10]  00 00 00 00                                      ....
[2025-09-25 12:38:10] --
[2025-09-25 12:38:10] 2025/09/25 12:38:10 socat[67544] N write(6, 0x5f8a4e76c000, 4) completed
[2025-09-25 12:38:10] < 2025/09/25 12:38:10.000356024  length=4 from=1406226 to=1406229
[2025-09-25 12:38:10]  00 00 00 df                                      ....
[2025-09-25 12:38:10] --
[2025-09-25 12:38:10] 2025/09/25 12:38:10 socat[67544] N write(6, 0x5f8a4e76c000, 4) completed
[2025-09-25 12:38:10] < 2025/09/25 12:38:10.000356112  length=4 from=1406230 to=1406233
[2025-09-25 12:38:10]  21 00 00 00                                      !...
[2025-09-25 12:38:10] --
[2025-09-25 12:38:10] 2025/09/25 12:38:10 socat[67544] N write(6, 0x5f8a4e76c000, 4) completed
[2025-09-25 12:38:10] < 2025/09/25 12:38:10.000356136  length=4 from=1406234 to=1406237
[2025-09-25 12:38:10]  00 00 00 00                                      ....
[2025-09-25 12:38:10] --
[2025-09-25 12:38:10] 2025/09/25 12:38:10 socat[67544] N write(6, 0x5f8a4e76c000, 4) completed
[2025-09-25 12:38:10] < 2025/09/25 12:38:10.000356157  length=4 from=1406238 to=1406241
[2025-09-25 12:38:10]  00 00 00 00                                      ....
[2025-09-25 12:38:10] --
[2025-09-25 12:38:10] 2025/09/25 12:38:10 socat[67544] N write(6, 0x5f8a4e76c000, 4) completed
[2025-09-25 12:38:10] < 2025/09/25 12:38:10.000356179  length=4 from=1406242 to=1406245
[2025-09-25 12:38:10]  00 00 00 00                                      ....
[2025-09-25 12:38:10] --
[2025-09-25 12:38:10] 2025/09/25 12:38:10 socat[67544] N write(6, 0x5f8a4e76c000, 4) completed
[2025-09-25 12:38:10] < 2025/09/25 12:38:10.000356200  length=4 from=1406246 to=1406249
[2025-09-25 12:38:10]  00 00 00 00                                      ....
[2025-09-25 12:38:10] --
[2025-09-25 12:38:10] 2025/09/25 12:38:10 socat[67544] N write(6, 0x5f8a4e76c000, 4) completed
[2025-09-25 12:38:10] < 2025/09/25 12:38:10.000356222  length=4 from=1406250 to=1406253
[2025-09-25 12:38:10]  00 00 00 00                                      ....
[2025-09-25 12:38:10] --
[2025-09-25 12:38:10] 2025/09/25 12:38:10 socat[67544] N write(6, 0x5f8a4e76c000, 4) completed
[2025-09-25 12:38:10] < 2025/09/25 12:38:10.000356245  length=4 from=1406254 to=1406257
[2025-09-25 12:38:10]  00 00 00 00                                      ....
[2025-09-25 12:38:10] --
[2025-09-25 12:38:10] 2025/09/25 12:38:10 socat[67544] N write(6, 0x5f8a4e76c000, 4) completed
[2025-09-25 12:38:10] < 2025/09/25 12:38:10.000356266  length=4 from=1406258 to=1406261
[2025-09-25 12:38:10]  00 00 00 00                                      ....
[2025-09-25 12:38:10] --
[2025-09-25 12:38:10] 2025/09/25 12:38:10 socat[67544] N write(6, 0x5f8a4e76c000, 4) completed
[2025-09-25 12:38:10] < 2025/09/25 12:38:10.000356286  length=4 from=1406262 to=1406265
[2025-09-25 12:38:10]  00 df 21 00                                      ..!.
[2025-09-25 12:38:10] --
[2025-09-25 12:38:10] 2025/09/25 12:38:10 socat[67544] N write(6, 0x5f8a4e76c000, 4) completed
[2025-09-25 12:38:10] < 2025/09/25 12:38:10.000356306  length=4 from=1406266 to=1406269
[2025-09-25 12:38:10]  00 00 00 00                                      ....
[2025-09-25 12:38:10] --
[2025-09-25 12:38:10] 2025/09/25 12:38:10 socat[67544] N write(6, 0x5f8a4e76c000, 4) completed
[2025-09-25 12:38:10] < 2025/09/25 12:38:10.000356327  length=4 from=1406270 to=1406273
[2025-09-25 12:38:10]  00 00 00 00                                      ....
[2025-09-25 12:38:10] --
[2025-09-25 12:38:10] 2025/09/25 12:38:10 socat[67544] N write(6, 0x5f8a4e76c000, 4) completed
[2025-09-25 12:38:10] < 2025/09/25 12:38:10.000356347  length=4 from=1406274 to=1406277
[2025-09-25 12:38:10]  00 00 00 00                                      ....
[2025-09-25 12:38:10] --
[2025-09-25 12:38:10] 2025/09/25 12:38:10 socat[67544] N write(6, 0x5f8a4e76c000, 4) completed
[2025-09-25 12:38:10] < 2025/09/25 12:38:10.000356368  length=4 from=1406278 to=1406281
[2025-09-25 12:38:10]  00 00 00 00                                      ....
[2025-09-25 12:38:10] --
[2025-09-25 12:38:10] 2025/09/25 12:38:10 socat[67544] N write(6, 0x5f8a4e76c000, 4) completed
[2025-09-25 12:38:10] < 2025/09/25 12:38:10.000356388  length=4 from=1406282 to=1406285
[2025-09-25 12:38:10]  00 00 00 00                                      ....
[2025-09-25 12:38:10] --
[2025-09-25 12:38:10] 2025/09/25 12:38:10 socat[67544] N write(6, 0x5f8a4e76c000, 4) completed
[2025-09-25 12:38:10] < 2025/09/25 12:38:10.000356409  length=4 from=1406286 to=1406289
[2025-09-25 12:38:10]  00 00 00 00                                      ....
[2025-09-25 12:38:10] --
[2025-09-25 12:38:10] 2025/09/25 12:38:10 socat[67544] N write(6, 0x5f8a4e76c000, 4) completed
[2025-09-25 12:38:10] < 2025/09/25 12:38:10.000356429  length=4 from=1406290 to=1406293
[2025-09-25 12:38:10]  00 00 00 00                                      ....
[2025-09-25 12:38:10] --
[2025-09-25 12:38:10] 2025/09/25 12:38:10 socat[67544] N write(6, 0x5f8a4e76c000, 4) completed
[2025-09-25 12:38:10] < 2025/09/25 12:38:10.000356450  length=4 from=1406294 to=1406297
[2025-09-25 12:38:10]  00 00 00 df                                      ....
[2025-09-25 12:38:10] --
[2025-09-25 12:38:10] 2025/09/25 12:38:10 socat[67544] N write(6, 0x5f8a4e76c000, 4) completed
[2025-09-25 12:38:10] < 2025/09/25 12:38:10.000356470  length=4 from=1406298 to=1406301
[2025-09-25 12:38:10]  21 00 00 00                                      !...
[2025-09-25 12:38:10] --
[2025-09-25 12:38:10] 2025/09/25 12:38:10 socat[67544] N write(6, 0x5f8a4e76c000, 4) completed
[2025-09-25 12:38:10] < 2025/09/25 12:38:10.000356491  length=4 from=1406302 to=1406305
[2025-09-25 12:38:10]  00 00 00 00                                      ....
[2025-09-25 12:38:10] --
[2025-09-25 12:38:10] 2025/09/25 12:38:10 socat[67544] N write(6, 0x5f8a4e76c000, 4) completed
[2025-09-25 12:38:10] < 2025/09/25 12:38:10.000356511  length=4 from=1406306 to=1406309
[2025-09-25 12:38:10]  00 00 00 00                                      ....
[2025-09-25 12:38:10] --
[2025-09-25 12:38:10] 2025/09/25 12:38:10 socat[67544] N write(6, 0x5f8a4e76c000, 4) completed
[2025-09-25 12:38:10] < 2025/09/25 12:38:10.000356533  length=4 from=1406310 to=1406313
[2025-09-25 12:38:10]  00 00 00 00                                      ....
[2025-09-25 12:38:10] --
[2025-09-25 12:38:10] 2025/09/25 12:38:10 socat[67544] N write(6, 0x5f8a4e76c000, 4) completed
[2025-09-25 12:38:10] < 2025/09/25 12:38:10.000356554  length=4 from=1406314 to=1406317
[2025-09-25 12:38:10]  00 00 00 00                                      ....
[2025-09-25 12:38:10] --
[2025-09-25 12:38:10] 2025/09/25 12:38:10 socat[67544] N write(6, 0x5f8a4e76c000, 4) completed
[2025-09-25 12:38:10] < 2025/09/25 12:38:10.000356574  length=4 from=1406318 to=1406321
[2025-09-25 12:38:10]  00 00 00 00                                      ....
[2025-09-25 12:38:10] --
[2025-09-25 12:38:10] 2025/09/25 12:38:10 socat[67544] N write(6, 0x5f8a4e76c000, 4) completed
[2025-09-25 12:38:10] < 2025/09/25 12:38:10.000356595  length=4 from=1406322 to=1406325
[2025-09-25 12:38:10]  00 00 00 00                                      ....
[2025-09-25 12:38:10] --
[2025-09-25 12:38:10] 2025/09/25 12:38:10 socat[67544] N write(6, 0x5f8a4e76c000, 4) completed
[2025-09-25 12:38:10] < 2025/09/25 12:38:10.000356615  length=4 from=1406326 to=1406329
[2025-09-25 12:38:10]  00 00 00 00                                      ....
[2025-09-25 12:38:10] --
[2025-09-25 12:38:10] 2025/09/25 12:38:10 socat[67544] N write(6, 0x5f8a4e76c000, 4) completed
[2025-09-25 12:38:10] < 2025/09/25 12:38:10.000356636  length=4 from=1406330 to=1406333
[2025-09-25 12:38:10]  00 df 21 00                                      ..!.
[2025-09-25 12:38:10] --
[2025-09-25 12:38:10] 2025/09/25 12:38:10 socat[67544] N write(6, 0x5f8a4e76c000, 4) completed
[2025-09-25 12:38:10] < 2025/09/25 12:38:10.000356657  length=4 from=1406334 to=1406337
[2025-09-25 12:38:10]  00 00 00 00                                      ....
[2025-09-25 12:38:10] --
[2025-09-25 12:38:10] 2025/09/25 12:38:10 socat[67544] N write(6, 0x5f8a4e76c000, 4) completed
[2025-09-25 12:38:10] < 2025/09/25 12:38:10.000356677  length=4 from=1406338 to=1406341
[2025-09-25 12:38:10]  00 00 00 00                                      ....
[2025-09-25 12:38:10] --
[2025-09-25 12:38:10] 2025/09/25 12:38:10 socat[67544] N write(6, 0x5f8a4e76c000, 4) completed
[2025-09-25 12:38:10] < 2025/09/25 12:38:10.000356698  length=4 from=1406342 to=1406345
[2025-09-25 12:38:10]  00 00 00 00                                      ....
[2025-09-25 12:38:10] --
[2025-09-25 12:38:10] 2025/09/25 12:38:10 socat[67544] N write(6, 0x5f8a4e76c000, 4) completed
[2025-09-25 12:38:10] < 2025/09/25 12:38:10.000356718  length=4 from=1406346 to=1406349
[2025-09-25 12:38:10]  00 00 00 00                                      ....
[2025-09-25 12:38:10] --
[2025-09-25 12:38:10] 2025/09/25 12:38:10 socat[67544] N write(6, 0x5f8a4e76c000, 4) completed
[2025-09-25 12:38:10] < 2025/09/25 12:38:10.000356742  length=4 from=1406350 to=1406353
[2025-09-25 12:38:10]  00 00 00 00                                      ....
[2025-09-25 12:38:10] --
[2025-09-25 12:38:10] 2025/09/25 12:38:10 socat[67544] N write(6, 0x5f8a4e76c000, 4) completed
[2025-09-25 12:38:10] < 2025/09/25 12:38:10.000357416  length=4 from=1406354 to=1406357
[2025-09-25 12:38:10]  00 00 00 00                                      ....
[2025-09-25 12:38:10] --
[2025-09-25 12:38:10] 2025/09/25 12:38:10 socat[67544] N write(6, 0x5f8a4e76c000, 4) completed
[2025-09-25 12:38:10] < 2025/09/25 12:38:10.000357441  length=4 from=1406358 to=1406361
[2025-09-25 12:38:10]  00 00 00 00                                      ....
[2025-09-25 12:38:10] --
[2025-09-25 12:38:10] 2025/09/25 12:38:10 socat[67544] N write(6, 0x5f8a4e76c000, 4) completed
[2025-09-25 12:38:10] < 2025/09/25 12:38:10.000357462  length=4 from=1406362 to=1406365
[2025-09-25 12:38:10]  00 00 00 df                                      ....
[2025-09-25 12:38:10] --
[2025-09-25 12:38:10] 2025/09/25 12:38:10 socat[67544] N write(6, 0x5f8a4e76c000, 4) completed
[2025-09-25 12:38:10] < 2025/09/25 12:38:10.000357482  length=4 from=1406366 to=1406369
[2025-09-25 12:38:10]  21 00 00 00                                      !...
[2025-09-25 12:38:10] --
[2025-09-25 12:38:10] 2025/09/25 12:38:10 socat[67544] N write(6, 0x5f8a4e76c000, 4) completed
[2025-09-25 12:38:10] < 2025/09/25 12:38:10.000357502  length=4 from=1406370 to=1406373
[2025-09-25 12:38:10]  00 00 00 00                                      ....
[2025-09-25 12:38:10] --
[2025-09-25 12:38:10] 2025/09/25 12:38:10 socat[67544] N write(6, 0x5f8a4e76c000, 4) completed
[2025-09-25 12:38:10] < 2025/09/25 12:38:10.000357522  length=4 from=1406374 to=1406377
[2025-09-25 12:38:10]  00 00 00 00                                      ....
[2025-09-25 12:38:10] --
[2025-09-25 12:38:10] 2025/09/25 12:38:10 socat[67544] N write(6, 0x5f8a4e76c000, 4) completed
[2025-09-25 12:38:10] < 2025/09/25 12:38:10.000357542  length=4 from=1406378 to=1406381
[2025-09-25 12:38:10]  00 00 00 00                                      ....
[2025-09-25 12:38:10] --
[2025-09-25 12:38:10] 2025/09/25 12:38:10 socat[67544] N write(6, 0x5f8a4e76c000, 4) completed
[2025-09-25 12:38:10] < 2025/09/25 12:38:10.000357562  length=4 from=1406382 to=1406385
[2025-09-25 12:38:10]  00 00 00 00                                      ....
[2025-09-25 12:38:10] --
[2025-09-25 12:38:10] 2025/09/25 12:38:10 socat[67544] N write(6, 0x5f8a4e76c000, 4) completed
[2025-09-25 12:38:10] < 2025/09/25 12:38:10.000357582  length=4 from=1406386 to=1406389
[2025-09-25 12:38:10]  00 00 00 00                                      ....
[2025-09-25 12:38:10] --
[2025-09-25 12:38:10] 2025/09/25 12:38:10 socat[67544] N write(6, 0x5f8a4e76c000, 4) completed
[2025-09-25 12:38:10] < 2025/09/25 12:38:10.000357602  length=4 from=1406390 to=1406393
[2025-09-25 12:38:10]  00 00 00 00                                      ....
[2025-09-25 12:38:10] --
[2025-09-25 12:38:10] 2025/09/25 12:38:10 socat[67544] N write(6, 0x5f8a4e76c000, 4) completed
[2025-09-25 12:38:10] < 2025/09/25 12:38:10.000357624  length=4 from=1406394 to=1406397
[2025-09-25 12:38:10]  00 00 00 00                                      ....
[2025-09-25 12:38:10] --
[2025-09-25 12:38:10] 2025/09/25 12:38:10 socat[67544] N write(6, 0x5f8a4e76c000, 4) completed
[2025-09-25 12:38:10] < 2025/09/25 12:38:10.000357644  length=4 from=1406398 to=1406401
[2025-09-25 12:38:10]  00 df 21 00                                      ..!.
[2025-09-25 12:38:10] --
[2025-09-25 12:38:10] 2025/09/25 12:38:10 socat[67544] N write(6, 0x5f8a4e76c000, 4) completed
[2025-09-25 12:38:10] < 2025/09/25 12:38:10.000357664  length=4 from=1406402 to=1406405
[2025-09-25 12:38:10]  00 00 00 00                                      ....
[2025-09-25 12:38:10] --
[2025-09-25 12:38:10] 2025/09/25 12:38:10 socat[67544] N write(6, 0x5f8a4e76c000, 4) completed
[2025-09-25 12:38:10] < 2025/09/25 12:38:10.000357684  length=4 from=1406406 to=1406409
[2025-09-25 12:38:10]  00 00 00 00                                      ....
[2025-09-25 12:38:10] --
[2025-09-25 12:38:10] 2025/09/25 12:38:10 socat[67544] N write(6, 0x5f8a4e76c000, 4) completed
[2025-09-25 12:38:10] < 2025/09/25 12:38:10.000357704  length=4 from=1406410 to=1406413
[2025-09-25 12:38:10]  00 00 00 00                                      ....
[2025-09-25 12:38:10] --
[2025-09-25 12:38:10] 2025/09/25 12:38:10 socat[67544] N write(6, 0x5f8a4e76c000, 4) completed
[2025-09-25 12:38:10] < 2025/09/25 12:38:10.000357724  length=4 from=1406414 to=1406417
[2025-09-25 12:38:10]  00 00 00 00                                      ....
[2025-09-25 12:38:10] --
[2025-09-25 12:38:10] 2025/09/25 12:38:10 socat[67544] N write(6, 0x5f8a4e76c000, 4) completed
[2025-09-25 12:38:10] < 2025/09/25 12:38:10.000357744  length=4 from=1406418 to=1406421
[2025-09-25 12:38:10]  00 00 00 00                                      ....
[2025-09-25 12:38:10] --
[2025-09-25 12:38:10] 2025/09/25 12:38:10 socat[67544] N write(6, 0x5f8a4e76c000, 4) completed
[2025-09-25 12:38:10] < 2025/09/25 12:38:10.000357764  length=4 from=1406422 to=1406425
[2025-09-25 12:38:10]  00 00 00 00                                      ....
[2025-09-25 12:38:10] --
[2025-09-25 12:38:10] 2025/09/25 12:38:10 socat[67544] N write(6, 0x5f8a4e76c000, 4) completed
[2025-09-25 12:38:10] < 2025/09/25 12:38:10.000357785  length=4 from=1406426 to=1406429
[2025-09-25 12:38:10]  00 00 00 00                                      ....
[2025-09-25 12:38:10] --
[2025-09-25 12:38:10] 2025/09/25 12:38:10 socat[67544] N write(6, 0x5f8a4e76c000, 4) completed
[2025-09-25 12:38:10] < 2025/09/25 12:38:10.000357805  length=4 from=1406430 to=1406433
[2025-09-25 12:38:10]  00 00 00 df                                      ....
[2025-09-25 12:38:10] --
[2025-09-25 12:38:10] 2025/09/25 12:38:10 socat[67544] N write(6, 0x5f8a4e76c000, 4) completed
[2025-09-25 12:38:10] < 2025/09/25 12:38:10.000357825  length=4 from=1406434 to=1406437
[2025-09-25 12:38:10]  21 00 00 00                                      !...
[2025-09-25 12:38:10] --
[2025-09-25 12:38:10] 2025/09/25 12:38:10 socat[67544] N write(6, 0x5f8a4e76c000, 4) completed
[2025-09-25 12:38:10] < 2025/09/25 12:38:10.000357845  length=4 from=1406438 to=1406441
[2025-09-25 12:38:10]  00 00 00 00                                      ....
[2025-09-25 12:38:10] --
[2025-09-25 12:38:10] 2025/09/25 12:38:10 socat[67544] N write(6, 0x5f8a4e76c000, 4) completed
[2025-09-25 12:38:10] < 2025/09/25 12:38:10.000357865  length=4 from=1406442 to=1406445
[2025-09-25 12:38:10]  00 00 00 00                                      ....
[2025-09-25 12:38:10] --
[2025-09-25 12:38:10] 2025/09/25 12:38:10 socat[67544] N write(6, 0x5f8a4e76c000, 4) completed
[2025-09-25 12:38:10] < 2025/09/25 12:38:10.000357885  length=4 from=1406446 to=1406449
[2025-09-25 12:38:10]  00 00 00 06                                      ....
[2025-09-25 12:38:10] --
[2025-09-25 12:38:10] 2025/09/25 12:38:10 socat[67544] N write(6, 0x5f8a4e76c000, 4) completed
[2025-09-25 12:38:10] < 2025/09/25 12:38:10.000357905  length=4 from=1406450 to=1406453
[2025-09-25 12:38:10]  10 00 00 00                                      ....
[2025-09-25 12:38:10] --
[2025-09-25 12:38:10] 2025/09/25 12:38:10 socat[67544] N write(6, 0x5f8a4e76c000, 4) completed
[2025-09-25 12:38:10] < 2025/09/25 12:38:10.000357925  length=4 from=1406454 to=1406457
[2025-09-25 12:38:10]  00 00 00 06                                      ....
[2025-09-25 12:38:10] --
[2025-09-25 12:38:10] 2025/09/25 12:38:10 socat[67544] N write(6, 0x5f8a4e76c000, 4) completed
[2025-09-25 12:38:10] < 2025/09/25 12:38:10.000357946  length=4 from=1406458 to=1406461
[2025-09-25 12:38:10]  10 00 01 00                                      ....
[2025-09-25 12:38:10] --
[2025-09-25 12:38:10] 2025/09/25 12:38:10 socat[67544] N write(6, 0x5f8a4e76c000, 4) completed
[2025-09-25 12:38:10] < 2025/09/25 12:38:10.000357974  length=4 from=1406462 to=1406465
[2025-09-25 12:38:10]  00 00 00 00                                      ....
[2025-09-25 12:38:10] --
[2025-09-25 12:38:10] 2025/09/25 12:38:10 socat[67544] N write(6, 0x5f8a4e76c000, 4) completed
[2025-09-25 12:38:10] < 2025/09/25 12:38:10.000357995  length=4 from=1406466 to=1406469
[2025-09-25 12:38:10]  00 b2 21 00                                      ..!.
[2025-09-25 12:38:10] --
[2025-09-25 12:38:10] 2025/09/25 12:38:10 socat[67544] N write(6, 0x5f8a4e76c000, 4) completed
[2025-09-25 12:38:10] < 2025/09/25 12:38:10.000358015  length=4 from=1406470 to=1406473
[2025-09-25 12:38:10]  00 00 00 00                                      ....
[2025-09-25 12:38:10] --
[2025-09-25 12:38:10] 2025/09/25 12:38:10 socat[67544] N write(6, 0x5f8a4e76c000, 4) completed
[2025-09-25 12:38:10] < 2025/09/25 12:38:10.000358038  length=4 from=1406474 to=1406477
[2025-09-25 12:38:10]  00 00 00 00                                      ....
[2025-09-25 12:38:10] --
[2025-09-25 12:38:10] 2025/09/25 12:38:10 socat[67544] N write(6, 0x5f8a4e76c000, 4) completed
[2025-09-25 12:38:10] < 2025/09/25 12:38:10.000358058  length=4 from=1406478 to=1406481
[2025-09-25 12:38:10]  00 00 00 00                                      ....
[2025-09-25 12:38:10] --
[2025-09-25 12:38:10] 2025/09/25 12:38:10 socat[67544] N write(6, 0x5f8a4e76c000, 4) completed
[2025-09-25 12:38:10] < 2025/09/25 12:38:10.000430983  length=4 from=1406482 to=1406485
[2025-09-25 12:38:10]  00 00 00 00                                      ....
[2025-09-25 12:38:10] --
[2025-09-25 12:38:10] 2025/09/25 12:38:10 socat[67544] N write(6, 0x5f8a4e76c000, 4) completed
[2025-09-25 12:38:10] < 2025/09/25 12:38:10.000431069  length=4 from=1406486 to=1406489
[2025-09-25 12:38:10]  00 00 00 00                                      ....
[2025-09-25 12:38:10] --
[2025-09-25 12:38:10] 2025/09/25 12:38:10 socat[67544] N write(6, 0x5f8a4e76c000, 4) completed
[2025-09-25 12:38:10] < 2025/09/25 12:38:10.000431093  length=4 from=1406490 to=1406493
[2025-09-25 12:38:10]  00 00 00 00                                      ....
[2025-09-25 12:38:10] --
[2025-09-25 12:38:10] 2025/09/25 12:38:10 socat[67544] N write(6, 0x5f8a4e76c000, 4) completed
[2025-09-25 12:38:10] < 2025/09/25 12:38:10.000431115  length=4 from=1406494 to=1406497
[2025-09-25 12:38:10]  00 00 00 00                                      ....
[2025-09-25 12:38:10] --
[2025-09-25 12:38:10] 2025/09/25 12:38:10 socat[67544] N write(6, 0x5f8a4e76c000, 4) completed
[2025-09-25 12:38:10] < 2025/09/25 12:38:10.000431137  length=4 from=1406498 to=1406501
[2025-09-25 12:38:10]  00 00 00 df                                      ....
[2025-09-25 12:38:10] --
[2025-09-25 12:38:10] 2025/09/25 12:38:10 socat[67544] N write(6, 0x5f8a4e76c000, 4) completed
[2025-09-25 12:38:10] < 2025/09/25 12:38:10.000431159  length=4 from=1406502 to=1406505
[2025-09-25 12:38:10]  21 00 00 00                                      !...
[2025-09-25 12:38:10] --
[2025-09-25 12:38:10] 2025/09/25 12:38:10 socat[67544] N write(6, 0x5f8a4e76c000, 4) completed
[2025-09-25 12:38:10] < 2025/09/25 12:38:10.000431181  length=4 from=1406506 to=1406509
[2025-09-25 12:38:10]  00 00 00 00                                      ....
[2025-09-25 12:38:10] --
[2025-09-25 12:38:10] 2025/09/25 12:38:10 socat[67544] N write(6, 0x5f8a4e76c000, 4) completed
[2025-09-25 12:38:10] < 2025/09/25 12:38:10.000431203  length=4 from=1406510 to=1406513
[2025-09-25 12:38:10]  00 00 00 00                                      ....
[2025-09-25 12:38:10] --
[2025-09-25 12:38:10] 2025/09/25 12:38:10 socat[67544] N write(6, 0x5f8a4e76c000, 4) completed
[2025-09-25 12:38:10] < 2025/09/25 12:38:10.000431225  length=4 from=1406514 to=1406517
[2025-09-25 12:38:10]  00 00 00 00                                      ....
[2025-09-25 12:38:10] --
[2025-09-25 12:38:10] 2025/09/25 12:38:10 socat[67544] N write(6, 0x5f8a4e76c000, 4) completed
[2025-09-25 12:38:10] < 2025/09/25 12:38:10.000431247  length=4 from=1406518 to=1406521
[2025-09-25 12:38:10]  00 00 00 00                                      ....
[2025-09-25 12:38:10] --
[2025-09-25 12:38:10] 2025/09/25 12:38:10 socat[67544] N write(6, 0x5f8a4e76c000, 4) completed
[2025-09-25 12:38:10] < 2025/09/25 12:38:10.000431269  length=4 from=1406522 to=1406525
[2025-09-25 12:38:10]  00 00 00 00                                      ....
[2025-09-25 12:38:10] --
[2025-09-25 12:38:10] 2025/09/25 12:38:10 socat[67544] N write(6, 0x5f8a4e76c000, 4) completed
[2025-09-25 12:38:10] < 2025/09/25 12:38:10.000431291  length=4 from=1406526 to=1406529
[2025-09-25 12:38:10]  00 00 00 00                                      ....
[2025-09-25 12:38:10] --
[2025-09-25 12:38:10] 2025/09/25 12:38:10 socat[67544] N write(6, 0x5f8a4e76c000, 4) completed
[2025-09-25 12:38:10] < 2025/09/25 12:38:10.000431312  length=4 from=1406530 to=1406533
[2025-09-25 12:38:10]  00 00 00 00                                      ....
[2025-09-25 12:38:10] --
[2025-09-25 12:38:10] 2025/09/25 12:38:10 socat[67544] N write(6, 0x5f8a4e76c000, 4) completed
[2025-09-25 12:38:10] < 2025/09/25 12:38:10.000431334  length=4 from=1406534 to=1406537
[2025-09-25 12:38:10]  00 df 21 00                                      ..!.
[2025-09-25 12:38:10] --
[2025-09-25 12:38:10] 2025/09/25 12:38:10 socat[67544] N write(6, 0x5f8a4e76c000, 4) completed
[2025-09-25 12:38:10] < 2025/09/25 12:38:10.000431356  length=4 from=1406538 to=1406541
[2025-09-25 12:38:10]  00 00 00 00                                      ....
[2025-09-25 12:38:10] --
[2025-09-25 12:38:10] 2025/09/25 12:38:10 socat[67544] N write(6, 0x5f8a4e76c000, 4) completed
[2025-09-25 12:38:10] < 2025/09/25 12:38:10.000431378  length=4 from=1406542 to=1406545
[2025-09-25 12:38:10]  00 00 00 00                                      ....
[2025-09-25 12:38:10] --
[2025-09-25 12:38:10] 2025/09/25 12:38:10 socat[67544] N write(6, 0x5f8a4e76c000, 4) completed
[2025-09-25 12:38:10] < 2025/09/25 12:38:10.000431400  length=4 from=1406546 to=1406549
[2025-09-25 12:38:10]  00 00 00 00                                      ....
[2025-09-25 12:38:10] --
[2025-09-25 12:38:10] 2025/09/25 12:38:10 socat[67544] N write(6, 0x5f8a4e76c000, 4) completed
[2025-09-25 12:38:10] < 2025/09/25 12:38:10.000431422  length=4 from=1406550 to=1406553
[2025-09-25 12:38:10]  00 00 00 00                                      ....
[2025-09-25 12:38:10] --
[2025-09-25 12:38:10] 2025/09/25 12:38:10 socat[67544] N write(6, 0x5f8a4e76c000, 4) completed
[2025-09-25 12:38:10] < 2025/09/25 12:38:10.000431444  length=4 from=1406554 to=1406557
[2025-09-25 12:38:10]  00 00 00 00                                      ....
[2025-09-25 12:38:10] --
[2025-09-25 12:38:10] 2025/09/25 12:38:10 socat[67544] N write(6, 0x5f8a4e76c000, 4) completed
[2025-09-25 12:38:10] < 2025/09/25 12:38:10.000431466  length=4 from=1406558 to=1406561
[2025-09-25 12:38:10]  00 00 00 00                                      ....
[2025-09-25 12:38:10] --
[2025-09-25 12:38:10] 2025/09/25 12:38:10 socat[67544] N write(6, 0x5f8a4e76c000, 4) completed
[2025-09-25 12:38:10] < 2025/09/25 12:38:10.000431488  length=4 from=1406562 to=1406565
[2025-09-25 12:38:10]  00 00 00 00                                      ....
[2025-09-25 12:38:10] --
[2025-09-25 12:38:10] 2025/09/25 12:38:10 socat[67544] N write(6, 0x5f8a4e76c000, 4) completed
[2025-09-25 12:38:10] < 2025/09/25 12:38:10.000431512  length=4 from=1406566 to=1406569
[2025-09-25 12:38:10]  00 00 00 df                                      ....
[2025-09-25 12:38:10] --
[2025-09-25 12:38:10] 2025/09/25 12:38:10 socat[67544] N write(6, 0x5f8a4e76c000, 4) completed
[2025-09-25 12:38:10] < 2025/09/25 12:38:10.000431534  length=4 from=1406570 to=1406573
[2025-09-25 12:38:10]  21 00 00 00                                      !...
[2025-09-25 12:38:10] --
[2025-09-25 12:38:10] 2025/09/25 12:38:10 socat[67544] N write(6, 0x5f8a4e76c000, 4) completed
[2025-09-25 12:38:10] < 2025/09/25 12:38:10.000431556  length=4 from=1406574 to=1406577
[2025-09-25 12:38:10]  00 00 00 00                                      ....
[2025-09-25 12:38:10] --
[2025-09-25 12:38:10] 2025/09/25 12:38:10 socat[67544] N write(6, 0x5f8a4e76c000, 4) completed
[2025-09-25 12:38:10] < 2025/09/25 12:38:10.000431578  length=4 from=1406578 to=1406581
[2025-09-25 12:38:10]  00 00 00 00                                      ....
[2025-09-25 12:38:10] --
[2025-09-25 12:38:10] 2025/09/25 12:38:10 socat[67544] N write(6, 0x5f8a4e76c000, 4) completed
[2025-09-25 12:38:10] < 2025/09/25 12:38:10.000431599  length=4 from=1406582 to=1406585
[2025-09-25 12:38:10]  00 00 00 00                                      ....
[2025-09-25 12:38:10] --
[2025-09-25 12:38:10] 2025/09/25 12:38:10 socat[67544] N write(6, 0x5f8a4e76c000, 4) completed
[2025-09-25 12:38:10] < 2025/09/25 12:38:10.000431621  length=4 from=1406586 to=1406589
[2025-09-25 12:38:10]  00 00 00 00                                      ....
[2025-09-25 12:38:10] --
[2025-09-25 12:38:10] 2025/09/25 12:38:10 socat[67544] N write(6, 0x5f8a4e76c000, 4) completed
[2025-09-25 12:38:10] < 2025/09/25 12:38:10.000431643  length=4 from=1406590 to=1406593
[2025-09-25 12:38:10]  00 00 00 00                                      ....
[2025-09-25 12:38:10] --
[2025-09-25 12:38:10] 2025/09/25 12:38:10 socat[67544] N write(6, 0x5f8a4e76c000, 4) completed
[2025-09-25 12:38:10] < 2025/09/25 12:38:10.000431665  length=4 from=1406594 to=1406597
[2025-09-25 12:38:10]  00 00 00 00                                      ....
[2025-09-25 12:38:10] --
[2025-09-25 12:38:10] 2025/09/25 12:38:10 socat[67544] N write(6, 0x5f8a4e76c000, 4) completed
[2025-09-25 12:38:10] < 2025/09/25 12:38:10.000431687  length=4 from=1406598 to=1406601
[2025-09-25 12:38:10]  00 00 00 00                                      ....
[2025-09-25 12:38:10] --
[2025-09-25 12:38:10] 2025/09/25 12:38:10 socat[67544] N write(6, 0x5f8a4e76c000, 4) completed
[2025-09-25 12:38:10] < 2025/09/25 12:38:10.000431709  length=4 from=1406602 to=1406605
[2025-09-25 12:38:10]  00 df 21 00                                      ..!.
[2025-09-25 12:38:10] --
[2025-09-25 12:38:10] 2025/09/25 12:38:10 socat[67544] N write(6, 0x5f8a4e76c000, 4) completed
[2025-09-25 12:38:10] < 2025/09/25 12:38:10.000431731  length=4 from=1406606 to=1406609
[2025-09-25 12:38:10]  00 00 00 00                                      ....
[2025-09-25 12:38:10] --
[2025-09-25 12:38:10] 2025/09/25 12:38:10 socat[67544] N write(6, 0x5f8a4e76c000, 4) completed
[2025-09-25 12:38:10] < 2025/09/25 12:38:10.000431753  length=4 from=1406610 to=1406613
[2025-09-25 12:38:10]  00 00 00 00                                      ....
[2025-09-25 12:38:10] --
[2025-09-25 12:38:10] 2025/09/25 12:38:10 socat[67544] N write(6, 0x5f8a4e76c000, 4) completed
[2025-09-25 12:38:10] < 2025/09/25 12:38:10.000431775  length=4 from=1406614 to=1406617
[2025-09-25 12:38:10]  00 00 00 00                                      ....
[2025-09-25 12:38:10] --
[2025-09-25 12:38:10] 2025/09/25 12:38:10 socat[67544] N write(6, 0x5f8a4e76c000, 4) completed
[2025-09-25 12:38:10] < 2025/09/25 12:38:10.000431797  length=4 from=1406618 to=1406621
[2025-09-25 12:38:10]  00 00 00 00                                      ....
[2025-09-25 12:38:10] --
[2025-09-25 12:38:10] 2025/09/25 12:38:10 socat[67544] N write(6, 0x5f8a4e76c000, 4) completed
[2025-09-25 12:38:10] < 2025/09/25 12:38:10.000431818  length=4 from=1406622 to=1406625
[2025-09-25 12:38:10]  00 00 00 00                                      ....
[2025-09-25 12:38:10] --
[2025-09-25 12:38:10] 2025/09/25 12:38:10 socat[67544] N write(6, 0x5f8a4e76c000, 4) completed
[2025-09-25 12:38:10] < 2025/09/25 12:38:10.000431840  length=4 from=1406626 to=1406629
[2025-09-25 12:38:10]  00 00 00 00                                      ....
[2025-09-25 12:38:10] --
[2025-09-25 12:38:10] 2025/09/25 12:38:10 socat[67544] N write(6, 0x5f8a4e76c000, 4) completed
[2025-09-25 12:38:10] < 2025/09/25 12:38:10.000431865  length=4 from=1406630 to=1406633
[2025-09-25 12:38:10]  00 00 00 00                                      ....
[2025-09-25 12:38:10] --
[2025-09-25 12:38:10] 2025/09/25 12:38:10 socat[67544] N write(6, 0x5f8a4e76c000, 4) completed
[2025-09-25 12:38:10] < 2025/09/25 12:38:10.000431887  length=4 from=1406634 to=1406637
[2025-09-25 12:38:10]  00 00 00 df                                      ....
[2025-09-25 12:38:10] --
[2025-09-25 12:38:10] 2025/09/25 12:38:10 socat[67544] N write(6, 0x5f8a4e76c000, 4) completed
[2025-09-25 12:38:10] < 2025/09/25 12:38:10.000431908  length=4 from=1406638 to=1406641
[2025-09-25 12:38:10]  21 00 00 00                                      !...
[2025-09-25 12:38:10] --
[2025-09-25 12:38:10] 2025/09/25 12:38:10 socat[67544] N write(6, 0x5f8a4e76c000, 4) completed
[2025-09-25 12:38:10] < 2025/09/25 12:38:10.000431930  length=4 from=1406642 to=1406645
[2025-09-25 12:38:10]  00 00 00 00                                      ....
[2025-09-25 12:38:10] --
[2025-09-25 12:38:10] 2025/09/25 12:38:10 socat[67544] N write(6, 0x5f8a4e76c000, 4) completed
[2025-09-25 12:38:10] < 2025/09/25 12:38:10.000431951  length=4 from=1406646 to=1406649
[2025-09-25 12:38:10]  00 00 00 00                                      ....
[2025-09-25 12:38:10] --
[2025-09-25 12:38:10] 2025/09/25 12:38:10 socat[67544] N write(6, 0x5f8a4e76c000, 4) completed
[2025-09-25 12:38:10] < 2025/09/25 12:38:10.000431990  length=4 from=1406650 to=1406653
[2025-09-25 12:38:10]  00 00 00 00                                      ....
[2025-09-25 12:38:10] --
[2025-09-25 12:38:10] 2025/09/25 12:38:10 socat[67544] N write(6, 0x5f8a4e76c000, 4) completed
[2025-09-25 12:38:10] < 2025/09/25 12:38:10.000432012  length=4 from=1406654 to=1406657
[2025-09-25 12:38:10]  00 00 00 00                                      ....
[2025-09-25 12:38:10] --
[2025-09-25 12:38:10] 2025/09/25 12:38:10 socat[67544] N write(6, 0x5f8a4e76c000, 4) completed
[2025-09-25 12:38:10] < 2025/09/25 12:38:10.000432033  length=4 from=1406658 to=1406661
[2025-09-25 12:38:10]  00 00 00 00                                      ....
[2025-09-25 12:38:10] --
[2025-09-25 12:38:10] 2025/09/25 12:38:10 socat[67544] N write(6, 0x5f8a4e76c000, 4) completed
[2025-09-25 12:38:10] < 2025/09/25 12:38:10.000432054  length=4 from=1406662 to=1406665
[2025-09-25 12:38:10]  00 00 00 00                                      ....
[2025-09-25 12:38:10] --
[2025-09-25 12:38:10] 2025/09/25 12:38:10 socat[67544] N write(6, 0x5f8a4e76c000, 4) completed
[2025-09-25 12:38:10] < 2025/09/25 12:38:10.000432075  length=4 from=1406666 to=1406669
[2025-09-25 12:38:10]  00 00 00 00                                      ....
[2025-09-25 12:38:10] --
[2025-09-25 12:38:10] 2025/09/25 12:38:10 socat[67544] N write(6, 0x5f8a4e76c000, 4) completed
[2025-09-25 12:38:10] < 2025/09/25 12:38:10.000432097  length=4 from=1406670 to=1406673
[2025-09-25 12:38:10]  00 df 21 00                                      ..!.
[2025-09-25 12:38:10] --
[2025-09-25 12:38:10] 2025/09/25 12:38:10 socat[67544] N write(6, 0x5f8a4e76c000, 4) completed
[2025-09-25 12:38:10] < 2025/09/25 12:38:10.000432118  length=4 from=1406674 to=1406677
[2025-09-25 12:38:10]  00 00 00 00                                      ....
[2025-09-25 12:38:10] --
[2025-09-25 12:38:10] 2025/09/25 12:38:10 socat[67544] N write(6, 0x5f8a4e76c000, 4) completed
[2025-09-25 12:38:10] < 2025/09/25 12:38:10.000432139  length=4 from=1406678 to=1406681
[2025-09-25 12:38:10]  00 00 00 00                                      ....
[2025-09-25 12:38:10] --
[2025-09-25 12:38:10] 2025/09/25 12:38:10 socat[67544] N write(6, 0x5f8a4e76c000, 4) completed
[2025-09-25 12:38:10] < 2025/09/25 12:38:10.000432160  length=4 from=1406682 to=1406685
[2025-09-25 12:38:10]  00 00 00 00                                      ....
[2025-09-25 12:38:10] --
[2025-09-25 12:38:10] 2025/09/25 12:38:10 socat[67544] N write(6, 0x5f8a4e76c000, 4) completed
[2025-09-25 12:38:10] < 2025/09/25 12:38:10.000432181  length=4 from=1406686 to=1406689
[2025-09-25 12:38:10]  00 00 00 00                                      ....
[2025-09-25 12:38:10] --
[2025-09-25 12:38:10] 2025/09/25 12:38:10 socat[67544] N write(6, 0x5f8a4e76c000, 4) completed
[2025-09-25 12:38:10] < 2025/09/25 12:38:10.000432203  length=4 from=1406690 to=1406693
[2025-09-25 12:38:10]  00 00 00 00                                      ....
[2025-09-25 12:38:10] --
[2025-09-25 12:38:10] 2025/09/25 12:38:10 socat[67544] N write(6, 0x5f8a4e76c000, 4) completed
[2025-09-25 12:38:10] < 2025/09/25 12:38:10.000432224  length=4 from=1406694 to=1406697
[2025-09-25 12:38:10]  00 00 00 00                                      ....
[2025-09-25 12:38:10] --
[2025-09-25 12:38:10] 2025/09/25 12:38:10 socat[67544] N write(6, 0x5f8a4e76c000, 4) completed
[2025-09-25 12:38:10] < 2025/09/25 12:38:10.000432245  length=4 from=1406698 to=1406701
[2025-09-25 12:38:10]  00 00 00 00                                      ....
[2025-09-25 12:38:10] --
[2025-09-25 12:38:10] 2025/09/25 12:38:10 socat[67544] N write(6, 0x5f8a4e76c000, 4) completed
[2025-09-25 12:38:10] < 2025/09/25 12:38:10.000432266  length=4 from=1406702 to=1406705
[2025-09-25 12:38:10]  00 00 00 df                                      ....
[2025-09-25 12:38:10] --
[2025-09-25 12:38:10] 2025/09/25 12:38:10 socat[67544] N write(6, 0x5f8a4e76c000, 4) completed
[2025-09-25 12:38:10] < 2025/09/25 12:38:10.000432288  length=4 from=1406706 to=1406709
[2025-09-25 12:38:10]  21 00 00 00                                      !...
[2025-09-25 12:38:10] --
[2025-09-25 12:38:10] 2025/09/25 12:38:10 socat[67544] N write(6, 0x5f8a4e76c000, 4) completed
[2025-09-25 12:38:10] < 2025/09/25 12:38:10.000432309  length=4 from=1406710 to=1406713
[2025-09-25 12:38:10]  00 00 00 00                                      ....
[2025-09-25 12:38:10] --
[2025-09-25 12:38:10] 2025/09/25 12:38:10 socat[67544] N write(6, 0x5f8a4e76c000, 4) completed
[2025-09-25 12:38:10] < 2025/09/25 12:38:10.000432330  length=4 from=1406714 to=1406717
[2025-09-25 12:38:10]  00 00 00 00                                      ....
[2025-09-25 12:38:10] --
[2025-09-25 12:38:10] 2025/09/25 12:38:10 socat[67544] N write(6, 0x5f8a4e76c000, 4) completed
[2025-09-25 12:38:10] < 2025/09/25 12:38:10.000432351  length=4 from=1406718 to=1406721
[2025-09-25 12:38:10]  00 00 00 00                                      ....
[2025-09-25 12:38:10] --
[2025-09-25 12:38:10] 2025/09/25 12:38:10 socat[67544] N write(6, 0x5f8a4e76c000, 4) completed
[2025-09-25 12:38:10] < 2025/09/25 12:38:10.000432372  length=4 from=1406722 to=1406725
[2025-09-25 12:38:10]  00 00 00 00                                      ....
[2025-09-25 12:38:10] --
[2025-09-25 12:38:10] 2025/09/25 12:38:10 socat[67544] N write(6, 0x5f8a4e76c000, 4) completed
[2025-09-25 12:38:10] < 2025/09/25 12:38:10.000432394  length=4 from=1406726 to=1406729
[2025-09-25 12:38:10]  00 00 00 00                                      ....
[2025-09-25 12:38:10] --
[2025-09-25 12:38:10] 2025/09/25 12:38:10 socat[67544] N write(6, 0x5f8a4e76c000, 4) completed
[2025-09-25 12:38:10] < 2025/09/25 12:38:10.000432415  length=4 from=1406730 to=1406733
[2025-09-25 12:38:10]  00 00 00 00                                      ....
[2025-09-25 12:38:10] --
[2025-09-25 12:38:10] 2025/09/25 12:38:10 socat[67544] N write(6, 0x5f8a4e76c000, 4) completed
[2025-09-25 12:38:10] < 2025/09/25 12:38:10.000432437  length=4 from=1406734 to=1406737
[2025-09-25 12:38:10]  00 00 00 00                                      ....
[2025-09-25 12:38:10] --
[2025-09-25 12:38:10] 2025/09/25 12:38:10 socat[67544] N write(6, 0x5f8a4e76c000, 4) completed
[2025-09-25 12:38:10] < 2025/09/25 12:38:10.000502980  length=4 from=1406738 to=1406741
[2025-09-25 12:38:10]  00 df 21 00                                      ..!.
[2025-09-25 12:38:10] --
[2025-09-25 12:38:10] 2025/09/25 12:38:10 socat[67544] N write(6, 0x5f8a4e76c000, 4) completed
[2025-09-25 12:38:10] < 2025/09/25 12:38:10.000503071  length=4 from=1406742 to=1406745
[2025-09-25 12:38:10]  00 00 00 00                                      ....
[2025-09-25 12:38:10] --
[2025-09-25 12:38:10] 2025/09/25 12:38:10 socat[67544] N write(6, 0x5f8a4e76c000, 4) completed
[2025-09-25 12:38:10] < 2025/09/25 12:38:10.000503098  length=4 from=1406746 to=1406749
[2025-09-25 12:38:10]  00 00 00 00                                      ....
[2025-09-25 12:38:10] --
[2025-09-25 12:38:10] 2025/09/25 12:38:10 socat[67544] N write(6, 0x5f8a4e76c000, 4) completed
[2025-09-25 12:38:10] < 2025/09/25 12:38:10.000503124  length=4 from=1406750 to=1406753
[2025-09-25 12:38:10]  00 00 00 00                                      ....
[2025-09-25 12:38:10] --
[2025-09-25 12:38:10] 2025/09/25 12:38:10 socat[67544] N write(6, 0x5f8a4e76c000, 4) completed
[2025-09-25 12:38:10] < 2025/09/25 12:38:10.000503149  length=4 from=1406754 to=1406757
[2025-09-25 12:38:10]  00 00 00 00                                      ....
[2025-09-25 12:38:10] --
[2025-09-25 12:38:10] 2025/09/25 12:38:10 socat[67544] N write(6, 0x5f8a4e76c000, 4) completed
[2025-09-25 12:38:10] < 2025/09/25 12:38:10.000503179  length=4 from=1406758 to=1406761
[2025-09-25 12:38:10]  00 00 00 00                                      ....
[2025-09-25 12:38:10] --
[2025-09-25 12:38:10] 2025/09/25 12:38:10 socat[67544] N write(6, 0x5f8a4e76c000, 4) completed
[2025-09-25 12:38:10] < 2025/09/25 12:38:10.000503205  length=4 from=1406762 to=1406765
[2025-09-25 12:38:10]  00 00 00 00                                      ....
[2025-09-25 12:38:10] --
[2025-09-25 12:38:10] 2025/09/25 12:38:10 socat[67544] N write(6, 0x5f8a4e76c000, 4) completed
[2025-09-25 12:38:10] < 2025/09/25 12:38:10.000503227  length=4 from=1406766 to=1406769
[2025-09-25 12:38:10]  00 00 00 00                                      ....
[2025-09-25 12:38:10] --
[2025-09-25 12:38:10] 2025/09/25 12:38:10 socat[67544] N write(6, 0x5f8a4e76c000, 4) completed
[2025-09-25 12:38:10] < 2025/09/25 12:38:10.000503249  length=4 from=1406770 to=1406773
[2025-09-25 12:38:10]  00 00 00 df                                      ....
[2025-09-25 12:38:10] --
[2025-09-25 12:38:10] 2025/09/25 12:38:10 socat[67544] N write(6, 0x5f8a4e76c000, 4) completed
[2025-09-25 12:38:10] < 2025/09/25 12:38:10.000503271  length=4 from=1406774 to=1406777
[2025-09-25 12:38:10]  21 00 00 00                                      !...
[2025-09-25 12:38:10] --
[2025-09-25 12:38:10] 2025/09/25 12:38:10 socat[67544] N write(6, 0x5f8a4e76c000, 4) completed
[2025-09-25 12:38:10] < 2025/09/25 12:38:10.000503292  length=4 from=1406778 to=1406781
[2025-09-25 12:38:10]  00 00 00 00                                      ....
[2025-09-25 12:38:10] --
[2025-09-25 12:38:10] 2025/09/25 12:38:10 socat[67544] N write(6, 0x5f8a4e76c000, 4) completed
[2025-09-25 12:38:10] < 2025/09/25 12:38:10.000503314  length=4 from=1406782 to=1406785
[2025-09-25 12:38:10]  00 00 00 00                                      ....
[2025-09-25 12:38:10] --
[2025-09-25 12:38:10] 2025/09/25 12:38:10 socat[67544] N write(6, 0x5f8a4e76c000, 4) completed
[2025-09-25 12:38:10] < 2025/09/25 12:38:10.000503336  length=4 from=1406786 to=1406789
[2025-09-25 12:38:10]  00 00 00 00                                      ....
[2025-09-25 12:38:10] --
[2025-09-25 12:38:10] 2025/09/25 12:38:10 socat[67544] N write(6, 0x5f8a4e76c000, 4) completed
[2025-09-25 12:38:10] < 2025/09/25 12:38:10.000503358  length=4 from=1406790 to=1406793
[2025-09-25 12:38:10]  00 00 00 00                                      ....
[2025-09-25 12:38:10] --
[2025-09-25 12:38:10] 2025/09/25 12:38:10 socat[67544] N write(6, 0x5f8a4e76c000, 4) completed
[2025-09-25 12:38:10] < 2025/09/25 12:38:10.000503379  length=4 from=1406794 to=1406797
[2025-09-25 12:38:10]  00 00 00 00                                      ....
[2025-09-25 12:38:10] --
[2025-09-25 12:38:10] 2025/09/25 12:38:10 socat[67544] N write(6, 0x5f8a4e76c000, 4) completed
[2025-09-25 12:38:10] < 2025/09/25 12:38:10.000503401  length=4 from=1406798 to=1406801
[2025-09-25 12:38:10]  00 00 00 00                                      ....
[2025-09-25 12:38:10] --
[2025-09-25 12:38:10] 2025/09/25 12:38:10 socat[67544] N write(6, 0x5f8a4e76c000, 4) completed
[2025-09-25 12:38:10] < 2025/09/25 12:38:10.000503423  length=4 from=1406802 to=1406805
[2025-09-25 12:38:10]  00 00 00 00                                      ....
[2025-09-25 12:38:10] --
[2025-09-25 12:38:10] 2025/09/25 12:38:10 socat[67544] N write(6, 0x5f8a4e76c000, 4) completed
[2025-09-25 12:38:10] < 2025/09/25 12:38:10.000503446  length=4 from=1406806 to=1406809
[2025-09-25 12:38:10]  00 df 21 00                                      ..!.
[2025-09-25 12:38:10] --
[2025-09-25 12:38:10] 2025/09/25 12:38:10 socat[67544] N write(6, 0x5f8a4e76c000, 4) completed
[2025-09-25 12:38:10] < 2025/09/25 12:38:10.000503470  length=4 from=1406810 to=1406813
[2025-09-25 12:38:10]  00 00 00 00                                      ....
[2025-09-25 12:38:10] --
[2025-09-25 12:38:10] 2025/09/25 12:38:10 socat[67544] N write(6, 0x5f8a4e76c000, 4) completed
[2025-09-25 12:38:10] < 2025/09/25 12:38:10.000503492  length=4 from=1406814 to=1406817
[2025-09-25 12:38:10]  00 00 00 00                                      ....
[2025-09-25 12:38:10] --
[2025-09-25 12:38:10] 2025/09/25 12:38:10 socat[67544] N write(6, 0x5f8a4e76c000, 4) completed
[2025-09-25 12:38:10] < 2025/09/25 12:38:10.000503516  length=4 from=1406818 to=1406821
[2025-09-25 12:38:10]  00 00 00 00                                      ....
[2025-09-25 12:38:10] --
[2025-09-25 12:38:10] 2025/09/25 12:38:10 socat[67544] N write(6, 0x5f8a4e76c000, 4) completed
[2025-09-25 12:38:10] < 2025/09/25 12:38:10.000503538  length=4 from=1406822 to=1406825
[2025-09-25 12:38:10]  00 00 00 00                                      ....
[2025-09-25 12:38:10] --
[2025-09-25 12:38:10] 2025/09/25 12:38:10 socat[67544] N write(6, 0x5f8a4e76c000, 4) completed
[2025-09-25 12:38:10] < 2025/09/25 12:38:10.000503561  length=4 from=1406826 to=1406829
[2025-09-25 12:38:10]  00 00 00 00                                      ....
[2025-09-25 12:38:10] --
[2025-09-25 12:38:10] 2025/09/25 12:38:10 socat[67544] N write(6, 0x5f8a4e76c000, 4) completed
[2025-09-25 12:38:10] < 2025/09/25 12:38:10.000503583  length=4 from=1406830 to=1406833
[2025-09-25 12:38:10]  00 00 00 00                                      ....
[2025-09-25 12:38:10] --
[2025-09-25 12:38:10] 2025/09/25 12:38:10 socat[67544] N write(6, 0x5f8a4e76c000, 4) completed
[2025-09-25 12:38:10] < 2025/09/25 12:38:10.000503604  length=4 from=1406834 to=1406837
[2025-09-25 12:38:10]  00 00 00 00                                      ....
[2025-09-25 12:38:10] --
[2025-09-25 12:38:10] 2025/09/25 12:38:10 socat[67544] N write(6, 0x5f8a4e76c000, 4) completed
[2025-09-25 12:38:10] < 2025/09/25 12:38:10.000503626  length=4 from=1406838 to=1406841
[2025-09-25 12:38:10]  00 00 00 df                                      ....
[2025-09-25 12:38:10] --
[2025-09-25 12:38:10] 2025/09/25 12:38:10 socat[67544] N write(6, 0x5f8a4e76c000, 4) completed
[2025-09-25 12:38:10] < 2025/09/25 12:38:10.000503648  length=4 from=1406842 to=1406845
[2025-09-25 12:38:10]  21 00 00 00                                      !...
[2025-09-25 12:38:10] --
[2025-09-25 12:38:10] 2025/09/25 12:38:10 socat[67544] N write(6, 0x5f8a4e76c000, 4) completed
[2025-09-25 12:38:10] < 2025/09/25 12:38:10.000503670  length=4 from=1406846 to=1406849
[2025-09-25 12:38:10]  00 00 00 00                                      ....
[2025-09-25 12:38:10] --
[2025-09-25 12:38:10] 2025/09/25 12:38:10 socat[67544] N write(6, 0x5f8a4e76c000, 4) completed
[2025-09-25 12:38:10] < 2025/09/25 12:38:10.000503691  length=4 from=1406850 to=1406853
[2025-09-25 12:38:10]  00 00 00 00                                      ....
[2025-09-25 12:38:10] --
[2025-09-25 12:38:10] 2025/09/25 12:38:10 socat[67544] N write(6, 0x5f8a4e76c000, 4) completed
[2025-09-25 12:38:10] < 2025/09/25 12:38:10.000503713  length=4 from=1406854 to=1406857
[2025-09-25 12:38:10]  00 00 00 00                                      ....
[2025-09-25 12:38:10] --
[2025-09-25 12:38:10] 2025/09/25 12:38:10 socat[67544] N write(6, 0x5f8a4e76c000, 4) completed
[2025-09-25 12:38:10] < 2025/09/25 12:38:10.000503735  length=4 from=1406858 to=1406861
[2025-09-25 12:38:10]  00 00 00 00                                      ....
[2025-09-25 12:38:10] --
[2025-09-25 12:38:10] 2025/09/25 12:38:10 socat[67544] N write(6, 0x5f8a4e76c000, 4) completed
[2025-09-25 12:38:10] < 2025/09/25 12:38:10.000503760  length=4 from=1406862 to=1406865
[2025-09-25 12:38:10]  00 00 00 00                                      ....
[2025-09-25 12:38:10] --
[2025-09-25 12:38:10] 2025/09/25 12:38:10 socat[67544] N write(6, 0x5f8a4e76c000, 4) completed
[2025-09-25 12:38:10] < 2025/09/25 12:38:10.000503782  length=4 from=1406866 to=1406869
[2025-09-25 12:38:10]  00 00 00 00                                      ....
[2025-09-25 12:38:10] --
[2025-09-25 12:38:10] 2025/09/25 12:38:10 socat[67544] N write(6, 0x5f8a4e76c000, 4) completed
[2025-09-25 12:38:10] < 2025/09/25 12:38:10.000503803  length=4 from=1406870 to=1406873
[2025-09-25 12:38:10]  00 00 00 00                                      ....
[2025-09-25 12:38:10] --
[2025-09-25 12:38:10] 2025/09/25 12:38:10 socat[67544] N write(6, 0x5f8a4e76c000, 4) completed
[2025-09-25 12:38:10] < 2025/09/25 12:38:10.000503825  length=4 from=1406874 to=1406877
[2025-09-25 12:38:10]  00 df 21 00                                      ..!.
[2025-09-25 12:38:10] --
[2025-09-25 12:38:10] 2025/09/25 12:38:10 socat[67544] N write(6, 0x5f8a4e76c000, 4) completed
[2025-09-25 12:38:10] < 2025/09/25 12:38:10.000503847  length=4 from=1406878 to=1406881
[2025-09-25 12:38:10]  00 00 00 00                                      ....
[2025-09-25 12:38:10] --
[2025-09-25 12:38:10] 2025/09/25 12:38:10 socat[67544] N write(6, 0x5f8a4e76c000, 4) completed
[2025-09-25 12:38:10] < 2025/09/25 12:38:10.000503868  length=4 from=1406882 to=1406885
[2025-09-25 12:38:10]  00 00 00 00                                      ....
[2025-09-25 12:38:10] --
[2025-09-25 12:38:10] 2025/09/25 12:38:10 socat[67544] N write(6, 0x5f8a4e76c000, 4) completed
[2025-09-25 12:38:10] < 2025/09/25 12:38:10.000503890  length=4 from=1406886 to=1406889
[2025-09-25 12:38:10]  00 00 00 00                                      ....
[2025-09-25 12:38:10] --
[2025-09-25 12:38:10] 2025/09/25 12:38:10 socat[67544] N write(6, 0x5f8a4e76c000, 4) completed
[2025-09-25 12:38:10] < 2025/09/25 12:38:10.000503911  length=4 from=1406890 to=1406893
[2025-09-25 12:38:10]  00 00 00 00                                      ....
[2025-09-25 12:38:10] --
[2025-09-25 12:38:10] 2025/09/25 12:38:10 socat[67544] N write(6, 0x5f8a4e76c000, 4) completed
[2025-09-25 12:38:10] < 2025/09/25 12:38:10.000503934  length=4 from=1406894 to=1406897
[2025-09-25 12:38:10]  00 00 00 00                                      ....
[2025-09-25 12:38:10] --
[2025-09-25 12:38:10] 2025/09/25 12:38:10 socat[67544] N write(6, 0x5f8a4e76c000, 4) completed
[2025-09-25 12:38:10] < 2025/09/25 12:38:10.000503969  length=4 from=1406898 to=1406901
[2025-09-25 12:38:10]  00 00 00 00                                      ....
[2025-09-25 12:38:10] --
[2025-09-25 12:38:10] 2025/09/25 12:38:10 socat[67544] N write(6, 0x5f8a4e76c000, 4) completed
[2025-09-25 12:38:10] < 2025/09/25 12:38:10.000503993  length=4 from=1406902 to=1406905
[2025-09-25 12:38:10]  00 00 00 00                                      ....
[2025-09-25 12:38:10] --
[2025-09-25 12:38:10] 2025/09/25 12:38:10 socat[67544] N write(6, 0x5f8a4e76c000, 4) completed
[2025-09-25 12:38:10] < 2025/09/25 12:38:10.000504017  length=4 from=1406906 to=1406909
[2025-09-25 12:38:10]  00 00 00 df                                      ....
[2025-09-25 12:38:10] --
[2025-09-25 12:38:10] 2025/09/25 12:38:10 socat[67544] N write(6, 0x5f8a4e76c000, 4) completed
[2025-09-25 12:38:10] < 2025/09/25 12:38:10.000504043  length=4 from=1406910 to=1406913
[2025-09-25 12:38:10]  21 00 00 00                                      !...
[2025-09-25 12:38:10] --
[2025-09-25 12:38:10] 2025/09/25 12:38:10 socat[67544] N write(6, 0x5f8a4e76c000, 4) completed
[2025-09-25 12:38:10] < 2025/09/25 12:38:10.000504068  length=4 from=1406914 to=1406917
[2025-09-25 12:38:10]  00 00 00 00                                      ....
[2025-09-25 12:38:10] --
[2025-09-25 12:38:10] 2025/09/25 12:38:10 socat[67544] N write(6, 0x5f8a4e76c000, 4) completed
[2025-09-25 12:38:10] < 2025/09/25 12:38:10.000504093  length=4 from=1406918 to=1406921
[2025-09-25 12:38:10]  00 00 00 00                                      ....
[2025-09-25 12:38:10] --
[2025-09-25 12:38:10] 2025/09/25 12:38:10 socat[67544] N write(6, 0x5f8a4e76c000, 4) completed
[2025-09-25 12:38:10] < 2025/09/25 12:38:10.000504118  length=4 from=1406922 to=1406925
[2025-09-25 12:38:10]  00 00 00 00                                      ....
[2025-09-25 12:38:10] --
[2025-09-25 12:38:10] 2025/09/25 12:38:10 socat[67544] N write(6, 0x5f8a4e76c000, 4) completed
[2025-09-25 12:38:10] < 2025/09/25 12:38:10.000504143  length=4 from=1406926 to=1406929
[2025-09-25 12:38:10]  00 00 00 00                                      ....
[2025-09-25 12:38:10] --
[2025-09-25 12:38:10] 2025/09/25 12:38:10 socat[67544] N write(6, 0x5f8a4e76c000, 4) completed
[2025-09-25 12:38:10] < 2025/09/25 12:38:10.000504166  length=4 from=1406930 to=1406933
[2025-09-25 12:38:10]  00 00 00 00                                      ....
[2025-09-25 12:38:10] --
[2025-09-25 12:38:10] 2025/09/25 12:38:10 socat[67544] N write(6, 0x5f8a4e76c000, 4) completed
[2025-09-25 12:38:10] < 2025/09/25 12:38:10.000504190  length=4 from=1406934 to=1406937
[2025-09-25 12:38:10]  00 00 00 00                                      ....
[2025-09-25 12:38:10] --
[2025-09-25 12:38:10] 2025/09/25 12:38:10 socat[67544] N write(6, 0x5f8a4e76c000, 4) completed
[2025-09-25 12:38:10] < 2025/09/25 12:38:10.000504212  length=4 from=1406938 to=1406941
[2025-09-25 12:38:10]  00 00 00 00                                      ....
[2025-09-25 12:38:10] --
[2025-09-25 12:38:10] 2025/09/25 12:38:10 socat[67544] N write(6, 0x5f8a4e76c000, 4) completed
[2025-09-25 12:38:10] < 2025/09/25 12:38:10.000504234  length=4 from=1406942 to=1406945
[2025-09-25 12:38:10]  00 df 21 00                                      ..!.
[2025-09-25 12:38:10] --
[2025-09-25 12:38:10] 2025/09/25 12:38:10 socat[67544] N write(6, 0x5f8a4e76c000, 4) completed
[2025-09-25 12:38:10] < 2025/09/25 12:38:10.000504255  length=4 from=1406946 to=1406949
[2025-09-25 12:38:10]  00 00 00 00                                      ....
[2025-09-25 12:38:10] --
[2025-09-25 12:38:10] 2025/09/25 12:38:10 socat[67544] N write(6, 0x5f8a4e76c000, 4) completed
[2025-09-25 12:38:10] < 2025/09/25 12:38:10.000504277  length=4 from=1406950 to=1406953
[2025-09-25 12:38:10]  00 00 00 00                                      ....
[2025-09-25 12:38:10] --
[2025-09-25 12:38:10] 2025/09/25 12:38:10 socat[67544] N write(6, 0x5f8a4e76c000, 4) completed
[2025-09-25 12:38:10] < 2025/09/25 12:38:10.000504298  length=4 from=1406954 to=1406957
[2025-09-25 12:38:10]  00 00 00 00                                      ....
[2025-09-25 12:38:10] --
[2025-09-25 12:38:10] 2025/09/25 12:38:10 socat[67544] N write(6, 0x5f8a4e76c000, 4) completed
[2025-09-25 12:38:10] < 2025/09/25 12:38:10.000504320  length=4 from=1406958 to=1406961
[2025-09-25 12:38:10]  00 00 00 00                                      ....
[2025-09-25 12:38:10] --
[2025-09-25 12:38:10] 2025/09/25 12:38:10 socat[67544] N write(6, 0x5f8a4e76c000, 4) completed
[2025-09-25 12:38:10] < 2025/09/25 12:38:10.000504341  length=4 from=1406962 to=1406965
[2025-09-25 12:38:10]  00 00 00 00                                      ....
[2025-09-25 12:38:10] --
[2025-09-25 12:38:10] 2025/09/25 12:38:10 socat[67544] N write(6, 0x5f8a4e76c000, 4) completed
[2025-09-25 12:38:10] < 2025/09/25 12:38:10.000504363  length=4 from=1406966 to=1406969
[2025-09-25 12:38:10]  00 00 00 00                                      ....
[2025-09-25 12:38:10] --
[2025-09-25 12:38:10] 2025/09/25 12:38:10 socat[67544] N write(6, 0x5f8a4e76c000, 4) completed
[2025-09-25 12:38:10] < 2025/09/25 12:38:10.000504384  length=4 from=1406970 to=1406973
[2025-09-25 12:38:10]  00 00 00 00                                      ....
[2025-09-25 12:38:10] --
[2025-09-25 12:38:10] 2025/09/25 12:38:10 socat[67544] N write(6, 0x5f8a4e76c000, 4) completed
[2025-09-25 12:38:10] < 2025/09/25 12:38:10.000504406  length=4 from=1406974 to=1406977
[2025-09-25 12:38:10]  00 00 00 df                                      ....
[2025-09-25 12:38:10] --
[2025-09-25 12:38:10] 2025/09/25 12:38:10 socat[67544] N write(6, 0x5f8a4e76c000, 4) completed
[2025-09-25 12:38:10] < 2025/09/25 12:38:10.000504427  length=4 from=1406978 to=1406981
[2025-09-25 12:38:10]  21 00 00 00                                      !...
[2025-09-25 12:38:10] --
[2025-09-25 12:38:10] 2025/09/25 12:38:10 socat[67544] N write(6, 0x5f8a4e76c000, 4) completed
[2025-09-25 12:38:10] < 2025/09/25 12:38:10.000504449  length=4 from=1406982 to=1406985
[2025-09-25 12:38:10]  00 00 00 00                                      ....
[2025-09-25 12:38:10] --
[2025-09-25 12:38:10] 2025/09/25 12:38:10 socat[67544] N write(6, 0x5f8a4e76c000, 4) completed
[2025-09-25 12:38:10] < 2025/09/25 12:38:10.000504471  length=4 from=1406986 to=1406989
[2025-09-25 12:38:10]  00 00 00 00                                      ....
[2025-09-25 12:38:10] --
[2025-09-25 12:38:10] 2025/09/25 12:38:10 socat[67544] N write(6, 0x5f8a4e76c000, 4) completed
[2025-09-25 12:38:10] < 2025/09/25 12:38:10.000504493  length=4 from=1406990 to=1406993
[2025-09-25 12:38:10]  00 00 00 00                                      ....
[2025-09-25 12:38:10] --
[2025-09-25 12:38:10] 2025/09/25 12:38:10 socat[67544] N write(6, 0x5f8a4e76c000, 4) completed
[2025-09-25 12:38:10] < 2025/09/25 12:38:10.000575040  length=4 from=1406994 to=1406997
[2025-09-25 12:38:10]  00 00 00 00                                      ....
[2025-09-25 12:38:10] --
[2025-09-25 12:38:10] 2025/09/25 12:38:10 socat[67544] N write(6, 0x5f8a4e76c000, 4) completed
[2025-09-25 12:38:10] < 2025/09/25 12:38:10.000575140  length=4 from=1406998 to=1407001
[2025-09-25 12:38:10]  00 00 00 00                                      ....
[2025-09-25 12:38:10] --
[2025-09-25 12:38:10] 2025/09/25 12:38:10 socat[67544] N write(6, 0x5f8a4e76c000, 4) completed
[2025-09-25 12:38:10] < 2025/09/25 12:38:10.000575169  length=4 from=1407002 to=1407005
[2025-09-25 12:38:10]  00 00 00 00                                      ....
[2025-09-25 12:38:10] --
[2025-09-25 12:38:10] 2025/09/25 12:38:10 socat[67544] N write(6, 0x5f8a4e76c000, 4) completed
[2025-09-25 12:38:10] < 2025/09/25 12:38:10.000575196  length=4 from=1407006 to=1407009
[2025-09-25 12:38:10]  00 00 00 00                                      ....
[2025-09-25 12:38:10] --
[2025-09-25 12:38:10] 2025/09/25 12:38:10 socat[67544] N write(6, 0x5f8a4e76c000, 4) completed
[2025-09-25 12:38:10] < 2025/09/25 12:38:10.000575223  length=4 from=1407010 to=1407013
[2025-09-25 12:38:10]  00 df 21 00                                      ..!.
[2025-09-25 12:38:10] --
[2025-09-25 12:38:10] 2025/09/25 12:38:10 socat[67544] N write(6, 0x5f8a4e76c000, 4) completed
[2025-09-25 12:38:10] < 2025/09/25 12:38:10.000575249  length=4 from=1407014 to=1407017
[2025-09-25 12:38:10]  00 00 00 00                                      ....
[2025-09-25 12:38:10] --
[2025-09-25 12:38:10] 2025/09/25 12:38:10 socat[67544] N write(6, 0x5f8a4e76c000, 4) completed
[2025-09-25 12:38:10] < 2025/09/25 12:38:10.000575275  length=4 from=1407018 to=1407021
[2025-09-25 12:38:10]  00 00 00 00                                      ....
[2025-09-25 12:38:10] --
[2025-09-25 12:38:10] 2025/09/25 12:38:10 socat[67544] N write(6, 0x5f8a4e76c000, 4) completed
[2025-09-25 12:38:10] < 2025/09/25 12:38:10.000575302  length=4 from=1407022 to=1407025
[2025-09-25 12:38:10]  00 00 00 00                                      ....
[2025-09-25 12:38:10] --
[2025-09-25 12:38:10] 2025/09/25 12:38:10 socat[67544] N write(6, 0x5f8a4e76c000, 4) completed
[2025-09-25 12:38:10] < 2025/09/25 12:38:10.000575328  length=4 from=1407026 to=1407029
[2025-09-25 12:38:10]  00 00 00 00                                      ....
[2025-09-25 12:38:10] --
[2025-09-25 12:38:10] 2025/09/25 12:38:10 socat[67544] N write(6, 0x5f8a4e76c000, 4) completed
[2025-09-25 12:38:10] < 2025/09/25 12:38:10.000575358  length=4 from=1407030 to=1407033
[2025-09-25 12:38:10]  00 00 00 00                                      ....
[2025-09-25 12:38:10] --
[2025-09-25 12:38:10] 2025/09/25 12:38:10 socat[67544] N write(6, 0x5f8a4e76c000, 4) completed
[2025-09-25 12:38:10] < 2025/09/25 12:38:10.000575382  length=4 from=1407034 to=1407037
[2025-09-25 12:38:10]  00 00 00 00                                      ....
[2025-09-25 12:38:10] --
[2025-09-25 12:38:10] 2025/09/25 12:38:10 socat[67544] N write(6, 0x5f8a4e76c000, 4) completed
[2025-09-25 12:38:10] < 2025/09/25 12:38:10.000575405  length=4 from=1407038 to=1407041
[2025-09-25 12:38:10]  00 00 00 00                                      ....
[2025-09-25 12:38:10] --
[2025-09-25 12:38:10] 2025/09/25 12:38:10 socat[67544] N write(6, 0x5f8a4e76c000, 4) completed
[2025-09-25 12:38:10] < 2025/09/25 12:38:10.000575427  length=4 from=1407042 to=1407045
[2025-09-25 12:38:10]  00 00 00 df                                      ....
[2025-09-25 12:38:10] --
[2025-09-25 12:38:10] 2025/09/25 12:38:10 socat[67544] N write(6, 0x5f8a4e76c000, 4) completed
[2025-09-25 12:38:10] < 2025/09/25 12:38:10.000575452  length=4 from=1407046 to=1407049
[2025-09-25 12:38:10]  21 00 00 00                                      !...
[2025-09-25 12:38:10] --
[2025-09-25 12:38:10] 2025/09/25 12:38:10 socat[67544] N write(6, 0x5f8a4e76c000, 4) completed
[2025-09-25 12:38:10] < 2025/09/25 12:38:10.000575474  length=4 from=1407050 to=1407053
[2025-09-25 12:38:10]  00 00 00 00                                      ....
[2025-09-25 12:38:10] --
[2025-09-25 12:38:10] 2025/09/25 12:38:10 socat[67544] N write(6, 0x5f8a4e76c000, 4) completed
[2025-09-25 12:38:10] < 2025/09/25 12:38:10.000575530  length=4 from=1407054 to=1407057
[2025-09-25 12:38:10]  00 00 00 00                                      ....
[2025-09-25 12:38:10] --
[2025-09-25 12:38:10] 2025/09/25 12:38:10 socat[67544] N write(6, 0x5f8a4e76c000, 4) completed
[2025-09-25 12:38:10] < 2025/09/25 12:38:10.000575553  length=4 from=1407058 to=1407061
[2025-09-25 12:38:10]  00 00 00 00                                      ....
[2025-09-25 12:38:10] --
[2025-09-25 12:38:10] 2025/09/25 12:38:10 socat[67544] N write(6, 0x5f8a4e76c000, 4) completed
[2025-09-25 12:38:10] < 2025/09/25 12:38:10.000575576  length=4 from=1407062 to=1407065
[2025-09-25 12:38:10]  00 00 00 00                                      ....
[2025-09-25 12:38:10] --
[2025-09-25 12:38:10] 2025/09/25 12:38:10 socat[67544] N write(6, 0x5f8a4e76c000, 4) completed
[2025-09-25 12:38:10] < 2025/09/25 12:38:10.000575598  length=4 from=1407066 to=1407069
[2025-09-25 12:38:10]  00 00 00 00                                      ....
[2025-09-25 12:38:10] --
[2025-09-25 12:38:10] 2025/09/25 12:38:10 socat[67544] N write(6, 0x5f8a4e76c000, 4) completed
[2025-09-25 12:38:10] < 2025/09/25 12:38:10.000575620  length=4 from=1407070 to=1407073
[2025-09-25 12:38:10]  00 00 00 00                                      ....
[2025-09-25 12:38:10] --
[2025-09-25 12:38:10] 2025/09/25 12:38:10 socat[67544] N write(6, 0x5f8a4e76c000, 4) completed
[2025-09-25 12:38:10] < 2025/09/25 12:38:10.000575643  length=4 from=1407074 to=1407077
[2025-09-25 12:38:10]  00 00 00 00                                      ....
[2025-09-25 12:38:10] --
[2025-09-25 12:38:10] 2025/09/25 12:38:10 socat[67544] N write(6, 0x5f8a4e76c000, 4) completed
[2025-09-25 12:38:10] < 2025/09/25 12:38:10.000575862  length=4 from=1407078 to=1407081
[2025-09-25 12:38:10]  00 df 21 00                                      ..!.
[2025-09-25 12:38:10] --
[2025-09-25 12:38:10] 2025/09/25 12:38:10 socat[67544] N write(6, 0x5f8a4e76c000, 4) completed
[2025-09-25 12:38:10] < 2025/09/25 12:38:10.000575886  length=4 from=1407082 to=1407085
[2025-09-25 12:38:10]  00 00 00 00                                      ....
[2025-09-25 12:38:10] --
[2025-09-25 12:38:10] 2025/09/25 12:38:10 socat[67544] N write(6, 0x5f8a4e76c000, 4) completed
[2025-09-25 12:38:10] < 2025/09/25 12:38:10.000575909  length=4 from=1407086 to=1407089
[2025-09-25 12:38:10]  00 00 00 00                                      ....
[2025-09-25 12:38:10] --
[2025-09-25 12:38:10] 2025/09/25 12:38:10 socat[67544] N write(6, 0x5f8a4e76c000, 4) completed
[2025-09-25 12:38:10] < 2025/09/25 12:38:10.000575932  length=4 from=1407090 to=1407093
[2025-09-25 12:38:10]  00 00 00 00                                      ....
[2025-09-25 12:38:10] --
[2025-09-25 12:38:10] 2025/09/25 12:38:10 socat[67544] N write(6, 0x5f8a4e76c000, 4) completed
[2025-09-25 12:38:10] < 2025/09/25 12:38:10.000575971  length=4 from=1407094 to=1407097
[2025-09-25 12:38:10]  00 00 00 00                                      ....
[2025-09-25 12:38:10] --
[2025-09-25 12:38:10] 2025/09/25 12:38:10 socat[67544] N write(6, 0x5f8a4e76c000, 4) completed
[2025-09-25 12:38:10] < 2025/09/25 12:38:10.000577356  length=4 from=1407098 to=1407101
[2025-09-25 12:38:10]  00 00 00 00                                      ....
[2025-09-25 12:38:10] --
[2025-09-25 12:38:10] 2025/09/25 12:38:10 socat[67544] N write(6, 0x5f8a4e76c000, 4) completed
[2025-09-25 12:38:10] < 2025/09/25 12:38:10.000577385  length=4 from=1407102 to=1407105
[2025-09-25 12:38:10]  00 00 00 00                                      ....
[2025-09-25 12:38:10] --
[2025-09-25 12:38:10] 2025/09/25 12:38:10 socat[67544] N write(6, 0x5f8a4e76c000, 4) completed
[2025-09-25 12:38:10] < 2025/09/25 12:38:10.000577408  length=4 from=1407106 to=1407109
[2025-09-25 12:38:10]  00 00 00 00                                      ....
[2025-09-25 12:38:10] --
[2025-09-25 12:38:10] 2025/09/25 12:38:10 socat[67544] N write(6, 0x5f8a4e76c000, 4) completed
[2025-09-25 12:38:10] < 2025/09/25 12:38:10.000577430  length=4 from=1407110 to=1407113
[2025-09-25 12:38:10]  00 00 00 df                                      ....
[2025-09-25 12:38:10] --
[2025-09-25 12:38:10] 2025/09/25 12:38:10 socat[67544] N write(6, 0x5f8a4e76c000, 4) completed
[2025-09-25 12:38:10] < 2025/09/25 12:38:10.000577453  length=4 from=1407114 to=1407117
[2025-09-25 12:38:10]  21 00 00 00                                      !...
[2025-09-25 12:38:10] --
[2025-09-25 12:38:10] 2025/09/25 12:38:10 socat[67544] N write(6, 0x5f8a4e76c000, 4) completed
[2025-09-25 12:38:10] < 2025/09/25 12:38:10.000577476  length=4 from=1407118 to=1407121
[2025-09-25 12:38:10]  00 00 00 00                                      ....
[2025-09-25 12:38:10] --
[2025-09-25 12:38:10] 2025/09/25 12:38:10 socat[67544] N write(6, 0x5f8a4e76c000, 4) completed
[2025-09-25 12:38:10] < 2025/09/25 12:38:10.000577498  length=4 from=1407122 to=1407125
[2025-09-25 12:38:10]  00 00 00 00                                      ....
[2025-09-25 12:38:10] --
[2025-09-25 12:38:10] 2025/09/25 12:38:10 socat[67544] N write(6, 0x5f8a4e76c000, 4) completed
[2025-09-25 12:38:10] < 2025/09/25 12:38:10.000577521  length=4 from=1407126 to=1407129
[2025-09-25 12:38:10]  00 00 00 00                                      ....
[2025-09-25 12:38:10] --
[2025-09-25 12:38:10] 2025/09/25 12:38:10 socat[67544] N write(6, 0x5f8a4e76c000, 4) completed
[2025-09-25 12:38:10] < 2025/09/25 12:38:10.000577543  length=4 from=1407130 to=1407133
[2025-09-25 12:38:10]  00 00 00 00                                      ....
[2025-09-25 12:38:10] --
[2025-09-25 12:38:10] 2025/09/25 12:38:10 socat[67544] N write(6, 0x5f8a4e76c000, 4) completed
[2025-09-25 12:38:10] < 2025/09/25 12:38:10.000577567  length=4 from=1407134 to=1407137
[2025-09-25 12:38:10]  00 00 00 00                                      ....
[2025-09-25 12:38:10] --
[2025-09-25 12:38:10] 2025/09/25 12:38:10 socat[67544] N write(6, 0x5f8a4e76c000, 4) completed
[2025-09-25 12:38:10] < 2025/09/25 12:38:10.000577589  length=4 from=1407138 to=1407141
[2025-09-25 12:38:10]  00 00 00 00                                      ....
[2025-09-25 12:38:10] --
[2025-09-25 12:38:10] 2025/09/25 12:38:10 socat[67544] N write(6, 0x5f8a4e76c000, 4) completed
[2025-09-25 12:38:10] < 2025/09/25 12:38:10.000577621  length=4 from=1407142 to=1407145
[2025-09-25 12:38:10]  00 00 00 00                                      ....
[2025-09-25 12:38:10] --
[2025-09-25 12:38:10] 2025/09/25 12:38:10 socat[67544] N write(6, 0x5f8a4e76c000, 4) completed
[2025-09-25 12:38:10] < 2025/09/25 12:38:10.000577644  length=4 from=1407146 to=1407149
[2025-09-25 12:38:10]  00 df 21 00                                      ..!.
[2025-09-25 12:38:10] --
[2025-09-25 12:38:10] 2025/09/25 12:38:10 socat[67544] N write(6, 0x5f8a4e76c000, 4) completed
[2025-09-25 12:38:10] < 2025/09/25 12:38:10.000577666  length=4 from=1407150 to=1407153
[2025-09-25 12:38:10]  00 00 00 00                                      ....
[2025-09-25 12:38:10] --
[2025-09-25 12:38:10] 2025/09/25 12:38:10 socat[67544] N write(6, 0x5f8a4e76c000, 4) completed
[2025-09-25 12:38:10] < 2025/09/25 12:38:10.000577689  length=4 from=1407154 to=1407157
[2025-09-25 12:38:10]  00 00 00 00                                      ....
[2025-09-25 12:38:10] --
[2025-09-25 12:38:10] 2025/09/25 12:38:10 socat[67544] N write(6, 0x5f8a4e76c000, 4) completed
[2025-09-25 12:38:10] < 2025/09/25 12:38:10.000577712  length=4 from=1407158 to=1407161
[2025-09-25 12:38:10]  00 00 00 00                                      ....
[2025-09-25 12:38:10] --
[2025-09-25 12:38:10] 2025/09/25 12:38:10 socat[67544] N write(6, 0x5f8a4e76c000, 4) completed
[2025-09-25 12:38:10] < 2025/09/25 12:38:10.000577736  length=4 from=1407162 to=1407165
[2025-09-25 12:38:10]  00 00 00 00                                      ....
[2025-09-25 12:38:10] --
[2025-09-25 12:38:10] 2025/09/25 12:38:10 socat[67544] N write(6, 0x5f8a4e76c000, 4) completed
[2025-09-25 12:38:10] < 2025/09/25 12:38:10.000577763  length=4 from=1407166 to=1407169
[2025-09-25 12:38:10]  00 00 00 00                                      ....
[2025-09-25 12:38:10] --
[2025-09-25 12:38:10] 2025/09/25 12:38:10 socat[67544] N write(6, 0x5f8a4e76c000, 4) completed
[2025-09-25 12:38:10] < 2025/09/25 12:38:10.000577790  length=4 from=1407170 to=1407173
[2025-09-25 12:38:10]  00 00 00 00                                      ....
[2025-09-25 12:38:10] --
[2025-09-25 12:38:10] 2025/09/25 12:38:10 socat[67544] N write(6, 0x5f8a4e76c000, 4) completed
[2025-09-25 12:38:10] < 2025/09/25 12:38:10.000577816  length=4 from=1407174 to=1407177
[2025-09-25 12:38:10]  00 00 00 00                                      ....
[2025-09-25 12:38:10] --
[2025-09-25 12:38:10] 2025/09/25 12:38:10 socat[67544] N write(6, 0x5f8a4e76c000, 4) completed
[2025-09-25 12:38:10] < 2025/09/25 12:38:10.000577843  length=4 from=1407178 to=1407181
[2025-09-25 12:38:10]  00 00 00 df                                      ....
[2025-09-25 12:38:10] --
[2025-09-25 12:38:10] 2025/09/25 12:38:10 socat[67544] N write(6, 0x5f8a4e76c000, 4) completed
[2025-09-25 12:38:10] < 2025/09/25 12:38:10.000577869  length=4 from=1407182 to=1407185
[2025-09-25 12:38:10]  21 00 00 00                                      !...
[2025-09-25 12:38:10] --
[2025-09-25 12:38:10] 2025/09/25 12:38:10 socat[67544] N write(6, 0x5f8a4e76c000, 4) completed
[2025-09-25 12:38:10] < 2025/09/25 12:38:10.000577894  length=4 from=1407186 to=1407189
[2025-09-25 12:38:10]  00 00 00 00                                      ....
[2025-09-25 12:38:10] --
[2025-09-25 12:38:10] 2025/09/25 12:38:10 socat[67544] N write(6, 0x5f8a4e76c000, 4) completed
[2025-09-25 12:38:10] < 2025/09/25 12:38:10.000577917  length=4 from=1407190 to=1407193
[2025-09-25 12:38:10]  00 00 00 00                                      ....
[2025-09-25 12:38:10] --
[2025-09-25 12:38:10] 2025/09/25 12:38:10 socat[67544] N write(6, 0x5f8a4e76c000, 4) completed
[2025-09-25 12:38:10] < 2025/09/25 12:38:10.000577942  length=4 from=1407194 to=1407197
[2025-09-25 12:38:10]  00 00 00 00                                      ....
[2025-09-25 12:38:10] --
[2025-09-25 12:38:10] 2025/09/25 12:38:10 socat[67544] N write(6, 0x5f8a4e76c000, 4) completed
[2025-09-25 12:38:10] < 2025/09/25 12:38:10.000577981  length=4 from=1407198 to=1407201
[2025-09-25 12:38:10]  00 00 00 00                                      ....
[2025-09-25 12:38:10] --
[2025-09-25 12:38:10] 2025/09/25 12:38:10 socat[67544] N write(6, 0x5f8a4e76c000, 4) completed
[2025-09-25 12:38:10] < 2025/09/25 12:38:10.000578006  length=4 from=1407202 to=1407205
[2025-09-25 12:38:10]  00 00 00 00                                      ....
[2025-09-25 12:38:10] --
[2025-09-25 12:38:10] 2025/09/25 12:38:10 socat[67544] N write(6, 0x5f8a4e76c000, 4) completed
[2025-09-25 12:38:10] < 2025/09/25 12:38:10.000578028  length=4 from=1407206 to=1407209
[2025-09-25 12:38:10]  00 00 00 00                                      ....
[2025-09-25 12:38:10] --
[2025-09-25 12:38:10] 2025/09/25 12:38:10 socat[67544] N write(6, 0x5f8a4e76c000, 4) completed
[2025-09-25 12:38:10] < 2025/09/25 12:38:10.000578054  length=4 from=1407210 to=1407213
[2025-09-25 12:38:10]  00 00 00 00                                      ....
[2025-09-25 12:38:10] --
[2025-09-25 12:38:10] 2025/09/25 12:38:10 socat[67544] N write(6, 0x5f8a4e76c000, 4) completed
[2025-09-25 12:38:10] < 2025/09/25 12:38:10.000578076  length=4 from=1407214 to=1407217
[2025-09-25 12:38:10]  00 df 21 00                                      ..!.
[2025-09-25 12:38:10] --
[2025-09-25 12:38:10] 2025/09/25 12:38:10 socat[67544] N write(6, 0x5f8a4e76c000, 4) completed
[2025-09-25 12:38:10] < 2025/09/25 12:38:10.000578098  length=4 from=1407218 to=1407221
[2025-09-25 12:38:10]  00 00 00 00                                      ....
[2025-09-25 12:38:10] --
[2025-09-25 12:38:10] 2025/09/25 12:38:10 socat[67544] N write(6, 0x5f8a4e76c000, 4) completed
[2025-09-25 12:38:10] < 2025/09/25 12:38:10.000578122  length=4 from=1407222 to=1407225
[2025-09-25 12:38:10]  00 00 00 00                                      ....
[2025-09-25 12:38:10] --
[2025-09-25 12:38:10] 2025/09/25 12:38:10 socat[67544] N write(6, 0x5f8a4e76c000, 4) completed
[2025-09-25 12:38:10] < 2025/09/25 12:38:10.000578148  length=4 from=1407226 to=1407229
[2025-09-25 12:38:10]  00 00 00 00                                      ....
[2025-09-25 12:38:10] --
[2025-09-25 12:38:10] 2025/09/25 12:38:10 socat[67544] N write(6, 0x5f8a4e76c000, 4) completed
[2025-09-25 12:38:10] < 2025/09/25 12:38:10.000578170  length=4 from=1407230 to=1407233
[2025-09-25 12:38:10]  00 00 00 00                                      ....
[2025-09-25 12:38:10] --
[2025-09-25 12:38:10] 2025/09/25 12:38:10 socat[67544] N write(6, 0x5f8a4e76c000, 4) completed
[2025-09-25 12:38:10] < 2025/09/25 12:38:10.000578193  length=4 from=1407234 to=1407237
[2025-09-25 12:38:10]  00 00 00 00                                      ....
[2025-09-25 12:38:10] --
[2025-09-25 12:38:10] 2025/09/25 12:38:10 socat[67544] N write(6, 0x5f8a4e76c000, 4) completed
[2025-09-25 12:38:10] < 2025/09/25 12:38:10.000578215  length=4 from=1407238 to=1407241
[2025-09-25 12:38:10]  00 00 00 00                                      ....
[2025-09-25 12:38:10] --
[2025-09-25 12:38:10] 2025/09/25 12:38:10 socat[67544] N write(6, 0x5f8a4e76c000, 4) completed
[2025-09-25 12:38:10] < 2025/09/25 12:38:10.000578240  length=4 from=1407242 to=1407245
[2025-09-25 12:38:10]  00 00 00 00                                      ....
[2025-09-25 12:38:10] --
[2025-09-25 12:38:10] 2025/09/25 12:38:10 socat[67544] N write(6, 0x5f8a4e76c000, 4) completed
[2025-09-25 12:38:10] < 2025/09/25 12:38:10.000578263  length=4 from=1407246 to=1407249
[2025-09-25 12:38:10]  00 00 00 df                                      ....
[2025-09-25 12:38:10] --
[2025-09-25 12:38:10] 2025/09/25 12:38:10 socat[67544] N write(6, 0x5f8a4e76c000, 4) completed
[2025-09-25 12:38:10] < 2025/09/25 12:38:10.000647942  length=4 from=1407250 to=1407253
[2025-09-25 12:38:10]  21 00 00 00                                      !...
[2025-09-25 12:38:10] --
[2025-09-25 12:38:10] 2025/09/25 12:38:10 socat[67544] N write(6, 0x5f8a4e76c000, 4) completed
[2025-09-25 12:38:10] < 2025/09/25 12:38:10.000648059  length=4 from=1407254 to=1407257
[2025-09-25 12:38:10]  00 00 00 00                                      ....
[2025-09-25 12:38:10] --
[2025-09-25 12:38:10] 2025/09/25 12:38:10 socat[67544] N write(6, 0x5f8a4e76c000, 4) completed
[2025-09-25 12:38:10] < 2025/09/25 12:38:10.000648085  length=4 from=1407258 to=1407261
[2025-09-25 12:38:10]  00 00 00 00                                      ....
[2025-09-25 12:38:10] --
[2025-09-25 12:38:10] 2025/09/25 12:38:10 socat[67544] N write(6, 0x5f8a4e76c000, 4) completed
[2025-09-25 12:38:10] < 2025/09/25 12:38:10.000648109  length=4 from=1407262 to=1407265
[2025-09-25 12:38:10]  00 00 00 00                                      ....
[2025-09-25 12:38:10] --
[2025-09-25 12:38:10] 2025/09/25 12:38:10 socat[67544] N write(6, 0x5f8a4e76c000, 4) completed
[2025-09-25 12:38:10] < 2025/09/25 12:38:10.000648133  length=4 from=1407266 to=1407269
[2025-09-25 12:38:10]  00 00 00 00                                      ....
[2025-09-25 12:38:10] --
[2025-09-25 12:38:10] 2025/09/25 12:38:10 socat[67544] N write(6, 0x5f8a4e76c000, 4) completed
[2025-09-25 12:38:10] < 2025/09/25 12:38:10.000648159  length=4 from=1407270 to=1407273
[2025-09-25 12:38:10]  00 00 00 00                                      ....
[2025-09-25 12:38:10] --
[2025-09-25 12:38:10] 2025/09/25 12:38:10 socat[67544] N write(6, 0x5f8a4e76c000, 4) completed
[2025-09-25 12:38:10] < 2025/09/25 12:38:10.000648180  length=4 from=1407274 to=1407277
[2025-09-25 12:38:10]  00 00 00 00                                      ....
[2025-09-25 12:38:10] --
[2025-09-25 12:38:10] 2025/09/25 12:38:10 socat[67544] N write(6, 0x5f8a4e76c000, 4) completed
[2025-09-25 12:38:10] < 2025/09/25 12:38:10.000648200  length=4 from=1407278 to=1407281
[2025-09-25 12:38:10]  00 00 00 00                                      ....
[2025-09-25 12:38:10] --
[2025-09-25 12:38:10] 2025/09/25 12:38:10 socat[67544] N write(6, 0x5f8a4e76c000, 4) completed
[2025-09-25 12:38:10] < 2025/09/25 12:38:10.000648220  length=4 from=1407282 to=1407285
[2025-09-25 12:38:10]  00 df 21 00                                      ..!.
[2025-09-25 12:38:10] --
[2025-09-25 12:38:10] 2025/09/25 12:38:10 socat[67544] N write(6, 0x5f8a4e76c000, 4) completed
[2025-09-25 12:38:10] < 2025/09/25 12:38:10.000648241  length=4 from=1407286 to=1407289
[2025-09-25 12:38:10]  00 00 00 00                                      ....
[2025-09-25 12:38:10] --
[2025-09-25 12:38:10] 2025/09/25 12:38:10 socat[67544] N write(6, 0x5f8a4e76c000, 4) completed
[2025-09-25 12:38:10] < 2025/09/25 12:38:10.000648261  length=4 from=1407290 to=1407293
[2025-09-25 12:38:10]  00 00 00 00                                      ....
[2025-09-25 12:38:10] --
[2025-09-25 12:38:10] 2025/09/25 12:38:10 socat[67544] N write(6, 0x5f8a4e76c000, 4) completed
[2025-09-25 12:38:10] < 2025/09/25 12:38:10.000648281  length=4 from=1407294 to=1407297
[2025-09-25 12:38:10]  00 00 00 00                                      ....
[2025-09-25 12:38:10] --
[2025-09-25 12:38:10] 2025/09/25 12:38:10 socat[67544] N write(6, 0x5f8a4e76c000, 4) completed
[2025-09-25 12:38:10] < 2025/09/25 12:38:10.000648301  length=4 from=1407298 to=1407301
[2025-09-25 12:38:10]  00 00 00 00                                      ....
[2025-09-25 12:38:10] --
[2025-09-25 12:38:10] 2025/09/25 12:38:10 socat[67544] N write(6, 0x5f8a4e76c000, 4) completed
[2025-09-25 12:38:10] < 2025/09/25 12:38:10.000648323  length=4 from=1407302 to=1407305
[2025-09-25 12:38:10]  00 00 00 00                                      ....
[2025-09-25 12:38:10] --
[2025-09-25 12:38:10] 2025/09/25 12:38:10 socat[67544] N write(6, 0x5f8a4e76c000, 4) completed
[2025-09-25 12:38:10] < 2025/09/25 12:38:10.000648346  length=4 from=1407306 to=1407309
[2025-09-25 12:38:10]  00 00 00 00                                      ....
[2025-09-25 12:38:10] --
[2025-09-25 12:38:10] 2025/09/25 12:38:10 socat[67544] N write(6, 0x5f8a4e76c000, 4) completed
[2025-09-25 12:38:10] < 2025/09/25 12:38:10.000648369  length=4 from=1407310 to=1407313
[2025-09-25 12:38:10]  00 00 00 00                                      ....
[2025-09-25 12:38:10] --
[2025-09-25 12:38:10] 2025/09/25 12:38:10 socat[67544] N write(6, 0x5f8a4e76c000, 4) completed
[2025-09-25 12:38:10] < 2025/09/25 12:38:10.000648392  length=4 from=1407314 to=1407317
[2025-09-25 12:38:10]  00 00 00 df                                      ....
[2025-09-25 12:38:10] --
[2025-09-25 12:38:10] 2025/09/25 12:38:10 socat[67544] N write(6, 0x5f8a4e76c000, 4) completed
[2025-09-25 12:38:10] < 2025/09/25 12:38:10.000648416  length=4 from=1407318 to=1407321
[2025-09-25 12:38:10]  21 00 00 00                                      !...
[2025-09-25 12:38:10] --
[2025-09-25 12:38:10] 2025/09/25 12:38:10 socat[67544] N write(6, 0x5f8a4e76c000, 4) completed
[2025-09-25 12:38:10] < 2025/09/25 12:38:10.000648437  length=4 from=1407322 to=1407325
[2025-09-25 12:38:10]  00 00 00 00                                      ....
[2025-09-25 12:38:10] --
[2025-09-25 12:38:10] 2025/09/25 12:38:10 socat[67544] N write(6, 0x5f8a4e76c000, 4) completed
[2025-09-25 12:38:10] < 2025/09/25 12:38:10.000648459  length=4 from=1407326 to=1407329
[2025-09-25 12:38:10]  00 00 00 00                                      ....
[2025-09-25 12:38:10] --
[2025-09-25 12:38:10] 2025/09/25 12:38:10 socat[67544] N write(6, 0x5f8a4e76c000, 4) completed
[2025-09-25 12:38:10] < 2025/09/25 12:38:10.000648480  length=4 from=1407330 to=1407333
[2025-09-25 12:38:10]  00 00 00 00                                      ....
[2025-09-25 12:38:10] --
[2025-09-25 12:38:10] 2025/09/25 12:38:10 socat[67544] N write(6, 0x5f8a4e76c000, 4) completed
[2025-09-25 12:38:10] < 2025/09/25 12:38:10.000648502  length=4 from=1407334 to=1407337
[2025-09-25 12:38:10]  00 00 00 00                                      ....
[2025-09-25 12:38:10] --
[2025-09-25 12:38:10] 2025/09/25 12:38:10 socat[67544] N write(6, 0x5f8a4e76c000, 4) completed
[2025-09-25 12:38:10] < 2025/09/25 12:38:10.000648522  length=4 from=1407338 to=1407341
[2025-09-25 12:38:10]  00 00 00 00                                      ....
[2025-09-25 12:38:10] --
[2025-09-25 12:38:10] 2025/09/25 12:38:10 socat[67544] N write(6, 0x5f8a4e76c000, 4) completed
[2025-09-25 12:38:10] < 2025/09/25 12:38:10.000648545  length=4 from=1407342 to=1407345
[2025-09-25 12:38:10]  00 00 00 00                                      ....
[2025-09-25 12:38:10] --
[2025-09-25 12:38:10] 2025/09/25 12:38:10 socat[67544] N write(6, 0x5f8a4e76c000, 4) completed
[2025-09-25 12:38:10] < 2025/09/25 12:38:10.000648565  length=4 from=1407346 to=1407349
[2025-09-25 12:38:10]  00 00 00 00                                      ....
[2025-09-25 12:38:10] --
[2025-09-25 12:38:10] 2025/09/25 12:38:10 socat[67544] N write(6, 0x5f8a4e76c000, 4) completed
[2025-09-25 12:38:10] < 2025/09/25 12:38:10.000648585  length=4 from=1407350 to=1407353
[2025-09-25 12:38:10]  00 df 21 00                                      ..!.
[2025-09-25 12:38:10] --
[2025-09-25 12:38:10] 2025/09/25 12:38:10 socat[67544] N write(6, 0x5f8a4e76c000, 4) completed
[2025-09-25 12:38:10] < 2025/09/25 12:38:10.000648607  length=4 from=1407354 to=1407357
[2025-09-25 12:38:10]  00 00 00 00                                      ....
[2025-09-25 12:38:10] --
[2025-09-25 12:38:10] 2025/09/25 12:38:10 socat[67544] N write(6, 0x5f8a4e76c000, 4) completed
[2025-09-25 12:38:10] < 2025/09/25 12:38:10.000648627  length=4 from=1407358 to=1407361
[2025-09-25 12:38:10]  00 00 00 00                                      ....
[2025-09-25 12:38:10] --
[2025-09-25 12:38:10] 2025/09/25 12:38:10 socat[67544] N write(6, 0x5f8a4e76c000, 4) completed
[2025-09-25 12:38:10] < 2025/09/25 12:38:10.000648647  length=4 from=1407362 to=1407365
[2025-09-25 12:38:10]  00 00 00 00                                      ....
[2025-09-25 12:38:10] --
[2025-09-25 12:38:10] 2025/09/25 12:38:10 socat[67544] N write(6, 0x5f8a4e76c000, 4) completed
[2025-09-25 12:38:10] < 2025/09/25 12:38:10.000648667  length=4 from=1407366 to=1407369
[2025-09-25 12:38:10]  00 00 00 00                                      ....
[2025-09-25 12:38:10] --
[2025-09-25 12:38:10] 2025/09/25 12:38:10 socat[67544] N write(6, 0x5f8a4e76c000, 4) completed
[2025-09-25 12:38:10] < 2025/09/25 12:38:10.000648687  length=4 from=1407370 to=1407373
[2025-09-25 12:38:10]  00 00 00 00                                      ....
[2025-09-25 12:38:10] --
[2025-09-25 12:38:10] 2025/09/25 12:38:10 socat[67544] N write(6, 0x5f8a4e76c000, 4) completed
[2025-09-25 12:38:10] < 2025/09/25 12:38:10.000648709  length=4 from=1407374 to=1407377
[2025-09-25 12:38:10]  00 00 00 00                                      ....
[2025-09-25 12:38:10] --
[2025-09-25 12:38:10] 2025/09/25 12:38:10 socat[67544] N write(6, 0x5f8a4e76c000, 4) completed
[2025-09-25 12:38:10] < 2025/09/25 12:38:10.000648730  length=4 from=1407378 to=1407381
[2025-09-25 12:38:10]  00 00 00 00                                      ....
[2025-09-25 12:38:10] --
[2025-09-25 12:38:10] 2025/09/25 12:38:10 socat[67544] N write(6, 0x5f8a4e76c000, 4) completed
[2025-09-25 12:38:10] < 2025/09/25 12:38:10.000648750  length=4 from=1407382 to=1407385
[2025-09-25 12:38:10]  00 00 00 df                                      ....
[2025-09-25 12:38:10] --
[2025-09-25 12:38:10] 2025/09/25 12:38:10 socat[67544] N write(6, 0x5f8a4e76c000, 4) completed
[2025-09-25 12:38:10] < 2025/09/25 12:38:10.000648770  length=4 from=1407386 to=1407389
[2025-09-25 12:38:10]  21 00 00 00                                      !...
[2025-09-25 12:38:10] --
[2025-09-25 12:38:10] 2025/09/25 12:38:10 socat[67544] N write(6, 0x5f8a4e76c000, 4) completed
[2025-09-25 12:38:10] < 2025/09/25 12:38:10.000648790  length=4 from=1407390 to=1407393
[2025-09-25 12:38:10]  00 00 00 00                                      ....
[2025-09-25 12:38:10] --
[2025-09-25 12:38:10] 2025/09/25 12:38:10 socat[67544] N write(6, 0x5f8a4e76c000, 4) completed
[2025-09-25 12:38:10] < 2025/09/25 12:38:10.000648810  length=4 from=1407394 to=1407397
[2025-09-25 12:38:10]  00 00 00 00                                      ....
[2025-09-25 12:38:10] --
[2025-09-25 12:38:10] 2025/09/25 12:38:10 socat[67544] N write(6, 0x5f8a4e76c000, 4) completed
[2025-09-25 12:38:10] < 2025/09/25 12:38:10.000648831  length=4 from=1407398 to=1407401
[2025-09-25 12:38:10]  00 00 00 00                                      ....
[2025-09-25 12:38:10] --
[2025-09-25 12:38:10] 2025/09/25 12:38:10 socat[67544] N write(6, 0x5f8a4e76c000, 4) completed
[2025-09-25 12:38:10] < 2025/09/25 12:38:10.000648851  length=4 from=1407402 to=1407405
[2025-09-25 12:38:10]  00 00 00 00                                      ....
[2025-09-25 12:38:10] --
[2025-09-25 12:38:10] 2025/09/25 12:38:10 socat[67544] N write(6, 0x5f8a4e76c000, 4) completed
[2025-09-25 12:38:10] < 2025/09/25 12:38:10.000648871  length=4 from=1407406 to=1407409
[2025-09-25 12:38:10]  00 00 00 00                                      ....
[2025-09-25 12:38:10] --
[2025-09-25 12:38:10] 2025/09/25 12:38:10 socat[67544] N write(6, 0x5f8a4e76c000, 4) completed
[2025-09-25 12:38:10] < 2025/09/25 12:38:10.000648896  length=4 from=1407410 to=1407413
[2025-09-25 12:38:10]  00 00 00 00                                      ....
[2025-09-25 12:38:10] --
[2025-09-25 12:38:10] 2025/09/25 12:38:10 socat[67544] N write(6, 0x5f8a4e76c000, 4) completed
[2025-09-25 12:38:10] < 2025/09/25 12:38:10.000648919  length=4 from=1407414 to=1407417
[2025-09-25 12:38:10]  00 00 00 00                                      ....
[2025-09-25 12:38:10] --
[2025-09-25 12:38:10] 2025/09/25 12:38:10 socat[67544] N write(6, 0x5f8a4e76c000, 4) completed
[2025-09-25 12:38:10] < 2025/09/25 12:38:10.000648941  length=4 from=1407418 to=1407421
[2025-09-25 12:38:10]  00 df 21 00                                      ..!.
[2025-09-25 12:38:10] --
[2025-09-25 12:38:10] 2025/09/25 12:38:10 socat[67544] N write(6, 0x5f8a4e76c000, 4) completed
[2025-09-25 12:38:10] < 2025/09/25 12:38:10.000648967  length=4 from=1407422 to=1407425
[2025-09-25 12:38:10]  00 00 00 00                                      ....
[2025-09-25 12:38:10] --
[2025-09-25 12:38:10] 2025/09/25 12:38:10 socat[67544] N write(6, 0x5f8a4e76c000, 4) completed
[2025-09-25 12:38:10] < 2025/09/25 12:38:10.000648988  length=4 from=1407426 to=1407429
[2025-09-25 12:38:10]  00 00 00 00                                      ....
[2025-09-25 12:38:10] --
[2025-09-25 12:38:10] 2025/09/25 12:38:10 socat[67544] N write(6, 0x5f8a4e76c000, 4) completed
[2025-09-25 12:38:10] < 2025/09/25 12:38:10.000649011  length=4 from=1407430 to=1407433
[2025-09-25 12:38:10]  00 00 00 00                                      ....
[2025-09-25 12:38:10] --
[2025-09-25 12:38:10] 2025/09/25 12:38:10 socat[67544] N write(6, 0x5f8a4e76c000, 4) completed
[2025-09-25 12:38:10] < 2025/09/25 12:38:10.000649034  length=4 from=1407434 to=1407437
[2025-09-25 12:38:10]  00 00 00 00                                      ....
[2025-09-25 12:38:10] --
[2025-09-25 12:38:10] 2025/09/25 12:38:10 socat[67544] N write(6, 0x5f8a4e76c000, 4) completed
[2025-09-25 12:38:10] < 2025/09/25 12:38:10.000649058  length=4 from=1407438 to=1407441
[2025-09-25 12:38:10]  00 00 00 00                                      ....
[2025-09-25 12:38:10] --
[2025-09-25 12:38:10] 2025/09/25 12:38:10 socat[67544] N write(6, 0x5f8a4e76c000, 4) completed
[2025-09-25 12:38:10] < 2025/09/25 12:38:10.000649085  length=4 from=1407442 to=1407445
[2025-09-25 12:38:10]  00 00 00 00                                      ....
[2025-09-25 12:38:10] --
[2025-09-25 12:38:10] 2025/09/25 12:38:10 socat[67544] N write(6, 0x5f8a4e76c000, 4) completed
[2025-09-25 12:38:10] < 2025/09/25 12:38:10.000649109  length=4 from=1407446 to=1407449
[2025-09-25 12:38:10]  00 00 00 00                                      ....
[2025-09-25 12:38:10] --
[2025-09-25 12:38:10] 2025/09/25 12:38:10 socat[67544] N write(6, 0x5f8a4e76c000, 4) completed
[2025-09-25 12:38:10] < 2025/09/25 12:38:10.000649130  length=4 from=1407450 to=1407453
[2025-09-25 12:38:10]  00 00 00 df                                      ....
[2025-09-25 12:38:10] --
[2025-09-25 12:38:10] 2025/09/25 12:38:10 socat[67544] N write(6, 0x5f8a4e76c000, 4) completed
[2025-09-25 12:38:10] < 2025/09/25 12:38:10.000649154  length=4 from=1407454 to=1407457
[2025-09-25 12:38:10]  21 00 00 00                                      !...
[2025-09-25 12:38:10] --
[2025-09-25 12:38:10] 2025/09/25 12:38:10 socat[67544] N write(6, 0x5f8a4e76c000, 4) completed
[2025-09-25 12:38:10] < 2025/09/25 12:38:10.000649173  length=4 from=1407458 to=1407461
[2025-09-25 12:38:10]  00 00 00 00                                      ....
[2025-09-25 12:38:10] --
[2025-09-25 12:38:10] 2025/09/25 12:38:10 socat[67544] N write(6, 0x5f8a4e76c000, 4) completed
[2025-09-25 12:38:10] < 2025/09/25 12:38:10.000649194  length=4 from=1407462 to=1407465
[2025-09-25 12:38:10]  00 00 00 00                                      ....
[2025-09-25 12:38:10] --
[2025-09-25 12:38:10] 2025/09/25 12:38:10 socat[67544] N write(6, 0x5f8a4e76c000, 4) completed
[2025-09-25 12:38:10] < 2025/09/25 12:38:10.000649214  length=4 from=1407466 to=1407469
[2025-09-25 12:38:10]  00 00 00 00                                      ....
[2025-09-25 12:38:10] --
[2025-09-25 12:38:10] 2025/09/25 12:38:10 socat[67544] N write(6, 0x5f8a4e76c000, 4) completed
[2025-09-25 12:38:10] < 2025/09/25 12:38:10.000649236  length=4 from=1407470 to=1407473
[2025-09-25 12:38:10]  00 00 00 00                                      ....
[2025-09-25 12:38:10] --
[2025-09-25 12:38:10] 2025/09/25 12:38:10 socat[67544] N write(6, 0x5f8a4e76c000, 4) completed
[2025-09-25 12:38:10] < 2025/09/25 12:38:10.000649256  length=4 from=1407474 to=1407477
[2025-09-25 12:38:10]  00 00 00 00                                      ....
[2025-09-25 12:38:10] --
[2025-09-25 12:38:10] 2025/09/25 12:38:10 socat[67544] N write(6, 0x5f8a4e76c000, 4) completed
[2025-09-25 12:38:10] < 2025/09/25 12:38:10.000649276  length=4 from=1407478 to=1407481
[2025-09-25 12:38:10]  00 00 00 00                                      ....
[2025-09-25 12:38:10] --
[2025-09-25 12:38:10] 2025/09/25 12:38:10 socat[67544] N write(6, 0x5f8a4e76c000, 4) completed
[2025-09-25 12:38:10] < 2025/09/25 12:38:10.000649295  length=4 from=1407482 to=1407485
[2025-09-25 12:38:10]  00 00 00 00                                      ....
[2025-09-25 12:38:10] --
[2025-09-25 12:38:10] 2025/09/25 12:38:10 socat[67544] N write(6, 0x5f8a4e76c000, 4) completed
[2025-09-25 12:38:10] < 2025/09/25 12:38:10.000649317  length=4 from=1407486 to=1407489
[2025-09-25 12:38:10]  00 df 21 00                                      ..!.
[2025-09-25 12:38:10] --
[2025-09-25 12:38:10] 2025/09/25 12:38:10 socat[67544] N write(6, 0x5f8a4e76c000, 4) completed
[2025-09-25 12:38:10] < 2025/09/25 12:38:10.000649337  length=4 from=1407490 to=1407493
[2025-09-25 12:38:10]  00 00 00 00                                      ....
[2025-09-25 12:38:10] --
[2025-09-25 12:38:10] 2025/09/25 12:38:10 socat[67544] N write(6, 0x5f8a4e76c000, 4) completed
[2025-09-25 12:38:10] < 2025/09/25 12:38:10.000649357  length=4 from=1407494 to=1407497
[2025-09-25 12:38:10]  00 00 00 00                                      ....
[2025-09-25 12:38:10] --
[2025-09-25 12:38:10] 2025/09/25 12:38:10 socat[67544] N write(6, 0x5f8a4e76c000, 4) completed
[2025-09-25 12:38:10] < 2025/09/25 12:38:10.000649376  length=4 from=1407498 to=1407501
[2025-09-25 12:38:10]  00 00 00 00                                      ....
[2025-09-25 12:38:10] --
[2025-09-25 12:38:10] 2025/09/25 12:38:10 socat[67544] N write(6, 0x5f8a4e76c000, 4) completed
[2025-09-25 12:38:10] < 2025/09/25 12:38:10.000649398  length=4 from=1407502 to=1407505
[2025-09-25 12:38:10]  00 00 00 00                                      ....
[2025-09-25 12:38:10] --
[2025-09-25 12:38:10] 2025/09/25 12:38:10 socat[67544] N write(6, 0x5f8a4e76c000, 4) completed
[2025-09-25 12:38:10] < 2025/09/25 12:38:10.000722018  length=4 from=1407506 to=1407509
[2025-09-25 12:38:10]  00 00 00 00                                      ....
[2025-09-25 12:38:10] --
[2025-09-25 12:38:10] 2025/09/25 12:38:10 socat[67544] N write(6, 0x5f8a4e76c000, 4) completed
[2025-09-25 12:38:10] < 2025/09/25 12:38:10.000722117  length=4 from=1407510 to=1407513
[2025-09-25 12:38:10]  00 00 00 00                                      ....
[2025-09-25 12:38:10] --
[2025-09-25 12:38:10] 2025/09/25 12:38:10 socat[67544] N write(6, 0x5f8a4e76c000, 4) completed
[2025-09-25 12:38:10] < 2025/09/25 12:38:10.000722144  length=4 from=1407514 to=1407517
[2025-09-25 12:38:10]  00 00 00 00                                      ....
[2025-09-25 12:38:10] --
[2025-09-25 12:38:10] 2025/09/25 12:38:10 socat[67544] N write(6, 0x5f8a4e76c000, 4) completed
[2025-09-25 12:38:10] < 2025/09/25 12:38:10.000722167  length=4 from=1407518 to=1407521
[2025-09-25 12:38:10]  00 00 00 df                                      ....
[2025-09-25 12:38:10] --
[2025-09-25 12:38:10] 2025/09/25 12:38:10 socat[67544] N write(6, 0x5f8a4e76c000, 4) completed
[2025-09-25 12:38:10] < 2025/09/25 12:38:10.000722191  length=4 from=1407522 to=1407525
[2025-09-25 12:38:10]  21 00 00 00                                      !...
[2025-09-25 12:38:10] --
[2025-09-25 12:38:10] 2025/09/25 12:38:10 socat[67544] N write(6, 0x5f8a4e76c000, 4) completed
[2025-09-25 12:38:10] < 2025/09/25 12:38:10.000722217  length=4 from=1407526 to=1407529
[2025-09-25 12:38:10]  00 00 00 00                                      ....
[2025-09-25 12:38:10] --
[2025-09-25 12:38:10] 2025/09/25 12:38:10 socat[67544] N write(6, 0x5f8a4e76c000, 4) completed
[2025-09-25 12:38:10] < 2025/09/25 12:38:10.000722245  length=4 from=1407530 to=1407533
[2025-09-25 12:38:10]  00 00 00 00                                      ....
[2025-09-25 12:38:10] --
[2025-09-25 12:38:10] 2025/09/25 12:38:10 socat[67544] N write(6, 0x5f8a4e76c000, 4) completed
[2025-09-25 12:38:10] < 2025/09/25 12:38:10.000722272  length=4 from=1407534 to=1407537
[2025-09-25 12:38:10]  00 00 00 00                                      ....
[2025-09-25 12:38:10] --
[2025-09-25 12:38:10] 2025/09/25 12:38:10 socat[67544] N write(6, 0x5f8a4e76c000, 4) completed
[2025-09-25 12:38:10] < 2025/09/25 12:38:10.000722299  length=4 from=1407538 to=1407541
[2025-09-25 12:38:10]  00 00 00 00                                      ....
[2025-09-25 12:38:10] --
[2025-09-25 12:38:10] 2025/09/25 12:38:10 socat[67544] N write(6, 0x5f8a4e76c000, 4) completed
[2025-09-25 12:38:10] < 2025/09/25 12:38:10.000722322  length=4 from=1407542 to=1407545
[2025-09-25 12:38:10]  00 00 00 00                                      ....
[2025-09-25 12:38:10] --
[2025-09-25 12:38:10] 2025/09/25 12:38:10 socat[67544] N write(6, 0x5f8a4e76c000, 4) completed
[2025-09-25 12:38:10] < 2025/09/25 12:38:10.000722345  length=4 from=1407546 to=1407549
[2025-09-25 12:38:10]  00 00 00 00                                      ....
[2025-09-25 12:38:10] --
[2025-09-25 12:38:10] 2025/09/25 12:38:10 socat[67544] N write(6, 0x5f8a4e76c000, 4) completed
[2025-09-25 12:38:10] < 2025/09/25 12:38:10.000722368  length=4 from=1407550 to=1407553
[2025-09-25 12:38:10]  00 00 00 00                                      ....
[2025-09-25 12:38:10] --
[2025-09-25 12:38:10] 2025/09/25 12:38:10 socat[67544] N write(6, 0x5f8a4e76c000, 4) completed
[2025-09-25 12:38:10] < 2025/09/25 12:38:10.000722391  length=4 from=1407554 to=1407557
[2025-09-25 12:38:10]  00 df 21 00                                      ..!.
[2025-09-25 12:38:10] --
[2025-09-25 12:38:10] 2025/09/25 12:38:10 socat[67544] N write(6, 0x5f8a4e76c000, 4) completed
[2025-09-25 12:38:10] < 2025/09/25 12:38:10.000722414  length=4 from=1407558 to=1407561
[2025-09-25 12:38:10]  00 00 00 00                                      ....
[2025-09-25 12:38:10] --
[2025-09-25 12:38:10] 2025/09/25 12:38:10 socat[67544] N write(6, 0x5f8a4e76c000, 4) completed
[2025-09-25 12:38:10] < 2025/09/25 12:38:10.000722437  length=4 from=1407562 to=1407565
[2025-09-25 12:38:10]  00 00 00 00                                      ....
[2025-09-25 12:38:10] --
[2025-09-25 12:38:10] 2025/09/25 12:38:10 socat[67544] N write(6, 0x5f8a4e76c000, 4) completed
[2025-09-25 12:38:10] < 2025/09/25 12:38:10.000722460  length=4 from=1407566 to=1407569
[2025-09-25 12:38:10]  00 00 00 00                                      ....
[2025-09-25 12:38:10] --
[2025-09-25 12:38:10] 2025/09/25 12:38:10 socat[67544] N write(6, 0x5f8a4e76c000, 4) completed
[2025-09-25 12:38:10] < 2025/09/25 12:38:10.000722483  length=4 from=1407570 to=1407573
[2025-09-25 12:38:10]  00 00 00 00                                      ....
[2025-09-25 12:38:10] --
[2025-09-25 12:38:10] 2025/09/25 12:38:10 socat[67544] N write(6, 0x5f8a4e76c000, 4) completed
[2025-09-25 12:38:10] < 2025/09/25 12:38:10.000722506  length=4 from=1407574 to=1407577
[2025-09-25 12:38:10]  00 00 00 00                                      ....
[2025-09-25 12:38:10] --
[2025-09-25 12:38:10] 2025/09/25 12:38:10 socat[67544] N write(6, 0x5f8a4e76c000, 4) completed
[2025-09-25 12:38:10] < 2025/09/25 12:38:10.000722529  length=4 from=1407578 to=1407581
[2025-09-25 12:38:10]  00 00 00 00                                      ....
[2025-09-25 12:38:10] --
[2025-09-25 12:38:10] 2025/09/25 12:38:10 socat[67544] N write(6, 0x5f8a4e76c000, 4) completed
[2025-09-25 12:38:10] < 2025/09/25 12:38:10.000722552  length=4 from=1407582 to=1407585
[2025-09-25 12:38:10]  00 00 00 00                                      ....
[2025-09-25 12:38:10] --
[2025-09-25 12:38:10] 2025/09/25 12:38:10 socat[67544] N write(6, 0x5f8a4e76c000, 4) completed
[2025-09-25 12:38:10] < 2025/09/25 12:38:10.000722575  length=4 from=1407586 to=1407589
[2025-09-25 12:38:10]  00 00 00 df                                      ....
[2025-09-25 12:38:10] --
[2025-09-25 12:38:10] 2025/09/25 12:38:10 socat[67544] N write(6, 0x5f8a4e76c000, 4) completed
[2025-09-25 12:38:10] < 2025/09/25 12:38:10.000723182  length=4 from=1407590 to=1407593
[2025-09-25 12:38:10]  21 00 00 00                                      !...
[2025-09-25 12:38:10] --
[2025-09-25 12:38:10] 2025/09/25 12:38:10 socat[67544] N write(6, 0x5f8a4e76c000, 4) completed
[2025-09-25 12:38:10] < 2025/09/25 12:38:10.000723214  length=4 from=1407594 to=1407597
[2025-09-25 12:38:10]  00 00 00 00                                      ....
[2025-09-25 12:38:10] --
[2025-09-25 12:38:10] 2025/09/25 12:38:10 socat[67544] N write(6, 0x5f8a4e76c000, 4) completed
[2025-09-25 12:38:10] < 2025/09/25 12:38:10.000723238  length=4 from=1407598 to=1407601
[2025-09-25 12:38:10]  00 00 00 00                                      ....
[2025-09-25 12:38:10] --
[2025-09-25 12:38:10] 2025/09/25 12:38:10 socat[67544] N write(6, 0x5f8a4e76c000, 4) completed
[2025-09-25 12:38:10] < 2025/09/25 12:38:10.000723261  length=4 from=1407602 to=1407605
[2025-09-25 12:38:10]  00 00 00 00                                      ....
[2025-09-25 12:38:10] --
[2025-09-25 12:38:10] 2025/09/25 12:38:10 socat[67544] N write(6, 0x5f8a4e76c000, 4) completed
[2025-09-25 12:38:10] < 2025/09/25 12:38:10.000723284  length=4 from=1407606 to=1407609
[2025-09-25 12:38:10]  00 00 00 00                                      ....
[2025-09-25 12:38:10] --
[2025-09-25 12:38:10] 2025/09/25 12:38:10 socat[67544] N write(6, 0x5f8a4e76c000, 4) completed
[2025-09-25 12:38:10] < 2025/09/25 12:38:10.000723308  length=4 from=1407610 to=1407613
[2025-09-25 12:38:10]  00 00 00 00                                      ....
[2025-09-25 12:38:10] --
[2025-09-25 12:38:10] 2025/09/25 12:38:10 socat[67544] N write(6, 0x5f8a4e76c000, 4) completed
[2025-09-25 12:38:10] < 2025/09/25 12:38:10.000723331  length=4 from=1407614 to=1407617
[2025-09-25 12:38:10]  00 00 00 00                                      ....
[2025-09-25 12:38:10] --
[2025-09-25 12:38:10] 2025/09/25 12:38:10 socat[67544] N write(6, 0x5f8a4e76c000, 4) completed
[2025-09-25 12:38:10] < 2025/09/25 12:38:10.000723354  length=4 from=1407618 to=1407621
[2025-09-25 12:38:10]  00 00 00 00                                      ....
[2025-09-25 12:38:10] --
[2025-09-25 12:38:10] 2025/09/25 12:38:10 socat[67544] N write(6, 0x5f8a4e76c000, 4) completed
[2025-09-25 12:38:10] < 2025/09/25 12:38:10.000723377  length=4 from=1407622 to=1407625
[2025-09-25 12:38:10]  00 df 21 00                                      ..!.
[2025-09-25 12:38:10] --
[2025-09-25 12:38:10] 2025/09/25 12:38:10 socat[67544] N write(6, 0x5f8a4e76c000, 4) completed
[2025-09-25 12:38:10] < 2025/09/25 12:38:10.000723401  length=4 from=1407626 to=1407629
[2025-09-25 12:38:10]  00 00 00 00                                      ....
[2025-09-25 12:38:10] --
[2025-09-25 12:38:10] 2025/09/25 12:38:10 socat[67544] N write(6, 0x5f8a4e76c000, 4) completed
[2025-09-25 12:38:10] < 2025/09/25 12:38:10.000723425  length=4 from=1407630 to=1407633
[2025-09-25 12:38:10]  00 00 00 00                                      ....
[2025-09-25 12:38:10] --
[2025-09-25 12:38:10] 2025/09/25 12:38:10 socat[67544] N write(6, 0x5f8a4e76c000, 4) completed
[2025-09-25 12:38:10] < 2025/09/25 12:38:10.000723448  length=4 from=1407634 to=1407637
[2025-09-25 12:38:10]  00 00 00 00                                      ....
[2025-09-25 12:38:10] --
[2025-09-25 12:38:10] 2025/09/25 12:38:10 socat[67544] N write(6, 0x5f8a4e76c000, 4) completed
[2025-09-25 12:38:10] < 2025/09/25 12:38:10.000723471  length=4 from=1407638 to=1407641
[2025-09-25 12:38:10]  00 00 00 00                                      ....
[2025-09-25 12:38:10] --
[2025-09-25 12:38:10] 2025/09/25 12:38:10 socat[67544] N write(6, 0x5f8a4e76c000, 4) completed
[2025-09-25 12:38:10] < 2025/09/25 12:38:10.000723494  length=4 from=1407642 to=1407645
[2025-09-25 12:38:10]  00 00 00 00                                      ....
[2025-09-25 12:38:10] --
[2025-09-25 12:38:10] 2025/09/25 12:38:10 socat[67544] N write(6, 0x5f8a4e76c000, 4) completed
[2025-09-25 12:38:10] < 2025/09/25 12:38:10.000723518  length=4 from=1407646 to=1407649
[2025-09-25 12:38:10]  00 00 00 00                                      ....
[2025-09-25 12:38:10] --
[2025-09-25 12:38:10] 2025/09/25 12:38:10 socat[67544] N write(6, 0x5f8a4e76c000, 4) completed
[2025-09-25 12:38:10] < 2025/09/25 12:38:10.000723541  length=4 from=1407650 to=1407653
[2025-09-25 12:38:10]  00 00 00 00                                      ....
[2025-09-25 12:38:10] --
[2025-09-25 12:38:10] 2025/09/25 12:38:10 socat[67544] N write(6, 0x5f8a4e76c000, 4) completed
[2025-09-25 12:38:10] < 2025/09/25 12:38:10.000723564  length=4 from=1407654 to=1407657
[2025-09-25 12:38:10]  00 00 00 df                                      ....
[2025-09-25 12:38:10] --
[2025-09-25 12:38:10] 2025/09/25 12:38:10 socat[67544] N write(6, 0x5f8a4e76c000, 4) completed
[2025-09-25 12:38:10] < 2025/09/25 12:38:10.000723587  length=4 from=1407658 to=1407661
[2025-09-25 12:38:10]  21 00 00 00                                      !...
[2025-09-25 12:38:10] --
[2025-09-25 12:38:10] 2025/09/25 12:38:10 socat[67544] N write(6, 0x5f8a4e76c000, 4) completed
[2025-09-25 12:38:10] < 2025/09/25 12:38:10.000723610  length=4 from=1407662 to=1407665
[2025-09-25 12:38:10]  00 00 00 00                                      ....
[2025-09-25 12:38:10] --
[2025-09-25 12:38:10] 2025/09/25 12:38:10 socat[67544] N write(6, 0x5f8a4e76c000, 4) completed
[2025-09-25 12:38:10] < 2025/09/25 12:38:10.000723634  length=4 from=1407666 to=1407669
[2025-09-25 12:38:10]  00 00 00 00                                      ....
[2025-09-25 12:38:10] --
[2025-09-25 12:38:10] 2025/09/25 12:38:10 socat[67544] N write(6, 0x5f8a4e76c000, 4) completed
[2025-09-25 12:38:10] < 2025/09/25 12:38:10.000723657  length=4 from=1407670 to=1407673
[2025-09-25 12:38:10]  00 00 00 00                                      ....
[2025-09-25 12:38:10] --
[2025-09-25 12:38:10] 2025/09/25 12:38:10 socat[67544] N write(6, 0x5f8a4e76c000, 4) completed
[2025-09-25 12:38:10] < 2025/09/25 12:38:10.000723681  length=4 from=1407674 to=1407677
[2025-09-25 12:38:10]  00 00 00 00                                      ....
[2025-09-25 12:38:10] --
[2025-09-25 12:38:10] 2025/09/25 12:38:10 socat[67544] N write(6, 0x5f8a4e76c000, 4) completed
[2025-09-25 12:38:10] < 2025/09/25 12:38:10.000723704  length=4 from=1407678 to=1407681
[2025-09-25 12:38:10]  00 00 00 00                                      ....
[2025-09-25 12:38:10] --
[2025-09-25 12:38:10] 2025/09/25 12:38:10 socat[67544] N write(6, 0x5f8a4e76c000, 4) completed
[2025-09-25 12:38:10] < 2025/09/25 12:38:10.000723727  length=4 from=1407682 to=1407685
[2025-09-25 12:38:10]  00 00 00 00                                      ....
[2025-09-25 12:38:10] --
[2025-09-25 12:38:10] 2025/09/25 12:38:10 socat[67544] N write(6, 0x5f8a4e76c000, 4) completed
[2025-09-25 12:38:10] < 2025/09/25 12:38:10.000723750  length=4 from=1407686 to=1407689
[2025-09-25 12:38:10]  00 00 00 00                                      ....
[2025-09-25 12:38:10] --
[2025-09-25 12:38:10] 2025/09/25 12:38:10 socat[67544] N write(6, 0x5f8a4e76c000, 4) completed
[2025-09-25 12:38:10] < 2025/09/25 12:38:10.000723773  length=4 from=1407690 to=1407693
[2025-09-25 12:38:10]  00 df 21 00                                      ..!.
[2025-09-25 12:38:10] --
[2025-09-25 12:38:10] 2025/09/25 12:38:10 socat[67544] N write(6, 0x5f8a4e76c000, 4) completed
[2025-09-25 12:38:10] < 2025/09/25 12:38:10.000723797  length=4 from=1407694 to=1407697
[2025-09-25 12:38:10]  00 00 00 00                                      ....
[2025-09-25 12:38:10] --
[2025-09-25 12:38:10] 2025/09/25 12:38:10 socat[67544] N write(6, 0x5f8a4e76c000, 4) completed
[2025-09-25 12:38:10] < 2025/09/25 12:38:10.000723820  length=4 from=1407698 to=1407701
[2025-09-25 12:38:10]  00 00 00 00                                      ....
[2025-09-25 12:38:10] --
[2025-09-25 12:38:10] 2025/09/25 12:38:10 socat[67544] N write(6, 0x5f8a4e76c000, 4) completed
[2025-09-25 12:38:10] < 2025/09/25 12:38:10.000723843  length=4 from=1407702 to=1407705
[2025-09-25 12:38:10]  00 00 00 00                                      ....
[2025-09-25 12:38:10] --
[2025-09-25 12:38:10] 2025/09/25 12:38:10 socat[67544] N write(6, 0x5f8a4e76c000, 4) completed
[2025-09-25 12:38:10] < 2025/09/25 12:38:10.000723866  length=4 from=1407706 to=1407709
[2025-09-25 12:38:10]  00 00 00 00                                      ....
[2025-09-25 12:38:10] --
[2025-09-25 12:38:10] 2025/09/25 12:38:10 socat[67544] N write(6, 0x5f8a4e76c000, 4) completed
[2025-09-25 12:38:10] < 2025/09/25 12:38:10.000723889  length=4 from=1407710 to=1407713
[2025-09-25 12:38:10]  00 00 00 00                                      ....
[2025-09-25 12:38:10] --
[2025-09-25 12:38:10] 2025/09/25 12:38:10 socat[67544] N write(6, 0x5f8a4e76c000, 4) completed
[2025-09-25 12:38:10] < 2025/09/25 12:38:10.000723913  length=4 from=1407714 to=1407717
[2025-09-25 12:38:10]  00 00 00 00                                      ....
[2025-09-25 12:38:10] --
[2025-09-25 12:38:10] 2025/09/25 12:38:10 socat[67544] N write(6, 0x5f8a4e76c000, 4) completed
[2025-09-25 12:38:10] < 2025/09/25 12:38:10.000723936  length=4 from=1407718 to=1407721
[2025-09-25 12:38:10]  00 00 00 00                                      ....
[2025-09-25 12:38:10] --
[2025-09-25 12:38:10] 2025/09/25 12:38:10 socat[67544] N write(6, 0x5f8a4e76c000, 4) completed
[2025-09-25 12:38:10] < 2025/09/25 12:38:10.000723976  length=4 from=1407722 to=1407725
[2025-09-25 12:38:10]  00 00 00 df                                      ....
[2025-09-25 12:38:10] --
[2025-09-25 12:38:10] 2025/09/25 12:38:10 socat[67544] N write(6, 0x5f8a4e76c000, 4) completed
[2025-09-25 12:38:10] < 2025/09/25 12:38:10.000723999  length=4 from=1407726 to=1407729
[2025-09-25 12:38:10]  21 00 00 00                                      !...
[2025-09-25 12:38:10] --
[2025-09-25 12:38:10] 2025/09/25 12:38:10 socat[67544] N write(6, 0x5f8a4e76c000, 4) completed
[2025-09-25 12:38:10] < 2025/09/25 12:38:10.000724023  length=4 from=1407730 to=1407733
[2025-09-25 12:38:10]  00 00 00 00                                      ....
[2025-09-25 12:38:10] --
[2025-09-25 12:38:10] 2025/09/25 12:38:10 socat[67544] N write(6, 0x5f8a4e76c000, 4) completed
[2025-09-25 12:38:10] < 2025/09/25 12:38:10.000724046  length=4 from=1407734 to=1407737
[2025-09-25 12:38:10]  00 00 00 00                                      ....
[2025-09-25 12:38:10] --
[2025-09-25 12:38:10] 2025/09/25 12:38:10 socat[67544] N write(6, 0x5f8a4e76c000, 4) completed
[2025-09-25 12:38:10] < 2025/09/25 12:38:10.000724069  length=4 from=1407738 to=1407741
[2025-09-25 12:38:10]  00 00 00 00                                      ....
[2025-09-25 12:38:10] --
[2025-09-25 12:38:10] 2025/09/25 12:38:10 socat[67544] N write(6, 0x5f8a4e76c000, 4) completed
[2025-09-25 12:38:10] < 2025/09/25 12:38:10.000724092  length=4 from=1407742 to=1407745
[2025-09-25 12:38:10]  00 00 00 00                                      ....
[2025-09-25 12:38:10] --
[2025-09-25 12:38:10] 2025/09/25 12:38:10 socat[67544] N write(6, 0x5f8a4e76c000, 4) completed
[2025-09-25 12:38:10] < 2025/09/25 12:38:10.000724116  length=4 from=1407746 to=1407749
[2025-09-25 12:38:10]  00 00 00 00                                      ....
[2025-09-25 12:38:10] --
[2025-09-25 12:38:10] 2025/09/25 12:38:10 socat[67544] N write(6, 0x5f8a4e76c000, 4) completed
[2025-09-25 12:38:10] < 2025/09/25 12:38:10.000724142  length=4 from=1407750 to=1407753
[2025-09-25 12:38:10]  00 00 00 00                                      ....
[2025-09-25 12:38:10] --
[2025-09-25 12:38:10] 2025/09/25 12:38:10 socat[67544] N write(6, 0x5f8a4e76c000, 4) completed
[2025-09-25 12:38:10] < 2025/09/25 12:38:10.000724164  length=4 from=1407754 to=1407757
[2025-09-25 12:38:10]  00 00 00 00                                      ....
[2025-09-25 12:38:10] --
[2025-09-25 12:38:10] 2025/09/25 12:38:10 socat[67544] N write(6, 0x5f8a4e76c000, 4) completed
[2025-09-25 12:38:10] < 2025/09/25 12:38:10.000724188  length=4 from=1407758 to=1407761
[2025-09-25 12:38:10]  00 df 21 00                                      ..!.
[2025-09-25 12:38:10] --
[2025-09-25 12:38:10] 2025/09/25 12:38:10 socat[67544] N write(6, 0x5f8a4e76c000, 4) completed
[2025-09-25 12:38:10] < 2025/09/25 12:38:10.000795068  length=4 from=1407762 to=1407765
[2025-09-25 12:38:10]  00 00 00 00                                      ....
[2025-09-25 12:38:10] --
[2025-09-25 12:38:10] 2025/09/25 12:38:10 socat[67544] N write(6, 0x5f8a4e76c000, 4) completed
[2025-09-25 12:38:10] < 2025/09/25 12:38:10.000795148  length=4 from=1407766 to=1407769
[2025-09-25 12:38:10]  00 00 00 00                                      ....
[2025-09-25 12:38:10] --
[2025-09-25 12:38:10] 2025/09/25 12:38:10 socat[67544] N write(6, 0x5f8a4e76c000, 4) completed
[2025-09-25 12:38:10] < 2025/09/25 12:38:10.000795189  length=4 from=1407770 to=1407773
[2025-09-25 12:38:10]  00 00 00 00                                      ....
[2025-09-25 12:38:10] --
[2025-09-25 12:38:10] 2025/09/25 12:38:10 socat[67544] N write(6, 0x5f8a4e76c000, 4) completed
[2025-09-25 12:38:10] < 2025/09/25 12:38:10.000795211  length=4 from=1407774 to=1407777
[2025-09-25 12:38:10]  00 00 00 00                                      ....
[2025-09-25 12:38:10] --
[2025-09-25 12:38:10] 2025/09/25 12:38:10 socat[67544] N write(6, 0x5f8a4e76c000, 4) completed
[2025-09-25 12:38:10] < 2025/09/25 12:38:10.000795233  length=4 from=1407778 to=1407781
[2025-09-25 12:38:10]  00 00 00 00                                      ....
[2025-09-25 12:38:10] --
[2025-09-25 12:38:10] 2025/09/25 12:38:10 socat[67544] N write(6, 0x5f8a4e76c000, 4) completed
[2025-09-25 12:38:10] < 2025/09/25 12:38:10.000795255  length=4 from=1407782 to=1407785
[2025-09-25 12:38:10]  00 00 00 00                                      ....
[2025-09-25 12:38:10] --
[2025-09-25 12:38:10] 2025/09/25 12:38:10 socat[67544] N write(6, 0x5f8a4e76c000, 4) completed
[2025-09-25 12:38:10] < 2025/09/25 12:38:10.000795277  length=4 from=1407786 to=1407789
[2025-09-25 12:38:10]  00 00 00 00                                      ....
[2025-09-25 12:38:10] --
[2025-09-25 12:38:10] 2025/09/25 12:38:10 socat[67544] N write(6, 0x5f8a4e76c000, 4) completed
[2025-09-25 12:38:10] < 2025/09/25 12:38:10.000795298  length=4 from=1407790 to=1407793
[2025-09-25 12:38:10]  00 00 00 df                                      ....
[2025-09-25 12:38:10] --
[2025-09-25 12:38:10] 2025/09/25 12:38:10 socat[67544] N write(6, 0x5f8a4e76c000, 4) completed
[2025-09-25 12:38:10] < 2025/09/25 12:38:10.000795320  length=4 from=1407794 to=1407797
[2025-09-25 12:38:10]  21 00 00 00                                      !...
[2025-09-25 12:38:10] --
[2025-09-25 12:38:10] 2025/09/25 12:38:10 socat[67544] N write(6, 0x5f8a4e76c000, 4) completed
[2025-09-25 12:38:10] < 2025/09/25 12:38:10.000795352  length=4 from=1407798 to=1407801
[2025-09-25 12:38:10]  00 00 00 00                                      ....
[2025-09-25 12:38:10] --
[2025-09-25 12:38:10] 2025/09/25 12:38:10 socat[67544] N write(6, 0x5f8a4e76c000, 4) completed
[2025-09-25 12:38:10] < 2025/09/25 12:38:10.000795379  length=4 from=1407802 to=1407805
[2025-09-25 12:38:10]  00 00 00 00                                      ....
[2025-09-25 12:38:10] --
[2025-09-25 12:38:10] 2025/09/25 12:38:10 socat[67544] N write(6, 0x5f8a4e76c000, 4) completed
[2025-09-25 12:38:10] < 2025/09/25 12:38:10.000795401  length=4 from=1407806 to=1407809
[2025-09-25 12:38:10]  00 00 00 00                                      ....
[2025-09-25 12:38:10] --
[2025-09-25 12:38:10] 2025/09/25 12:38:10 socat[67544] N write(6, 0x5f8a4e76c000, 4) completed
[2025-09-25 12:38:10] < 2025/09/25 12:38:10.000795423  length=4 from=1407810 to=1407813
[2025-09-25 12:38:10]  00 00 00 00                                      ....
[2025-09-25 12:38:10] --
[2025-09-25 12:38:10] 2025/09/25 12:38:10 socat[67544] N write(6, 0x5f8a4e76c000, 4) completed
[2025-09-25 12:38:10] < 2025/09/25 12:38:10.000795445  length=4 from=1407814 to=1407817
[2025-09-25 12:38:10]  00 00 00 00                                      ....
[2025-09-25 12:38:10] --
[2025-09-25 12:38:10] 2025/09/25 12:38:10 socat[67544] N write(6, 0x5f8a4e76c000, 4) completed
[2025-09-25 12:38:10] < 2025/09/25 12:38:10.000795467  length=4 from=1407818 to=1407821
[2025-09-25 12:38:10]  00 00 00 00                                      ....
[2025-09-25 12:38:10] --
[2025-09-25 12:38:10] 2025/09/25 12:38:10 socat[67544] N write(6, 0x5f8a4e76c000, 4) completed
[2025-09-25 12:38:10] < 2025/09/25 12:38:10.000795489  length=4 from=1407822 to=1407825
[2025-09-25 12:38:10]  00 00 00 00                                      ....
[2025-09-25 12:38:10] --
[2025-09-25 12:38:10] 2025/09/25 12:38:10 socat[67544] N write(6, 0x5f8a4e76c000, 4) completed
[2025-09-25 12:38:10] < 2025/09/25 12:38:10.000795511  length=4 from=1407826 to=1407829
[2025-09-25 12:38:10]  00 df 21 00                                      ..!.
[2025-09-25 12:38:10] --
[2025-09-25 12:38:10] 2025/09/25 12:38:10 socat[67544] N write(6, 0x5f8a4e76c000, 4) completed
[2025-09-25 12:38:10] < 2025/09/25 12:38:10.000795533  length=4 from=1407830 to=1407833
[2025-09-25 12:38:10]  00 00 00 00                                      ....
[2025-09-25 12:38:10] --
[2025-09-25 12:38:10] 2025/09/25 12:38:10 socat[67544] N write(6, 0x5f8a4e76c000, 4) completed
[2025-09-25 12:38:10] < 2025/09/25 12:38:10.000795555  length=4 from=1407834 to=1407837
[2025-09-25 12:38:10]  00 00 00 00                                      ....
[2025-09-25 12:38:10] --
[2025-09-25 12:38:10] 2025/09/25 12:38:10 socat[67544] N write(6, 0x5f8a4e76c000, 4) completed
[2025-09-25 12:38:10] < 2025/09/25 12:38:10.000795576  length=4 from=1407838 to=1407841
[2025-09-25 12:38:10]  00 00 00 00                                      ....
[2025-09-25 12:38:10] --
[2025-09-25 12:38:10] 2025/09/25 12:38:10 socat[67544] N write(6, 0x5f8a4e76c000, 4) completed
[2025-09-25 12:38:10] < 2025/09/25 12:38:10.000795598  length=4 from=1407842 to=1407845
[2025-09-25 12:38:10]  00 00 00 00                                      ....
[2025-09-25 12:38:10] --
[2025-09-25 12:38:10] 2025/09/25 12:38:10 socat[67544] N write(6, 0x5f8a4e76c000, 4) completed
[2025-09-25 12:38:10] < 2025/09/25 12:38:10.000795620  length=4 from=1407846 to=1407849
[2025-09-25 12:38:10]  00 00 00 00                                      ....
[2025-09-25 12:38:10] --
[2025-09-25 12:38:10] 2025/09/25 12:38:10 socat[67544] N write(6, 0x5f8a4e76c000, 4) completed
[2025-09-25 12:38:10] < 2025/09/25 12:38:10.000795644  length=4 from=1407850 to=1407853
[2025-09-25 12:38:10]  00 00 00 00                                      ....
[2025-09-25 12:38:10] --
[2025-09-25 12:38:10] 2025/09/25 12:38:10 socat[67544] N write(6, 0x5f8a4e76c000, 4) completed
[2025-09-25 12:38:10] < 2025/09/25 12:38:10.000795666  length=4 from=1407854 to=1407857
[2025-09-25 12:38:10]  00 00 00 00                                      ....
[2025-09-25 12:38:10] --
[2025-09-25 12:38:10] 2025/09/25 12:38:10 socat[67544] N write(6, 0x5f8a4e76c000, 4) completed
[2025-09-25 12:38:10] < 2025/09/25 12:38:10.000795688  length=4 from=1407858 to=1407861
[2025-09-25 12:38:10]  00 00 00 df                                      ....
[2025-09-25 12:38:10] --
[2025-09-25 12:38:10] 2025/09/25 12:38:10 socat[67544] N write(6, 0x5f8a4e76c000, 4) completed
[2025-09-25 12:38:10] < 2025/09/25 12:38:10.000795710  length=4 from=1407862 to=1407865
[2025-09-25 12:38:10]  21 00 00 00                                      !...
[2025-09-25 12:38:10] --
[2025-09-25 12:38:10] 2025/09/25 12:38:10 socat[67544] N write(6, 0x5f8a4e76c000, 4) completed
[2025-09-25 12:38:10] < 2025/09/25 12:38:10.000795732  length=4 from=1407866 to=1407869
[2025-09-25 12:38:10]  00 00 00 00                                      ....
[2025-09-25 12:38:10] --
[2025-09-25 12:38:10] 2025/09/25 12:38:10 socat[67544] N write(6, 0x5f8a4e76c000, 4) completed
[2025-09-25 12:38:10] < 2025/09/25 12:38:10.000795754  length=4 from=1407870 to=1407873
[2025-09-25 12:38:10]  00 00 00 00                                      ....
[2025-09-25 12:38:10] --
[2025-09-25 12:38:10] 2025/09/25 12:38:10 socat[67544] N write(6, 0x5f8a4e76c000, 4) completed
[2025-09-25 12:38:10] < 2025/09/25 12:38:10.000795777  length=4 from=1407874 to=1407877
[2025-09-25 12:38:10]  00 00 00 00                                      ....
[2025-09-25 12:38:10] --
[2025-09-25 12:38:10] 2025/09/25 12:38:10 socat[67544] N write(6, 0x5f8a4e76c000, 4) completed
[2025-09-25 12:38:10] < 2025/09/25 12:38:10.000795799  length=4 from=1407878 to=1407881
[2025-09-25 12:38:10]  00 00 00 00                                      ....
[2025-09-25 12:38:10] --
[2025-09-25 12:38:10] 2025/09/25 12:38:10 socat[67544] N write(6, 0x5f8a4e76c000, 4) completed
[2025-09-25 12:38:10] < 2025/09/25 12:38:10.000795821  length=4 from=1407882 to=1407885
[2025-09-25 12:38:10]  00 00 00 00                                      ....
[2025-09-25 12:38:10] --
[2025-09-25 12:38:10] 2025/09/25 12:38:10 socat[67544] N write(6, 0x5f8a4e76c000, 4) completed
[2025-09-25 12:38:10] < 2025/09/25 12:38:10.000795842  length=4 from=1407886 to=1407889
[2025-09-25 12:38:10]  00 00 00 00                                      ....
[2025-09-25 12:38:10] --
[2025-09-25 12:38:10] 2025/09/25 12:38:10 socat[67544] N write(6, 0x5f8a4e76c000, 4) completed
[2025-09-25 12:38:10] < 2025/09/25 12:38:10.000795865  length=4 from=1407890 to=1407893
[2025-09-25 12:38:10]  00 00 00 00                                      ....
[2025-09-25 12:38:10] --
[2025-09-25 12:38:10] 2025/09/25 12:38:10 socat[67544] N write(6, 0x5f8a4e76c000, 4) completed
[2025-09-25 12:38:10] < 2025/09/25 12:38:10.000795887  length=4 from=1407894 to=1407897
[2025-09-25 12:38:10]  00 df 21 00                                      ..!.
[2025-09-25 12:38:10] --
[2025-09-25 12:38:10] 2025/09/25 12:38:10 socat[67544] N write(6, 0x5f8a4e76c000, 4) completed
[2025-09-25 12:38:10] < 2025/09/25 12:38:10.000795908  length=4 from=1407898 to=1407901
[2025-09-25 12:38:10]  00 00 00 00                                      ....
[2025-09-25 12:38:10] --
[2025-09-25 12:38:10] 2025/09/25 12:38:10 socat[67544] N write(6, 0x5f8a4e76c000, 4) completed
[2025-09-25 12:38:10] < 2025/09/25 12:38:10.000795930  length=4 from=1407902 to=1407905
[2025-09-25 12:38:10]  00 00 00 00                                      ....
[2025-09-25 12:38:10] --
[2025-09-25 12:38:10] 2025/09/25 12:38:10 socat[67544] N write(6, 0x5f8a4e76c000, 4) completed
[2025-09-25 12:38:10] < 2025/09/25 12:38:10.000795952  length=4 from=1407906 to=1407909
[2025-09-25 12:38:10]  00 00 00 00                                      ....
[2025-09-25 12:38:10] --
[2025-09-25 12:38:10] 2025/09/25 12:38:10 socat[67544] N write(6, 0x5f8a4e76c000, 4) completed
[2025-09-25 12:38:10] < 2025/09/25 12:38:10.000795982  length=4 from=1407910 to=1407913
[2025-09-25 12:38:10]  00 00 00 00                                      ....
[2025-09-25 12:38:10] --
[2025-09-25 12:38:10] 2025/09/25 12:38:10 socat[67544] N write(6, 0x5f8a4e76c000, 4) completed
[2025-09-25 12:38:10] < 2025/09/25 12:38:10.000796004  length=4 from=1407914 to=1407917
[2025-09-25 12:38:10]  00 00 00 00                                      ....
[2025-09-25 12:38:10] --
[2025-09-25 12:38:10] 2025/09/25 12:38:10 socat[67544] N write(6, 0x5f8a4e76c000, 4) completed
[2025-09-25 12:38:10] < 2025/09/25 12:38:10.000796025  length=4 from=1407918 to=1407921
[2025-09-25 12:38:10]  00 00 00 00                                      ....
[2025-09-25 12:38:10] --
[2025-09-25 12:38:10] 2025/09/25 12:38:10 socat[67544] N write(6, 0x5f8a4e76c000, 4) completed
[2025-09-25 12:38:10] < 2025/09/25 12:38:10.000796047  length=4 from=1407922 to=1407925
[2025-09-25 12:38:10]  00 00 00 00                                      ....
[2025-09-25 12:38:10] --
[2025-09-25 12:38:10] 2025/09/25 12:38:10 socat[67544] N write(6, 0x5f8a4e76c000, 4) completed
[2025-09-25 12:38:10] < 2025/09/25 12:38:10.000796071  length=4 from=1407926 to=1407929
[2025-09-25 12:38:10]  00 00 00 df                                      ....
[2025-09-25 12:38:10] --
[2025-09-25 12:38:10] 2025/09/25 12:38:10 socat[67544] N write(6, 0x5f8a4e76c000, 4) completed
[2025-09-25 12:38:10] < 2025/09/25 12:38:10.000796093  length=4 from=1407930 to=1407933
[2025-09-25 12:38:10]  21 00 00 00                                      !...
[2025-09-25 12:38:10] --
[2025-09-25 12:38:10] 2025/09/25 12:38:10 socat[67544] N write(6, 0x5f8a4e76c000, 4) completed
[2025-09-25 12:38:10] < 2025/09/25 12:38:10.000796115  length=4 from=1407934 to=1407937
[2025-09-25 12:38:10]  00 00 00 00                                      ....
[2025-09-25 12:38:10] --
[2025-09-25 12:38:10] 2025/09/25 12:38:10 socat[67544] N write(6, 0x5f8a4e76c000, 4) completed
[2025-09-25 12:38:10] < 2025/09/25 12:38:10.000796136  length=4 from=1407938 to=1407941
[2025-09-25 12:38:10]  00 00 00 00                                      ....
[2025-09-25 12:38:10] --
[2025-09-25 12:38:10] 2025/09/25 12:38:10 socat[67544] N write(6, 0x5f8a4e76c000, 4) completed
[2025-09-25 12:38:10] < 2025/09/25 12:38:10.000796158  length=4 from=1407942 to=1407945
[2025-09-25 12:38:10]  00 00 00 00                                      ....
[2025-09-25 12:38:10] --
[2025-09-25 12:38:10] 2025/09/25 12:38:10 socat[67544] N write(6, 0x5f8a4e76c000, 4) completed
[2025-09-25 12:38:10] < 2025/09/25 12:38:10.000796182  length=4 from=1407946 to=1407949
[2025-09-25 12:38:10]  00 00 00 00                                      ....
[2025-09-25 12:38:10] --
[2025-09-25 12:38:10] 2025/09/25 12:38:10 socat[67544] N write(6, 0x5f8a4e76c000, 4) completed
[2025-09-25 12:38:10] < 2025/09/25 12:38:10.000796204  length=4 from=1407950 to=1407953
[2025-09-25 12:38:10]  00 00 00 00                                      ....
[2025-09-25 12:38:10] --
[2025-09-25 12:38:10] 2025/09/25 12:38:10 socat[67544] N write(6, 0x5f8a4e76c000, 4) completed
[2025-09-25 12:38:10] < 2025/09/25 12:38:10.000796226  length=4 from=1407954 to=1407957
[2025-09-25 12:38:10]  00 00 00 00                                      ....
[2025-09-25 12:38:10] --
[2025-09-25 12:38:10] 2025/09/25 12:38:10 socat[67544] N write(6, 0x5f8a4e76c000, 4) completed
[2025-09-25 12:38:10] < 2025/09/25 12:38:10.000796248  length=4 from=1407958 to=1407961
[2025-09-25 12:38:10]  00 00 00 00                                      ....
[2025-09-25 12:38:10] --
[2025-09-25 12:38:10] 2025/09/25 12:38:10 socat[67544] N write(6, 0x5f8a4e76c000, 4) completed
[2025-09-25 12:38:10] < 2025/09/25 12:38:10.000796269  length=4 from=1407962 to=1407965
[2025-09-25 12:38:10]  00 df 21 00                                      ..!.
[2025-09-25 12:38:10] --
[2025-09-25 12:38:10] 2025/09/25 12:38:10 socat[67544] N write(6, 0x5f8a4e76c000, 4) completed
[2025-09-25 12:38:10] < 2025/09/25 12:38:10.000796291  length=4 from=1407966 to=1407969
[2025-09-25 12:38:10]  00 00 00 00                                      ....
[2025-09-25 12:38:10] --
[2025-09-25 12:38:10] 2025/09/25 12:38:10 socat[67544] N write(6, 0x5f8a4e76c000, 4) completed
[2025-09-25 12:38:10] < 2025/09/25 12:38:10.000796312  length=4 from=1407970 to=1407973
[2025-09-25 12:38:10]  00 00 00 00                                      ....
[2025-09-25 12:38:10] --
[2025-09-25 12:38:10] 2025/09/25 12:38:10 socat[67544] N write(6, 0x5f8a4e76c000, 4) completed
[2025-09-25 12:38:10] < 2025/09/25 12:38:10.000796335  length=4 from=1407974 to=1407977
[2025-09-25 12:38:10]  00 00 00 00                                      ....
[2025-09-25 12:38:10] --
[2025-09-25 12:38:10] 2025/09/25 12:38:10 socat[67544] N write(6, 0x5f8a4e76c000, 4) completed
[2025-09-25 12:38:10] < 2025/09/25 12:38:10.000796356  length=4 from=1407978 to=1407981
[2025-09-25 12:38:10]  00 00 00 00                                      ....
[2025-09-25 12:38:10] --
[2025-09-25 12:38:10] 2025/09/25 12:38:10 socat[67544] N write(6, 0x5f8a4e76c000, 4) completed
[2025-09-25 12:38:10] < 2025/09/25 12:38:10.000796378  length=4 from=1407982 to=1407985
[2025-09-25 12:38:10]  00 00 00 00                                      ....
[2025-09-25 12:38:10] --
[2025-09-25 12:38:10] 2025/09/25 12:38:10 socat[67544] N write(6, 0x5f8a4e76c000, 4) completed
[2025-09-25 12:38:10] < 2025/09/25 12:38:10.000796400  length=4 from=1407986 to=1407989
[2025-09-25 12:38:10]  00 00 00 00                                      ....
[2025-09-25 12:38:10] --
[2025-09-25 12:38:10] 2025/09/25 12:38:10 socat[67544] N write(6, 0x5f8a4e76c000, 4) completed
[2025-09-25 12:38:10] < 2025/09/25 12:38:10.000796422  length=4 from=1407990 to=1407993
[2025-09-25 12:38:10]  00 00 00 00                                      ....
[2025-09-25 12:38:10] --
[2025-09-25 12:38:10] 2025/09/25 12:38:10 socat[67544] N write(6, 0x5f8a4e76c000, 4) completed
[2025-09-25 12:38:10] < 2025/09/25 12:38:10.000796444  length=4 from=1407994 to=1407997
[2025-09-25 12:38:10]  00 00 00 df                                      ....
[2025-09-25 12:38:10] --
[2025-09-25 12:38:10] 2025/09/25 12:38:10 socat[67544] N write(6, 0x5f8a4e76c000, 4) completed
[2025-09-25 12:38:10] < 2025/09/25 12:38:10.000796466  length=4 from=1407998 to=1408001
[2025-09-25 12:38:10]  21 00 00 00                                      !...
[2025-09-25 12:38:10] --
[2025-09-25 12:38:10] 2025/09/25 12:38:10 socat[67544] N write(6, 0x5f8a4e76c000, 4) completed
[2025-09-25 12:38:10] < 2025/09/25 12:38:10.000796487  length=4 from=1408002 to=1408005
[2025-09-25 12:38:10]  00 00 00 00                                      ....
[2025-09-25 12:38:10] --
[2025-09-25 12:38:10] 2025/09/25 12:38:10 socat[67544] N write(6, 0x5f8a4e76c000, 4) completed
[2025-09-25 12:38:10] < 2025/09/25 12:38:10.000796509  length=4 from=1408006 to=1408009
[2025-09-25 12:38:10]  00 00 00 00                                      ....
[2025-09-25 12:38:10] --
[2025-09-25 12:38:10] 2025/09/25 12:38:10 socat[67544] N write(6, 0x5f8a4e76c000, 4) completed
[2025-09-25 12:38:10] < 2025/09/25 12:38:10.000796531  length=4 from=1408010 to=1408013
[2025-09-25 12:38:10]  00 00 00 00                                      ....
[2025-09-25 12:38:10] --
[2025-09-25 12:38:10] 2025/09/25 12:38:10 socat[67544] N write(6, 0x5f8a4e76c000, 4) completed
[2025-09-25 12:38:10] < 2025/09/25 12:38:10.000796556  length=4 from=1408014 to=1408017
[2025-09-25 12:38:10]  00 00 00 00                                      ....
[2025-09-25 12:38:10] --
[2025-09-25 12:38:10] 2025/09/25 12:38:10 socat[67544] N write(6, 0x5f8a4e76c000, 4) completed
[2025-09-25 12:38:10] < 2025/09/25 12:38:10.000868144  length=4 from=1408018 to=1408021
[2025-09-25 12:38:10]  00 00 00 00                                      ....
[2025-09-25 12:38:10] --
[2025-09-25 12:38:10] 2025/09/25 12:38:10 socat[67544] N write(6, 0x5f8a4e76c000, 4) completed
[2025-09-25 12:38:10] < 2025/09/25 12:38:10.000868268  length=4 from=1408022 to=1408025
[2025-09-25 12:38:10]  00 00 00 00                                      ....
[2025-09-25 12:38:10] --
[2025-09-25 12:38:10] 2025/09/25 12:38:10 socat[67544] N write(6, 0x5f8a4e76c000, 4) completed
[2025-09-25 12:38:10] < 2025/09/25 12:38:10.000868290  length=4 from=1408026 to=1408029
[2025-09-25 12:38:10]  00 00 00 00                                      ....
[2025-09-25 12:38:10] --
[2025-09-25 12:38:10] 2025/09/25 12:38:10 socat[67544] N write(6, 0x5f8a4e76c000, 4) completed
[2025-09-25 12:38:10] < 2025/09/25 12:38:10.000868309  length=4 from=1408030 to=1408033
[2025-09-25 12:38:10]  00 df 21 00                                      ..!.
[2025-09-25 12:38:10] --
[2025-09-25 12:38:10] 2025/09/25 12:38:10 socat[67544] N write(6, 0x5f8a4e76c000, 4) completed
[2025-09-25 12:38:10] < 2025/09/25 12:38:10.000868808  length=4 from=1408034 to=1408037
[2025-09-25 12:38:10]  00 00 00 00                                      ....
[2025-09-25 12:38:10] --
[2025-09-25 12:38:10] 2025/09/25 12:38:10 socat[67544] N write(6, 0x5f8a4e76c000, 4) completed
[2025-09-25 12:38:10] < 2025/09/25 12:38:10.000868832  length=4 from=1408038 to=1408041
[2025-09-25 12:38:10]  00 00 00 00                                      ....
[2025-09-25 12:38:10] --
[2025-09-25 12:38:10] 2025/09/25 12:38:10 socat[67544] N write(6, 0x5f8a4e76c000, 4) completed
[2025-09-25 12:38:10] < 2025/09/25 12:38:10.000868853  length=4 from=1408042 to=1408045
[2025-09-25 12:38:10]  00 00 00 00                                      ....
[2025-09-25 12:38:10] --
[2025-09-25 12:38:10] 2025/09/25 12:38:10 socat[67544] N write(6, 0x5f8a4e76c000, 4) completed
[2025-09-25 12:38:10] < 2025/09/25 12:38:10.000868874  length=4 from=1408046 to=1408049
[2025-09-25 12:38:10]  00 00 00 00                                      ....
[2025-09-25 12:38:10] --
[2025-09-25 12:38:10] 2025/09/25 12:38:10 socat[67544] N write(6, 0x5f8a4e76c000, 4) completed
[2025-09-25 12:38:10] < 2025/09/25 12:38:10.000868895  length=4 from=1408050 to=1408053
[2025-09-25 12:38:10]  00 00 00 00                                      ....
[2025-09-25 12:38:10] --
[2025-09-25 12:38:10] 2025/09/25 12:38:10 socat[67544] N write(6, 0x5f8a4e76c000, 4) completed
[2025-09-25 12:38:10] < 2025/09/25 12:38:10.000868916  length=4 from=1408054 to=1408057
[2025-09-25 12:38:10]  00 00 00 00                                      ....
[2025-09-25 12:38:10] --
[2025-09-25 12:38:10] 2025/09/25 12:38:10 socat[67544] N write(6, 0x5f8a4e76c000, 4) completed
[2025-09-25 12:38:10] < 2025/09/25 12:38:10.000868937  length=4 from=1408058 to=1408061
[2025-09-25 12:38:10]  00 00 00 00                                      ....
[2025-09-25 12:38:10] --
[2025-09-25 12:38:10] 2025/09/25 12:38:10 socat[67544] N write(6, 0x5f8a4e76c000, 4) completed
[2025-09-25 12:38:10] < 2025/09/25 12:38:10.000868986  length=4 from=1408062 to=1408065
[2025-09-25 12:38:10]  00 00 00 df                                      ....
[2025-09-25 12:38:10] --
[2025-09-25 12:38:10] 2025/09/25 12:38:10 socat[67544] N write(6, 0x5f8a4e76c000, 4) completed
[2025-09-25 12:38:10] < 2025/09/25 12:38:10.000869008  length=4 from=1408066 to=1408069
[2025-09-25 12:38:10]  21 00 00 00                                      !...
[2025-09-25 12:38:10] --
[2025-09-25 12:38:10] 2025/09/25 12:38:10 socat[67544] N write(6, 0x5f8a4e76c000, 4) completed
[2025-09-25 12:38:10] < 2025/09/25 12:38:10.000869029  length=4 from=1408070 to=1408073
[2025-09-25 12:38:10]  00 00 00 00                                      ....
[2025-09-25 12:38:10] --
[2025-09-25 12:38:10] 2025/09/25 12:38:10 socat[67544] N write(6, 0x5f8a4e76c000, 4) completed
[2025-09-25 12:38:10] < 2025/09/25 12:38:10.000869050  length=4 from=1408074 to=1408077
[2025-09-25 12:38:10]  00 00 00 00                                      ....
[2025-09-25 12:38:10] --
[2025-09-25 12:38:10] 2025/09/25 12:38:10 socat[67544] N write(6, 0x5f8a4e76c000, 4) completed
[2025-09-25 12:38:10] < 2025/09/25 12:38:10.000869071  length=4 from=1408078 to=1408081
[2025-09-25 12:38:10]  00 00 00 00                                      ....
[2025-09-25 12:38:10] --
[2025-09-25 12:38:10] 2025/09/25 12:38:10 socat[67544] N write(6, 0x5f8a4e76c000, 4) completed
[2025-09-25 12:38:10] < 2025/09/25 12:38:10.000869092  length=4 from=1408082 to=1408085
[2025-09-25 12:38:10]  00 00 00 00                                      ....
[2025-09-25 12:38:10] --
[2025-09-25 12:38:10] 2025/09/25 12:38:10 socat[67544] N write(6, 0x5f8a4e76c000, 4) completed
[2025-09-25 12:38:10] < 2025/09/25 12:38:10.000869113  length=4 from=1408086 to=1408089
[2025-09-25 12:38:10]  00 00 00 00                                      ....
[2025-09-25 12:38:10] --
[2025-09-25 12:38:10] 2025/09/25 12:38:10 socat[67544] N write(6, 0x5f8a4e76c000, 4) completed
[2025-09-25 12:38:10] < 2025/09/25 12:38:10.000869133  length=4 from=1408090 to=1408093
[2025-09-25 12:38:10]  00 00 00 00                                      ....
[2025-09-25 12:38:10] --
[2025-09-25 12:38:10] 2025/09/25 12:38:10 socat[67544] N write(6, 0x5f8a4e76c000, 4) completed
[2025-09-25 12:38:10] < 2025/09/25 12:38:10.000869154  length=4 from=1408094 to=1408097
[2025-09-25 12:38:10]  00 00 00 06                                      ....
[2025-09-25 12:38:10] --
[2025-09-25 12:38:10] 2025/09/25 12:38:10 socat[67544] N write(6, 0x5f8a4e76c000, 4) completed
[2025-09-25 12:38:10] < 2025/09/25 12:38:10.000869175  length=4 from=1408098 to=1408101
[2025-09-25 12:38:10]  10 c9 21 00                                      ..!.
[2025-09-25 12:38:10] --
[2025-09-25 12:38:10] 2025/09/25 12:38:10 socat[67544] N write(6, 0x5f8a4e76c000, 4) completed
[2025-09-25 12:38:10] < 2025/09/25 12:38:10.000869196  length=4 from=1408102 to=1408105
[2025-09-25 12:38:10]  00 00 00 00                                      ....
[2025-09-25 12:38:10] --
[2025-09-25 12:38:10] 2025/09/25 12:38:10 socat[67544] N write(6, 0x5f8a4e76c000, 4) completed
[2025-09-25 12:38:10] < 2025/09/25 12:38:10.000869216  length=4 from=1408106 to=1408109
[2025-09-25 12:38:10]  00 06 10 00                                      ....
[2025-09-25 12:38:10] --
[2025-09-25 12:38:10] 2025/09/25 12:38:10 socat[67544] N write(6, 0x5f8a4e76c000, 4) completed
[2025-09-25 12:38:10] < 2025/09/25 12:38:10.000869237  length=4 from=1408110 to=1408113
[2025-09-25 12:38:10]  01 00 00 00                                      ....
[2025-09-25 12:38:10] --
[2025-09-25 12:38:10] 2025/09/25 12:38:10 socat[67544] N write(6, 0x5f8a4e76c000, 4) completed
[2025-09-25 12:38:10] < 2025/09/25 12:38:10.000869258  length=4 from=1408114 to=1408117
[2025-09-25 12:38:10]  00 00 00 00                                      ....
[2025-09-25 12:38:10] --
[2025-09-25 12:38:10] 2025/09/25 12:38:10 socat[67544] N write(6, 0x5f8a4e76c000, 4) completed
[2025-09-25 12:38:10] < 2025/09/25 12:38:10.000869280  length=4 from=1408118 to=1408121
[2025-09-25 12:38:10]  00 00 00 00                                      ....
[2025-09-25 12:38:10] --
[2025-09-25 12:38:10] 2025/09/25 12:38:10 socat[67544] N write(6, 0x5f8a4e76c000, 4) completed
[2025-09-25 12:38:10] < 2025/09/25 12:38:10.000869301  length=4 from=1408122 to=1408125
[2025-09-25 12:38:10]  00 00 00 00                                      ....
[2025-09-25 12:38:10] --
[2025-09-25 12:38:10] 2025/09/25 12:38:10 socat[67544] N write(6, 0x5f8a4e76c000, 4) completed
[2025-09-25 12:38:10] < 2025/09/25 12:38:10.000869322  length=4 from=1408126 to=1408129
[2025-09-25 12:38:10]  00 00 00 00                                      ....
[2025-09-25 12:38:10] --
[2025-09-25 12:38:10] 2025/09/25 12:38:10 socat[67544] N write(6, 0x5f8a4e76c000, 4) completed
[2025-09-25 12:38:10] < 2025/09/25 12:38:10.000869343  length=4 from=1408130 to=1408133
[2025-09-25 12:38:10]  00 00 00 c8                                      ....
[2025-09-25 12:38:10] --
[2025-09-25 12:38:10] 2025/09/25 12:38:10 socat[67544] N write(6, 0x5f8a4e76c000, 4) completed
[2025-09-25 12:38:10] < 2025/09/25 12:38:10.000869363  length=4 from=1408134 to=1408137
[2025-09-25 12:38:10]  21 00 00 00                                      !...
[2025-09-25 12:38:10] --
[2025-09-25 12:38:10] 2025/09/25 12:38:10 socat[67544] N write(6, 0x5f8a4e76c000, 4) completed
[2025-09-25 12:38:10] < 2025/09/25 12:38:10.000869384  length=4 from=1408138 to=1408141
[2025-09-25 12:38:10]  00 00 00 00                                      ....
[2025-09-25 12:38:10] --
[2025-09-25 12:38:10] 2025/09/25 12:38:10 socat[67544] N write(6, 0x5f8a4e76c000, 4) completed
[2025-09-25 12:38:10] < 2025/09/25 12:38:10.000869405  length=4 from=1408142 to=1408145
[2025-09-25 12:38:10]  00 00 00 00                                      ....
[2025-09-25 12:38:10] --
[2025-09-25 12:38:10] 2025/09/25 12:38:10 socat[67544] N write(6, 0x5f8a4e76c000, 4) completed
[2025-09-25 12:38:10] < 2025/09/25 12:38:10.000869426  length=4 from=1408146 to=1408149
[2025-09-25 12:38:10]  00 00 00 00                                      ....
[2025-09-25 12:38:10] --
[2025-09-25 12:38:10] 2025/09/25 12:38:10 socat[67544] N write(6, 0x5f8a4e76c000, 4) completed
[2025-09-25 12:38:10] < 2025/09/25 12:38:10.000869446  length=4 from=1408150 to=1408153
[2025-09-25 12:38:10]  00 00 00 00                                      ....
[2025-09-25 12:38:10] --
[2025-09-25 12:38:10] 2025/09/25 12:38:10 socat[67544] N write(6, 0x5f8a4e76c000, 4) completed
[2025-09-25 12:38:10] < 2025/09/25 12:38:10.000869467  length=4 from=1408154 to=1408157
[2025-09-25 12:38:10]  00 00 00 00                                      ....
[2025-09-25 12:38:10] --
[2025-09-25 12:38:10] 2025/09/25 12:38:10 socat[67544] N write(6, 0x5f8a4e76c000, 4) completed
[2025-09-25 12:38:10] < 2025/09/25 12:38:10.000869488  length=4 from=1408158 to=1408161
[2025-09-25 12:38:10]  00 00 00 00                                      ....
[2025-09-25 12:38:10] --
[2025-09-25 12:38:10] 2025/09/25 12:38:10 socat[67544] N write(6, 0x5f8a4e76c000, 4) completed
[2025-09-25 12:38:10] < 2025/09/25 12:38:10.000869508  length=4 from=1408162 to=1408165
[2025-09-25 12:38:10]  00 00 00 00                                      ....
[2025-09-25 12:38:10] --
[2025-09-25 12:38:10] 2025/09/25 12:38:10 socat[67544] N write(6, 0x5f8a4e76c000, 4) completed
[2025-09-25 12:38:10] < 2025/09/25 12:38:10.000869529  length=4 from=1408166 to=1408169
[2025-09-25 12:38:10]  00 df 21 00                                      ..!.
[2025-09-25 12:38:10] --
[2025-09-25 12:38:10] 2025/09/25 12:38:10 socat[67544] N write(6, 0x5f8a4e76c000, 4) completed
[2025-09-25 12:38:10] < 2025/09/25 12:38:10.000869550  length=4 from=1408170 to=1408173
[2025-09-25 12:38:10]  00 00 00 00                                      ....
[2025-09-25 12:38:10] --
[2025-09-25 12:38:10] 2025/09/25 12:38:10 socat[67544] N write(6, 0x5f8a4e76c000, 4) completed
[2025-09-25 12:38:10] < 2025/09/25 12:38:10.000869571  length=4 from=1408174 to=1408177
[2025-09-25 12:38:10]  00 00 00 00                                      ....
[2025-09-25 12:38:10] --
[2025-09-25 12:38:10] 2025/09/25 12:38:10 socat[67544] N write(6, 0x5f8a4e76c000, 4) completed
[2025-09-25 12:38:10] < 2025/09/25 12:38:10.000869591  length=4 from=1408178 to=1408181
[2025-09-25 12:38:10]  00 00 00 00                                      ....
[2025-09-25 12:38:10] --
[2025-09-25 12:38:10] 2025/09/25 12:38:10 socat[67544] N write(6, 0x5f8a4e76c000, 4) completed
[2025-09-25 12:38:10] < 2025/09/25 12:38:10.000869612  length=4 from=1408182 to=1408185
[2025-09-25 12:38:10]  00 00 00 00                                      ....
[2025-09-25 12:38:10] --
[2025-09-25 12:38:10] 2025/09/25 12:38:10 socat[67544] N write(6, 0x5f8a4e76c000, 4) completed
[2025-09-25 12:38:10] < 2025/09/25 12:38:10.000869633  length=4 from=1408186 to=1408189
[2025-09-25 12:38:10]  00 00 00 00                                      ....
[2025-09-25 12:38:10] --
[2025-09-25 12:38:10] 2025/09/25 12:38:10 socat[67544] N write(6, 0x5f8a4e76c000, 4) completed
[2025-09-25 12:38:10] < 2025/09/25 12:38:10.000869653  length=4 from=1408190 to=1408193
[2025-09-25 12:38:10]  00 00 00 00                                      ....
[2025-09-25 12:38:10] --
[2025-09-25 12:38:10] 2025/09/25 12:38:10 socat[67544] N write(6, 0x5f8a4e76c000, 4) completed
[2025-09-25 12:38:10] < 2025/09/25 12:38:10.000869674  length=4 from=1408194 to=1408197
[2025-09-25 12:38:10]  00 00 00 00                                      ....
[2025-09-25 12:38:10] --
[2025-09-25 12:38:10] 2025/09/25 12:38:10 socat[67544] N write(6, 0x5f8a4e76c000, 4) completed
[2025-09-25 12:38:10] < 2025/09/25 12:38:10.000869695  length=4 from=1408198 to=1408201
[2025-09-25 12:38:10]  00 00 00 df                                      ....
[2025-09-25 12:38:10] --
[2025-09-25 12:38:10] 2025/09/25 12:38:10 socat[67544] N write(6, 0x5f8a4e76c000, 4) completed
[2025-09-25 12:38:10] < 2025/09/25 12:38:10.000869716  length=4 from=1408202 to=1408205
[2025-09-25 12:38:10]  21 00 00 00                                      !...
[2025-09-25 12:38:10] --
[2025-09-25 12:38:10] 2025/09/25 12:38:10 socat[67544] N write(6, 0x5f8a4e76c000, 4) completed
[2025-09-25 12:38:10] < 2025/09/25 12:38:10.000869737  length=4 from=1408206 to=1408209
[2025-09-25 12:38:10]  00 00 00 00                                      ....
[2025-09-25 12:38:10] --
[2025-09-25 12:38:10] 2025/09/25 12:38:10 socat[67544] N write(6, 0x5f8a4e76c000, 4) completed
[2025-09-25 12:38:10] < 2025/09/25 12:38:10.000869758  length=4 from=1408210 to=1408213
[2025-09-25 12:38:10]  00 00 00 00                                      ....
[2025-09-25 12:38:10] --
[2025-09-25 12:38:10] 2025/09/25 12:38:10 socat[67544] N write(6, 0x5f8a4e76c000, 4) completed
[2025-09-25 12:38:10] < 2025/09/25 12:38:10.000869778  length=4 from=1408214 to=1408217
[2025-09-25 12:38:10]  00 00 00 00                                      ....
[2025-09-25 12:38:10] --
[2025-09-25 12:38:10] 2025/09/25 12:38:10 socat[67544] N write(6, 0x5f8a4e76c000, 4) completed
[2025-09-25 12:38:10] < 2025/09/25 12:38:10.000869799  length=4 from=1408218 to=1408221
[2025-09-25 12:38:10]  00 00 00 00                                      ....
[2025-09-25 12:38:10] --
[2025-09-25 12:38:10] 2025/09/25 12:38:10 socat[67544] N write(6, 0x5f8a4e76c000, 4) completed
[2025-09-25 12:38:10] < 2025/09/25 12:38:10.000869820  length=4 from=1408222 to=1408225
[2025-09-25 12:38:10]  00 00 00 00                                      ....
[2025-09-25 12:38:10] --
[2025-09-25 12:38:10] 2025/09/25 12:38:10 socat[67544] N write(6, 0x5f8a4e76c000, 4) completed
[2025-09-25 12:38:10] < 2025/09/25 12:38:10.000869852  length=4 from=1408226 to=1408229
[2025-09-25 12:38:10]  00 00 00 00                                      ....
[2025-09-25 12:38:10] --
[2025-09-25 12:38:10] 2025/09/25 12:38:10 socat[67544] N write(6, 0x5f8a4e76c000, 4) completed
[2025-09-25 12:38:10] < 2025/09/25 12:38:10.000869873  length=4 from=1408230 to=1408233
[2025-09-25 12:38:10]  00 00 00 00                                      ....
[2025-09-25 12:38:10] --
[2025-09-25 12:38:10] 2025/09/25 12:38:10 socat[67544] N write(6, 0x5f8a4e76c000, 4) completed
[2025-09-25 12:38:10] < 2025/09/25 12:38:10.000869895  length=4 from=1408234 to=1408237
[2025-09-25 12:38:10]  00 df 21 00                                      ..!.
[2025-09-25 12:38:10] --
[2025-09-25 12:38:10] 2025/09/25 12:38:10 socat[67544] N write(6, 0x5f8a4e76c000, 4) completed
[2025-09-25 12:38:10] < 2025/09/25 12:38:10.000869916  length=4 from=1408238 to=1408241
[2025-09-25 12:38:10]  00 00 00 00                                      ....
[2025-09-25 12:38:10] --
[2025-09-25 12:38:10] 2025/09/25 12:38:10 socat[67544] N write(6, 0x5f8a4e76c000, 4) completed
[2025-09-25 12:38:10] < 2025/09/25 12:38:10.000869937  length=4 from=1408242 to=1408245
[2025-09-25 12:38:10]  00 00 00 00                                      ....
[2025-09-25 12:38:10] --
[2025-09-25 12:38:10] 2025/09/25 12:38:10 socat[67544] N write(6, 0x5f8a4e76c000, 4) completed
[2025-09-25 12:38:10] < 2025/09/25 12:38:10.000869962  length=4 from=1408246 to=1408249
[2025-09-25 12:38:10]  00 00 00 00                                      ....
[2025-09-25 12:38:10] --
[2025-09-25 12:38:10] 2025/09/25 12:38:10 socat[67544] N write(6, 0x5f8a4e76c000, 4) completed
[2025-09-25 12:38:10] < 2025/09/25 12:38:10.000869983  length=4 from=1408250 to=1408253
[2025-09-25 12:38:10]  00 00 00 00                                      ....
[2025-09-25 12:38:10] --
[2025-09-25 12:38:10] 2025/09/25 12:38:10 socat[67544] N write(6, 0x5f8a4e76c000, 4) completed
[2025-09-25 12:38:10] < 2025/09/25 12:38:10.000870004  length=4 from=1408254 to=1408257
[2025-09-25 12:38:10]  00 00 00 00                                      ....
[2025-09-25 12:38:10] --
[2025-09-25 12:38:10] 2025/09/25 12:38:10 socat[67544] N write(6, 0x5f8a4e76c000, 4) completed
[2025-09-25 12:38:10] < 2025/09/25 12:38:10.000870025  length=4 from=1408258 to=1408261
[2025-09-25 12:38:10]  00 00 00 00                                      ....
[2025-09-25 12:38:10] --
[2025-09-25 12:38:10] 2025/09/25 12:38:10 socat[67544] N write(6, 0x5f8a4e76c000, 4) completed
[2025-09-25 12:38:10] < 2025/09/25 12:38:10.000870046  length=4 from=1408262 to=1408265
[2025-09-25 12:38:10]  00 00 00 00                                      ....
[2025-09-25 12:38:10] --
[2025-09-25 12:38:10] 2025/09/25 12:38:10 socat[67544] N write(6, 0x5f8a4e76c000, 4) completed
[2025-09-25 12:38:10] < 2025/09/25 12:38:10.000870067  length=4 from=1408266 to=1408269
[2025-09-25 12:38:10]  00 00 00 df                                      ....
[2025-09-25 12:38:10] --
[2025-09-25 12:38:10] 2025/09/25 12:38:10 socat[67544] N write(6, 0x5f8a4e76c000, 4) completed
[2025-09-25 12:38:10] < 2025/09/25 12:38:10.000870088  length=4 from=1408270 to=1408273
[2025-09-25 12:38:10]  21 00 00 00                                      !...
[2025-09-25 12:38:10] --
[2025-09-25 12:38:10] 2025/09/25 12:38:10 socat[67544] N write(6, 0x5f8a4e76c000, 4) completed
[2025-09-25 12:38:10] < 2025/09/25 12:38:10.000941139  length=4 from=1408274 to=1408277
[2025-09-25 12:38:10]  00 00 00 00                                      ....
[2025-09-25 12:38:10] --
[2025-09-25 12:38:10] 2025/09/25 12:38:10 socat[67544] N write(6, 0x5f8a4e76c000, 4) completed
[2025-09-25 12:38:10] < 2025/09/25 12:38:10.000941240  length=4 from=1408278 to=1408281
[2025-09-25 12:38:10]  00 00 00 00                                      ....
[2025-09-25 12:38:10] --
[2025-09-25 12:38:10] 2025/09/25 12:38:10 socat[67544] N write(6, 0x5f8a4e76c000, 4) completed
[2025-09-25 12:38:10] < 2025/09/25 12:38:10.000941263  length=4 from=1408282 to=1408285
[2025-09-25 12:38:10]  00 00 00 00                                      ....
[2025-09-25 12:38:10] --
[2025-09-25 12:38:10] 2025/09/25 12:38:10 socat[67544] N write(6, 0x5f8a4e76c000, 4) completed
[2025-09-25 12:38:10] < 2025/09/25 12:38:10.000941284  length=4 from=1408286 to=1408289
[2025-09-25 12:38:10]  00 00 00 00                                      ....
[2025-09-25 12:38:10] --
[2025-09-25 12:38:10] 2025/09/25 12:38:10 socat[67544] N write(6, 0x5f8a4e76c000, 4) completed
[2025-09-25 12:38:10] < 2025/09/25 12:38:10.000941305  length=4 from=1408290 to=1408293
[2025-09-25 12:38:10]  00 00 00 00                                      ....
[2025-09-25 12:38:10] --
[2025-09-25 12:38:10] 2025/09/25 12:38:10 socat[67544] N write(6, 0x5f8a4e76c000, 4) completed
[2025-09-25 12:38:10] < 2025/09/25 12:38:10.000941326  length=4 from=1408294 to=1408297
[2025-09-25 12:38:10]  00 00 00 00                                      ....
[2025-09-25 12:38:10] --
[2025-09-25 12:38:10] 2025/09/25 12:38:10 socat[67544] N write(6, 0x5f8a4e76c000, 4) completed
[2025-09-25 12:38:10] < 2025/09/25 12:38:10.000941351  length=4 from=1408298 to=1408301
[2025-09-25 12:38:10]  00 00 00 00                                      ....
[2025-09-25 12:38:10] --
[2025-09-25 12:38:10] 2025/09/25 12:38:10 socat[67544] N write(6, 0x5f8a4e76c000, 4) completed
[2025-09-25 12:38:10] < 2025/09/25 12:38:10.000941373  length=4 from=1408302 to=1408305
[2025-09-25 12:38:10]  00 df 21 00                                      ..!.
[2025-09-25 12:38:10] --
[2025-09-25 12:38:10] 2025/09/25 12:38:10 socat[67544] N write(6, 0x5f8a4e76c000, 4) completed
[2025-09-25 12:38:10] < 2025/09/25 12:38:10.000941394  length=4 from=1408306 to=1408309
[2025-09-25 12:38:10]  00 00 00 00                                      ....
[2025-09-25 12:38:10] --
[2025-09-25 12:38:10] 2025/09/25 12:38:10 socat[67544] N write(6, 0x5f8a4e76c000, 4) completed
[2025-09-25 12:38:10] < 2025/09/25 12:38:10.000941415  length=4 from=1408310 to=1408313
[2025-09-25 12:38:10]  00 00 00 00                                      ....
[2025-09-25 12:38:10] --
[2025-09-25 12:38:10] 2025/09/25 12:38:10 socat[67544] N write(6, 0x5f8a4e76c000, 4) completed
[2025-09-25 12:38:10] < 2025/09/25 12:38:10.000941436  length=4 from=1408314 to=1408317
[2025-09-25 12:38:10]  00 00 00 00                                      ....
[2025-09-25 12:38:10] --
[2025-09-25 12:38:10] 2025/09/25 12:38:10 socat[67544] N write(6, 0x5f8a4e76c000, 4) completed
[2025-09-25 12:38:10] < 2025/09/25 12:38:10.000941457  length=4 from=1408318 to=1408321
[2025-09-25 12:38:10]  00 00 00 00                                      ....
[2025-09-25 12:38:10] --
[2025-09-25 12:38:10] 2025/09/25 12:38:10 socat[67544] N write(6, 0x5f8a4e76c000, 4) completed
[2025-09-25 12:38:10] < 2025/09/25 12:38:10.000941477  length=4 from=1408322 to=1408325
[2025-09-25 12:38:10]  00 00 00 00                                      ....
[2025-09-25 12:38:10] --
[2025-09-25 12:38:10] 2025/09/25 12:38:10 socat[67544] N write(6, 0x5f8a4e76c000, 4) completed
[2025-09-25 12:38:10] < 2025/09/25 12:38:10.000941498  length=4 from=1408326 to=1408329
[2025-09-25 12:38:10]  00 00 00 00                                      ....
[2025-09-25 12:38:10] --
[2025-09-25 12:38:10] 2025/09/25 12:38:10 socat[67544] N write(6, 0x5f8a4e76c000, 4) completed
[2025-09-25 12:38:10] < 2025/09/25 12:38:10.000941519  length=4 from=1408330 to=1408333
[2025-09-25 12:38:10]  00 00 00 00                                      ....
[2025-09-25 12:38:10] --
[2025-09-25 12:38:10] 2025/09/25 12:38:10 socat[67544] N write(6, 0x5f8a4e76c000, 4) completed
[2025-09-25 12:38:10] < 2025/09/25 12:38:10.000941573  length=4 from=1408334 to=1408337
[2025-09-25 12:38:10]  00 00 00 df                                      ....
[2025-09-25 12:38:10] --
[2025-09-25 12:38:10] 2025/09/25 12:38:10 socat[67544] N write(6, 0x5f8a4e76c000, 4) completed
[2025-09-25 12:38:10] < 2025/09/25 12:38:10.000941595  length=4 from=1408338 to=1408341
[2025-09-25 12:38:10]  21 00 00 00                                      !...
[2025-09-25 12:38:10] --
[2025-09-25 12:38:10] 2025/09/25 12:38:10 socat[67544] N write(6, 0x5f8a4e76c000, 4) completed
[2025-09-25 12:38:10] < 2025/09/25 12:38:10.000941616  length=4 from=1408342 to=1408345
[2025-09-25 12:38:10]  00 00 00 00                                      ....
[2025-09-25 12:38:10] --
[2025-09-25 12:38:10] 2025/09/25 12:38:10 socat[67544] N write(6, 0x5f8a4e76c000, 4) completed
[2025-09-25 12:38:10] < 2025/09/25 12:38:10.000941637  length=4 from=1408346 to=1408349
[2025-09-25 12:38:10]  00 00 00 00                                      ....
[2025-09-25 12:38:10] --
[2025-09-25 12:38:10] 2025/09/25 12:38:10 socat[67544] N write(6, 0x5f8a4e76c000, 4) completed
[2025-09-25 12:38:10] < 2025/09/25 12:38:10.000941658  length=4 from=1408350 to=1408353
[2025-09-25 12:38:10]  00 00 00 00                                      ....
[2025-09-25 12:38:10] --
[2025-09-25 12:38:10] 2025/09/25 12:38:10 socat[67544] N write(6, 0x5f8a4e76c000, 4) completed
[2025-09-25 12:38:10] < 2025/09/25 12:38:10.000941679  length=4 from=1408354 to=1408357
[2025-09-25 12:38:10]  00 00 00 00                                      ....
[2025-09-25 12:38:10] --
[2025-09-25 12:38:10] 2025/09/25 12:38:10 socat[67544] N write(6, 0x5f8a4e76c000, 4) completed
[2025-09-25 12:38:10] < 2025/09/25 12:38:10.000941703  length=4 from=1408358 to=1408361
[2025-09-25 12:38:10]  00 00 00 00                                      ....
[2025-09-25 12:38:10] --
[2025-09-25 12:38:10] 2025/09/25 12:38:10 socat[67544] N write(6, 0x5f8a4e76c000, 4) completed
[2025-09-25 12:38:10] < 2025/09/25 12:38:10.000941724  length=4 from=1408362 to=1408365
[2025-09-25 12:38:10]  00 00 00 00                                      ....
[2025-09-25 12:38:10] --
[2025-09-25 12:38:10] 2025/09/25 12:38:10 socat[67544] N write(6, 0x5f8a4e76c000, 4) completed
[2025-09-25 12:38:10] < 2025/09/25 12:38:10.000941748  length=4 from=1408366 to=1408369
[2025-09-25 12:38:10]  00 00 00 00                                      ....
[2025-09-25 12:38:10] --
[2025-09-25 12:38:10] 2025/09/25 12:38:10 socat[67544] N write(6, 0x5f8a4e76c000, 4) completed
[2025-09-25 12:38:10] < 2025/09/25 12:38:10.000941770  length=4 from=1408370 to=1408373
[2025-09-25 12:38:10]  00 df 21 00                                      ..!.
[2025-09-25 12:38:10] --
[2025-09-25 12:38:10] 2025/09/25 12:38:10 socat[67544] N write(6, 0x5f8a4e76c000, 4) completed
[2025-09-25 12:38:10] < 2025/09/25 12:38:10.000941794  length=4 from=1408374 to=1408377
[2025-09-25 12:38:10]  00 00 00 00                                      ....
[2025-09-25 12:38:10] --
[2025-09-25 12:38:10] 2025/09/25 12:38:10 socat[67544] N write(6, 0x5f8a4e76c000, 4) completed
[2025-09-25 12:38:10] < 2025/09/25 12:38:10.000941837  length=4 from=1408378 to=1408381
[2025-09-25 12:38:10]  00 00 00 00                                      ....
[2025-09-25 12:38:10] --
[2025-09-25 12:38:10] 2025/09/25 12:38:10 socat[67544] N write(6, 0x5f8a4e76c000, 4) completed
[2025-09-25 12:38:10] < 2025/09/25 12:38:10.000941859  length=4 from=1408382 to=1408385
[2025-09-25 12:38:10]  00 00 00 00                                      ....
[2025-09-25 12:38:10] --
[2025-09-25 12:38:10] 2025/09/25 12:38:10 socat[67544] N write(6, 0x5f8a4e76c000, 4) completed
[2025-09-25 12:38:10] < 2025/09/25 12:38:10.000941880  length=4 from=1408386 to=1408389
[2025-09-25 12:38:10]  00 00 00 00                                      ....
[2025-09-25 12:38:10] --
[2025-09-25 12:38:10] 2025/09/25 12:38:10 socat[67544] N write(6, 0x5f8a4e76c000, 4) completed
[2025-09-25 12:38:10] < 2025/09/25 12:38:10.000941900  length=4 from=1408390 to=1408393
[2025-09-25 12:38:10]  00 00 00 00                                      ....
[2025-09-25 12:38:10] --
[2025-09-25 12:38:10] 2025/09/25 12:38:10 socat[67544] N write(6, 0x5f8a4e76c000, 4) completed
[2025-09-25 12:38:10] < 2025/09/25 12:38:10.000941921  length=4 from=1408394 to=1408397
[2025-09-25 12:38:10]  00 00 00 00                                      ....
[2025-09-25 12:38:10] --
[2025-09-25 12:38:10] 2025/09/25 12:38:10 socat[67544] N write(6, 0x5f8a4e76c000, 4) completed
[2025-09-25 12:38:10] < 2025/09/25 12:38:10.000941945  length=4 from=1408398 to=1408401
[2025-09-25 12:38:10]  00 00 00 00                                      ....
[2025-09-25 12:38:10] --
[2025-09-25 12:38:10] 2025/09/25 12:38:10 socat[67544] N write(6, 0x5f8a4e76c000, 4) completed
[2025-09-25 12:38:10] < 2025/09/25 12:38:10.000942080  length=4 from=1408402 to=1408405
[2025-09-25 12:38:10]  00 00 00 df                                      ....
[2025-09-25 12:38:10] --
[2025-09-25 12:38:10] 2025/09/25 12:38:10 socat[67544] N write(6, 0x5f8a4e76c000, 4) completed
[2025-09-25 12:38:10] < 2025/09/25 12:38:10.000942106  length=4 from=1408406 to=1408409
[2025-09-25 12:38:10]  21 00 00 00                                      !...
[2025-09-25 12:38:10] --
[2025-09-25 12:38:10] 2025/09/25 12:38:10 socat[67544] N write(6, 0x5f8a4e76c000, 4) completed
[2025-09-25 12:38:10] < 2025/09/25 12:38:10.000942127  length=4 from=1408410 to=1408413
[2025-09-25 12:38:10]  00 00 00 00                                      ....
[2025-09-25 12:38:10] --
[2025-09-25 12:38:10] 2025/09/25 12:38:10 socat[67544] N write(6, 0x5f8a4e76c000, 4) completed
[2025-09-25 12:38:10] < 2025/09/25 12:38:10.000942148  length=4 from=1408414 to=1408417
[2025-09-25 12:38:10]  00 00 00 00                                      ....
[2025-09-25 12:38:10] --
[2025-09-25 12:38:10] 2025/09/25 12:38:10 socat[67544] N write(6, 0x5f8a4e76c000, 4) completed
[2025-09-25 12:38:10] < 2025/09/25 12:38:10.000942169  length=4 from=1408418 to=1408421
[2025-09-25 12:38:10]  00 00 00 00                                      ....
[2025-09-25 12:38:10] --
[2025-09-25 12:38:10] 2025/09/25 12:38:10 socat[67544] N write(6, 0x5f8a4e76c000, 4) completed
[2025-09-25 12:38:10] < 2025/09/25 12:38:10.000942190  length=4 from=1408422 to=1408425
[2025-09-25 12:38:10]  00 00 00 00                                      ....
[2025-09-25 12:38:10] --
[2025-09-25 12:38:10] 2025/09/25 12:38:10 socat[67544] N write(6, 0x5f8a4e76c000, 4) completed
[2025-09-25 12:38:10] < 2025/09/25 12:38:10.000942211  length=4 from=1408426 to=1408429
[2025-09-25 12:38:10]  00 00 00 00                                      ....
[2025-09-25 12:38:10] --
[2025-09-25 12:38:10] 2025/09/25 12:38:10 socat[67544] N write(6, 0x5f8a4e76c000, 4) completed
[2025-09-25 12:38:10] < 2025/09/25 12:38:10.000942233  length=4 from=1408430 to=1408433
[2025-09-25 12:38:10]  00 00 00 00                                      ....
[2025-09-25 12:38:10] --
[2025-09-25 12:38:10] 2025/09/25 12:38:10 socat[67544] N write(6, 0x5f8a4e76c000, 4) completed
[2025-09-25 12:38:10] < 2025/09/25 12:38:10.000942258  length=4 from=1408434 to=1408437
[2025-09-25 12:38:10]  00 00 00 00                                      ....
[2025-09-25 12:38:10] --
[2025-09-25 12:38:10] 2025/09/25 12:38:10 socat[67544] N write(6, 0x5f8a4e76c000, 4) completed
[2025-09-25 12:38:10] < 2025/09/25 12:38:10.000942279  length=4 from=1408438 to=1408441
[2025-09-25 12:38:10]  00 df 21 00                                      ..!.
[2025-09-25 12:38:10] --
[2025-09-25 12:38:10] 2025/09/25 12:38:10 socat[67544] N write(6, 0x5f8a4e76c000, 4) completed
[2025-09-25 12:38:10] < 2025/09/25 12:38:10.000942308  length=4 from=1408442 to=1408445
[2025-09-25 12:38:10]  00 00 00 00                                      ....
[2025-09-25 12:38:10] --
[2025-09-25 12:38:10] 2025/09/25 12:38:10 socat[67544] N write(6, 0x5f8a4e76c000, 4) completed
[2025-09-25 12:38:10] < 2025/09/25 12:38:10.000942330  length=4 from=1408446 to=1408449
[2025-09-25 12:38:10]  00 00 00 00                                      ....
[2025-09-25 12:38:10] --
[2025-09-25 12:38:10] 2025/09/25 12:38:10 socat[67544] N write(6, 0x5f8a4e76c000, 4) completed
[2025-09-25 12:38:10] < 2025/09/25 12:38:10.000942350  length=4 from=1408450 to=1408453
[2025-09-25 12:38:10]  00 00 00 00                                      ....
[2025-09-25 12:38:10] --
[2025-09-25 12:38:10] 2025/09/25 12:38:10 socat[67544] N write(6, 0x5f8a4e76c000, 4) completed
[2025-09-25 12:38:10] < 2025/09/25 12:38:10.000942372  length=4 from=1408454 to=1408457
[2025-09-25 12:38:10]  00 00 00 00                                      ....
[2025-09-25 12:38:10] --
[2025-09-25 12:38:10] 2025/09/25 12:38:10 socat[67544] N write(6, 0x5f8a4e76c000, 4) completed
[2025-09-25 12:38:10] < 2025/09/25 12:38:10.000942398  length=4 from=1408458 to=1408461
[2025-09-25 12:38:10]  00 00 00 00                                      ....
[2025-09-25 12:38:10] --
[2025-09-25 12:38:10] 2025/09/25 12:38:10 socat[67544] N write(6, 0x5f8a4e76c000, 4) completed
[2025-09-25 12:38:10] < 2025/09/25 12:38:10.000942422  length=4 from=1408462 to=1408465
[2025-09-25 12:38:10]  00 00 00 00                                      ....
[2025-09-25 12:38:10] --
[2025-09-25 12:38:10] 2025/09/25 12:38:10 socat[67544] N write(6, 0x5f8a4e76c000, 4) completed
[2025-09-25 12:38:10] < 2025/09/25 12:38:10.000942447  length=4 from=1408466 to=1408469
[2025-09-25 12:38:10]  00 00 00 00                                      ....
[2025-09-25 12:38:10] --
[2025-09-25 12:38:10] 2025/09/25 12:38:10 socat[67544] N write(6, 0x5f8a4e76c000, 4) completed
[2025-09-25 12:38:10] < 2025/09/25 12:38:10.000942472  length=4 from=1408470 to=1408473
[2025-09-25 12:38:10]  00 00 00 df                                      ....
[2025-09-25 12:38:10] --
[2025-09-25 12:38:10] 2025/09/25 12:38:10 socat[67544] N write(6, 0x5f8a4e76c000, 4) completed
[2025-09-25 12:38:10] < 2025/09/25 12:38:10.000942497  length=4 from=1408474 to=1408477
[2025-09-25 12:38:10]  21 00 00 00                                      !...
[2025-09-25 12:38:10] --
[2025-09-25 12:38:10] 2025/09/25 12:38:10 socat[67544] N write(6, 0x5f8a4e76c000, 4) completed
[2025-09-25 12:38:10] < 2025/09/25 12:38:10.000942517  length=4 from=1408478 to=1408481
[2025-09-25 12:38:10]  00 00 00 00                                      ....
[2025-09-25 12:38:10] --
[2025-09-25 12:38:10] 2025/09/25 12:38:10 socat[67544] N write(6, 0x5f8a4e76c000, 4) completed
[2025-09-25 12:38:10] < 2025/09/25 12:38:10.000942538  length=4 from=1408482 to=1408485
[2025-09-25 12:38:10]  00 00 00 00                                      ....
[2025-09-25 12:38:10] --
[2025-09-25 12:38:10] 2025/09/25 12:38:10 socat[67544] N write(6, 0x5f8a4e76c000, 4) completed
[2025-09-25 12:38:10] < 2025/09/25 12:38:10.000942559  length=4 from=1408486 to=1408489
[2025-09-25 12:38:10]  00 00 00 00                                      ....
[2025-09-25 12:38:10] --
[2025-09-25 12:38:10] 2025/09/25 12:38:10 socat[67544] N write(6, 0x5f8a4e76c000, 4) completed
[2025-09-25 12:38:10] < 2025/09/25 12:38:10.000942580  length=4 from=1408490 to=1408493
[2025-09-25 12:38:10]  00 00 00 00                                      ....
[2025-09-25 12:38:10] --
[2025-09-25 12:38:10] 2025/09/25 12:38:10 socat[67544] N write(6, 0x5f8a4e76c000, 4) completed
[2025-09-25 12:38:10] < 2025/09/25 12:38:10.000942601  length=4 from=1408494 to=1408497
[2025-09-25 12:38:10]  00 00 00 00                                      ....
[2025-09-25 12:38:10] --
[2025-09-25 12:38:10] 2025/09/25 12:38:10 socat[67544] N write(6, 0x5f8a4e76c000, 4) completed
[2025-09-25 12:38:10] < 2025/09/25 12:38:10.000942626  length=4 from=1408498 to=1408501
[2025-09-25 12:38:10]  00 00 00 00                                      ....
[2025-09-25 12:38:10] --
[2025-09-25 12:38:10] 2025/09/25 12:38:10 socat[67544] N write(6, 0x5f8a4e76c000, 4) completed
[2025-09-25 12:38:10] < 2025/09/25 12:38:10.000942651  length=4 from=1408502 to=1408505
[2025-09-25 12:38:10]  00 00 00 00                                      ....
[2025-09-25 12:38:10] --
[2025-09-25 12:38:10] 2025/09/25 12:38:10 socat[67544] N write(6, 0x5f8a4e76c000, 4) completed
[2025-09-25 12:38:10] < 2025/09/25 12:38:10.000942675  length=4 from=1408506 to=1408509
[2025-09-25 12:38:10]  00 df 21 00                                      ..!.
[2025-09-25 12:38:10] --
[2025-09-25 12:38:10] 2025/09/25 12:38:10 socat[67544] N write(6, 0x5f8a4e76c000, 4) completed
[2025-09-25 12:38:10] < 2025/09/25 12:38:10.000942700  length=4 from=1408510 to=1408513
[2025-09-25 12:38:10]  00 00 00 00                                      ....
[2025-09-25 12:38:10] --
[2025-09-25 12:38:10] 2025/09/25 12:38:10 socat[67544] N write(6, 0x5f8a4e76c000, 4) completed
[2025-09-25 12:38:10] < 2025/09/25 12:38:10.000942725  length=4 from=1408514 to=1408517
[2025-09-25 12:38:10]  00 00 00 00                                      ....
[2025-09-25 12:38:10] --
[2025-09-25 12:38:10] 2025/09/25 12:38:10 socat[67544] N write(6, 0x5f8a4e76c000, 4) completed
[2025-09-25 12:38:10] < 2025/09/25 12:38:10.000942839  length=4 from=1408518 to=1408521
[2025-09-25 12:38:10]  00 00 00 00                                      ....
[2025-09-25 12:38:10] --
[2025-09-25 12:38:10] 2025/09/25 12:38:10 socat[67544] N write(6, 0x5f8a4e76c000, 4) completed
[2025-09-25 12:38:10] < 2025/09/25 12:38:10.000943134  length=4 from=1408522 to=1408525
[2025-09-25 12:38:10]  00 00 00 00                                      ....
[2025-09-25 12:38:10] --
[2025-09-25 12:38:10] 2025/09/25 12:38:10 socat[67544] N write(6, 0x5f8a4e76c000, 4) completed
[2025-09-25 12:38:10] < 2025/09/25 12:38:10.000943340  length=4 from=1408526 to=1408529
[2025-09-25 12:38:10]  00 00 00 00                                      ....
[2025-09-25 12:38:10] --
[2025-09-25 12:38:10] 2025/09/25 12:38:10 socat[67544] N write(6, 0x5f8a4e76c000, 4) completed
[2025-09-25 12:38:11] < 2025/09/25 12:38:11.000015055  length=4 from=1408530 to=1408533
[2025-09-25 12:38:11]  00 00 00 00                                      ....
[2025-09-25 12:38:11] --
[2025-09-25 12:38:11] 2025/09/25 12:38:11 socat[67544] N write(6, 0x5f8a4e76c000, 4) completed
[2025-09-25 12:38:11] < 2025/09/25 12:38:11.000015133  length=4 from=1408534 to=1408537
[2025-09-25 12:38:11]  00 00 00 00                                      ....
[2025-09-25 12:38:11] --
[2025-09-25 12:38:11] 2025/09/25 12:38:11 socat[67544] N write(6, 0x5f8a4e76c000, 4) completed
[2025-09-25 12:38:11] < 2025/09/25 12:38:11.000015153  length=4 from=1408538 to=1408541
[2025-09-25 12:38:11]  00 00 00 df                                      ....
[2025-09-25 12:38:11] --
[2025-09-25 12:38:11] 2025/09/25 12:38:11 socat[67544] N write(6, 0x5f8a4e76c000, 4) completed
[2025-09-25 12:38:11] < 2025/09/25 12:38:11.000015173  length=4 from=1408542 to=1408545
[2025-09-25 12:38:11]  21 00 00 00                                      !...
[2025-09-25 12:38:11] --
[2025-09-25 12:38:11] 2025/09/25 12:38:11 socat[67544] N write(6, 0x5f8a4e76c000, 4) completed
[2025-09-25 12:38:11] < 2025/09/25 12:38:11.000015192  length=4 from=1408546 to=1408549
[2025-09-25 12:38:11]  00 00 00 00                                      ....
[2025-09-25 12:38:11] --
[2025-09-25 12:38:11] 2025/09/25 12:38:11 socat[67544] N write(6, 0x5f8a4e76c000, 4) completed
[2025-09-25 12:38:11] < 2025/09/25 12:38:11.000015212  length=4 from=1408550 to=1408553
[2025-09-25 12:38:11]  00 00 00 00                                      ....
[2025-09-25 12:38:11] --
[2025-09-25 12:38:11] 2025/09/25 12:38:11 socat[67544] N write(6, 0x5f8a4e76c000, 4) completed
[2025-09-25 12:38:11] < 2025/09/25 12:38:11.000015231  length=4 from=1408554 to=1408557
[2025-09-25 12:38:11]  00 00 00 00                                      ....
[2025-09-25 12:38:11] --
[2025-09-25 12:38:11] 2025/09/25 12:38:11 socat[67544] N write(6, 0x5f8a4e76c000, 4) completed
[2025-09-25 12:38:11] < 2025/09/25 12:38:11.000015250  length=4 from=1408558 to=1408561
[2025-09-25 12:38:11]  00 00 00 00                                      ....
[2025-09-25 12:38:11] --
[2025-09-25 12:38:11] 2025/09/25 12:38:11 socat[67544] N write(6, 0x5f8a4e76c000, 4) completed
[2025-09-25 12:38:11] < 2025/09/25 12:38:11.000015269  length=4 from=1408562 to=1408565
[2025-09-25 12:38:11]  00 00 00 00                                      ....
[2025-09-25 12:38:11] --
[2025-09-25 12:38:11] 2025/09/25 12:38:11 socat[67544] N write(6, 0x5f8a4e76c000, 4) completed
[2025-09-25 12:38:11] < 2025/09/25 12:38:11.000015289  length=4 from=1408566 to=1408569
[2025-09-25 12:38:11]  00 00 00 00                                      ....
[2025-09-25 12:38:11] --
[2025-09-25 12:38:11] 2025/09/25 12:38:11 socat[67544] N write(6, 0x5f8a4e76c000, 4) completed
[2025-09-25 12:38:11] < 2025/09/25 12:38:11.000015308  length=4 from=1408570 to=1408573
[2025-09-25 12:38:11]  00 00 00 00                                      ....
[2025-09-25 12:38:11] --
[2025-09-25 12:38:11] 2025/09/25 12:38:11 socat[67544] N write(6, 0x5f8a4e76c000, 4) completed
[2025-09-25 12:38:11] < 2025/09/25 12:38:11.000015327  length=4 from=1408574 to=1408577
[2025-09-25 12:38:11]  00 df 21 00                                      ..!.
[2025-09-25 12:38:11] --
[2025-09-25 12:38:11] 2025/09/25 12:38:11 socat[67544] N write(6, 0x5f8a4e76c000, 4) completed
[2025-09-25 12:38:11] < 2025/09/25 12:38:11.000015346  length=4 from=1408578 to=1408581
[2025-09-25 12:38:11]  00 00 00 00                                      ....
[2025-09-25 12:38:11] --
[2025-09-25 12:38:11] 2025/09/25 12:38:11 socat[67544] N write(6, 0x5f8a4e76c000, 4) completed
[2025-09-25 12:38:11] < 2025/09/25 12:38:11.000015366  length=4 from=1408582 to=1408585
[2025-09-25 12:38:11]  00 00 00 00                                      ....
[2025-09-25 12:38:11] --
[2025-09-25 12:38:11] 2025/09/25 12:38:11 socat[67544] N write(6, 0x5f8a4e76c000, 4) completed
[2025-09-25 12:38:11] < 2025/09/25 12:38:11.000015385  length=4 from=1408586 to=1408589
[2025-09-25 12:38:11]  00 00 00 00                                      ....
[2025-09-25 12:38:11] --
[2025-09-25 12:38:11] 2025/09/25 12:38:11 socat[67544] N write(6, 0x5f8a4e76c000, 4) completed
[2025-09-25 12:38:11] < 2025/09/25 12:38:11.000015404  length=4 from=1408590 to=1408593
[2025-09-25 12:38:11]  00 00 00 00                                      ....
[2025-09-25 12:38:11] --
[2025-09-25 12:38:11] 2025/09/25 12:38:11 socat[67544] N write(6, 0x5f8a4e76c000, 4) completed
[2025-09-25 12:38:11] < 2025/09/25 12:38:11.000015423  length=4 from=1408594 to=1408597
[2025-09-25 12:38:11]  00 00 00 00                                      ....
[2025-09-25 12:38:11] --
[2025-09-25 12:38:11] 2025/09/25 12:38:11 socat[67544] N write(6, 0x5f8a4e76c000, 4) completed
[2025-09-25 12:38:11] < 2025/09/25 12:38:11.000015443  length=4 from=1408598 to=1408601
[2025-09-25 12:38:11]  00 00 00 00                                      ....
[2025-09-25 12:38:11] --
[2025-09-25 12:38:11] 2025/09/25 12:38:11 socat[67544] N write(6, 0x5f8a4e76c000, 4) completed
[2025-09-25 12:38:11] < 2025/09/25 12:38:11.000015465  length=4 from=1408602 to=1408605
[2025-09-25 12:38:11]  00 00 00 00                                      ....
[2025-09-25 12:38:11] --
[2025-09-25 12:38:11] 2025/09/25 12:38:11 socat[67544] N write(6, 0x5f8a4e76c000, 4) completed
[2025-09-25 12:38:11] < 2025/09/25 12:38:11.000015483  length=4 from=1408606 to=1408609
[2025-09-25 12:38:11]  00 00 00 df                                      ....
[2025-09-25 12:38:11] --
[2025-09-25 12:38:11] 2025/09/25 12:38:11 socat[67544] N write(6, 0x5f8a4e76c000, 4) completed
[2025-09-25 12:38:11] < 2025/09/25 12:38:11.000015502  length=4 from=1408610 to=1408613
[2025-09-25 12:38:11]  21 00 00 00                                      !...
[2025-09-25 12:38:11] --
[2025-09-25 12:38:11] 2025/09/25 12:38:11 socat[67544] N write(6, 0x5f8a4e76c000, 4) completed
[2025-09-25 12:38:11] < 2025/09/25 12:38:11.000015522  length=4 from=1408614 to=1408617
[2025-09-25 12:38:11]  00 00 00 00                                      ....
[2025-09-25 12:38:11] --
[2025-09-25 12:38:11] 2025/09/25 12:38:11 socat[67544] N write(6, 0x5f8a4e76c000, 4) completed
[2025-09-25 12:38:11] < 2025/09/25 12:38:11.000015540  length=4 from=1408618 to=1408621
[2025-09-25 12:38:11]  00 00 00 00                                      ....
[2025-09-25 12:38:11] --
[2025-09-25 12:38:11] 2025/09/25 12:38:11 socat[67544] N write(6, 0x5f8a4e76c000, 4) completed
[2025-09-25 12:38:11] < 2025/09/25 12:38:11.000015559  length=4 from=1408622 to=1408625
[2025-09-25 12:38:11]  00 00 00 00                                      ....
[2025-09-25 12:38:11] --
[2025-09-25 12:38:11] 2025/09/25 12:38:11 socat[67544] N write(6, 0x5f8a4e76c000, 4) completed
[2025-09-25 12:38:11] < 2025/09/25 12:38:11.000015578  length=4 from=1408626 to=1408629
[2025-09-25 12:38:11]  00 00 00 00                                      ....
[2025-09-25 12:38:11] --
[2025-09-25 12:38:11] 2025/09/25 12:38:11 socat[67544] N write(6, 0x5f8a4e76c000, 4) completed
[2025-09-25 12:38:11] < 2025/09/25 12:38:11.000015597  length=4 from=1408630 to=1408633
[2025-09-25 12:38:11]  00 00 00 00                                      ....
[2025-09-25 12:38:11] --
[2025-09-25 12:38:11] 2025/09/25 12:38:11 socat[67544] N write(6, 0x5f8a4e76c000, 4) completed
[2025-09-25 12:38:11] < 2025/09/25 12:38:11.000015617  length=4 from=1408634 to=1408637
[2025-09-25 12:38:11]  00 00 00 00                                      ....
[2025-09-25 12:38:11] --
[2025-09-25 12:38:11] 2025/09/25 12:38:11 socat[67544] N write(6, 0x5f8a4e76c000, 4) completed
[2025-09-25 12:38:11] < 2025/09/25 12:38:11.000015635  length=4 from=1408638 to=1408641
[2025-09-25 12:38:11]  00 00 00 00                                      ....
[2025-09-25 12:38:11] --
[2025-09-25 12:38:11] 2025/09/25 12:38:11 socat[67544] N write(6, 0x5f8a4e76c000, 4) completed
[2025-09-25 12:38:11] < 2025/09/25 12:38:11.000015654  length=4 from=1408642 to=1408645
[2025-09-25 12:38:11]  00 df 21 00                                      ..!.
[2025-09-25 12:38:11] --
[2025-09-25 12:38:11] 2025/09/25 12:38:11 socat[67544] N write(6, 0x5f8a4e76c000, 4) completed
[2025-09-25 12:38:11] < 2025/09/25 12:38:11.000015672  length=4 from=1408646 to=1408649
[2025-09-25 12:38:11]  00 00 00 00                                      ....
[2025-09-25 12:38:11] --
[2025-09-25 12:38:11] 2025/09/25 12:38:11 socat[67544] N write(6, 0x5f8a4e76c000, 4) completed
[2025-09-25 12:38:11] < 2025/09/25 12:38:11.000015691  length=4 from=1408650 to=1408653
[2025-09-25 12:38:11]  00 00 00 00                                      ....
[2025-09-25 12:38:11] --
[2025-09-25 12:38:11] 2025/09/25 12:38:11 socat[67544] N write(6, 0x5f8a4e76c000, 4) completed
[2025-09-25 12:38:11] < 2025/09/25 12:38:11.000015710  length=4 from=1408654 to=1408657
[2025-09-25 12:38:11]  00 00 00 00                                      ....
[2025-09-25 12:38:11] --
[2025-09-25 12:38:11] 2025/09/25 12:38:11 socat[67544] N write(6, 0x5f8a4e76c000, 4) completed
[2025-09-25 12:38:11] < 2025/09/25 12:38:11.000015732  length=4 from=1408658 to=1408661
[2025-09-25 12:38:11]  00 00 00 00                                      ....
[2025-09-25 12:38:11] --
[2025-09-25 12:38:11] 2025/09/25 12:38:11 socat[67544] N write(6, 0x5f8a4e76c000, 4) completed
[2025-09-25 12:38:11] < 2025/09/25 12:38:11.000015755  length=4 from=1408662 to=1408665
[2025-09-25 12:38:11]  00 00 00 00                                      ....
[2025-09-25 12:38:11] --
[2025-09-25 12:38:11] 2025/09/25 12:38:11 socat[67544] N write(6, 0x5f8a4e76c000, 4) completed
[2025-09-25 12:38:11] < 2025/09/25 12:38:11.000015773  length=4 from=1408666 to=1408669
[2025-09-25 12:38:11]  00 00 00 00                                      ....
[2025-09-25 12:38:11] --
[2025-09-25 12:38:11] 2025/09/25 12:38:11 socat[67544] N write(6, 0x5f8a4e76c000, 4) completed
[2025-09-25 12:38:11] < 2025/09/25 12:38:11.000015792  length=4 from=1408670 to=1408673
[2025-09-25 12:38:11]  00 00 00 00                                      ....
[2025-09-25 12:38:11] --
[2025-09-25 12:38:11] 2025/09/25 12:38:11 socat[67544] N write(6, 0x5f8a4e76c000, 4) completed
[2025-09-25 12:38:11] < 2025/09/25 12:38:11.000015810  length=4 from=1408674 to=1408677
[2025-09-25 12:38:11]  00 00 00 df                                      ....
[2025-09-25 12:38:11] --
[2025-09-25 12:38:11] 2025/09/25 12:38:11 socat[67544] N write(6, 0x5f8a4e76c000, 4) completed
[2025-09-25 12:38:11] < 2025/09/25 12:38:11.000015829  length=4 from=1408678 to=1408681
[2025-09-25 12:38:11]  21 00 00 00                                      !...
[2025-09-25 12:38:11] --
[2025-09-25 12:38:11] 2025/09/25 12:38:11 socat[67544] N write(6, 0x5f8a4e76c000, 4) completed
[2025-09-25 12:38:11] < 2025/09/25 12:38:11.000015847  length=4 from=1408682 to=1408685
[2025-09-25 12:38:11]  00 00 00 00                                      ....
[2025-09-25 12:38:11] --
[2025-09-25 12:38:11] 2025/09/25 12:38:11 socat[67544] N write(6, 0x5f8a4e76c000, 4) completed
[2025-09-25 12:38:11] < 2025/09/25 12:38:11.000015866  length=4 from=1408686 to=1408689
[2025-09-25 12:38:11]  00 00 00 00                                      ....
[2025-09-25 12:38:11] --
[2025-09-25 12:38:11] 2025/09/25 12:38:11 socat[67544] N write(6, 0x5f8a4e76c000, 4) completed
[2025-09-25 12:38:11] < 2025/09/25 12:38:11.000015884  length=4 from=1408690 to=1408693
[2025-09-25 12:38:11]  00 00 00 00                                      ....
[2025-09-25 12:38:11] --
[2025-09-25 12:38:11] 2025/09/25 12:38:11 socat[67544] N write(6, 0x5f8a4e76c000, 4) completed
[2025-09-25 12:38:11] < 2025/09/25 12:38:11.000015903  length=4 from=1408694 to=1408697
[2025-09-25 12:38:11]  00 00 00 00                                      ....
[2025-09-25 12:38:11] --
[2025-09-25 12:38:11] 2025/09/25 12:38:11 socat[67544] N write(6, 0x5f8a4e76c000, 4) completed
[2025-09-25 12:38:11] < 2025/09/25 12:38:11.000015922  length=4 from=1408698 to=1408701
[2025-09-25 12:38:11]  00 00 00 00                                      ....
[2025-09-25 12:38:11] --
[2025-09-25 12:38:11] 2025/09/25 12:38:11 socat[67544] N write(6, 0x5f8a4e76c000, 4) completed
[2025-09-25 12:38:11] < 2025/09/25 12:38:11.000015941  length=4 from=1408702 to=1408705
[2025-09-25 12:38:11]  00 00 00 00                                      ....
[2025-09-25 12:38:11] --
[2025-09-25 12:38:11] 2025/09/25 12:38:11 socat[67544] N write(6, 0x5f8a4e76c000, 4) completed
[2025-09-25 12:38:11] < 2025/09/25 12:38:11.000015973  length=4 from=1408706 to=1408709
[2025-09-25 12:38:11]  00 00 00 00                                      ....
[2025-09-25 12:38:11] --
[2025-09-25 12:38:11] 2025/09/25 12:38:11 socat[67544] N write(6, 0x5f8a4e76c000, 4) completed
[2025-09-25 12:38:11] < 2025/09/25 12:38:11.000015992  length=4 from=1408710 to=1408713
[2025-09-25 12:38:11]  00 df 21 00                                      ..!.
[2025-09-25 12:38:11] --
[2025-09-25 12:38:11] 2025/09/25 12:38:11 socat[67544] N write(6, 0x5f8a4e76c000, 4) completed
[2025-09-25 12:38:11] < 2025/09/25 12:38:11.000016010  length=4 from=1408714 to=1408717
[2025-09-25 12:38:11]  00 00 00 00                                      ....
[2025-09-25 12:38:11] --
[2025-09-25 12:38:11] 2025/09/25 12:38:11 socat[67544] N write(6, 0x5f8a4e76c000, 4) completed
[2025-09-25 12:38:11] < 2025/09/25 12:38:11.000016029  length=4 from=1408718 to=1408721
[2025-09-25 12:38:11]  00 00 00 00                                      ....
[2025-09-25 12:38:11] --
[2025-09-25 12:38:11] 2025/09/25 12:38:11 socat[67544] N write(6, 0x5f8a4e76c000, 4) completed
[2025-09-25 12:38:11] < 2025/09/25 12:38:11.000016047  length=4 from=1408722 to=1408725
[2025-09-25 12:38:11]  00 00 00 00                                      ....
[2025-09-25 12:38:11] --
[2025-09-25 12:38:11] 2025/09/25 12:38:11 socat[67544] N write(6, 0x5f8a4e76c000, 4) completed
[2025-09-25 12:38:11] < 2025/09/25 12:38:11.000016065  length=4 from=1408726 to=1408729
[2025-09-25 12:38:11]  00 00 00 00                                      ....
[2025-09-25 12:38:11] --
[2025-09-25 12:38:11] 2025/09/25 12:38:11 socat[67544] N write(6, 0x5f8a4e76c000, 4) completed
[2025-09-25 12:38:11] < 2025/09/25 12:38:11.000016084  length=4 from=1408730 to=1408733
[2025-09-25 12:38:11]  00 00 00 00                                      ....
[2025-09-25 12:38:11] --
[2025-09-25 12:38:11] 2025/09/25 12:38:11 socat[67544] N write(6, 0x5f8a4e76c000, 4) completed
[2025-09-25 12:38:11] < 2025/09/25 12:38:11.000016102  length=4 from=1408734 to=1408737
[2025-09-25 12:38:11]  00 00 00 00                                      ....
[2025-09-25 12:38:11] --
[2025-09-25 12:38:11] 2025/09/25 12:38:11 socat[67544] N write(6, 0x5f8a4e76c000, 4) completed
[2025-09-25 12:38:11] < 2025/09/25 12:38:11.000016121  length=4 from=1408738 to=1408741
[2025-09-25 12:38:11]  00 00 00 00                                      ....
[2025-09-25 12:38:11] --
[2025-09-25 12:38:11] 2025/09/25 12:38:11 socat[67544] N write(6, 0x5f8a4e76c000, 4) completed
[2025-09-25 12:38:11] < 2025/09/25 12:38:11.000016139  length=4 from=1408742 to=1408745
[2025-09-25 12:38:11]  00 00 00 df                                      ....
[2025-09-25 12:38:11] --
[2025-09-25 12:38:11] 2025/09/25 12:38:11 socat[67544] N write(6, 0x5f8a4e76c000, 4) completed
[2025-09-25 12:38:11] < 2025/09/25 12:38:11.000016158  length=4 from=1408746 to=1408749
[2025-09-25 12:38:11]  21 00 00 00                                      !...
[2025-09-25 12:38:11] --
[2025-09-25 12:38:11] 2025/09/25 12:38:11 socat[67544] N write(6, 0x5f8a4e76c000, 4) completed
[2025-09-25 12:38:11] < 2025/09/25 12:38:11.000016176  length=4 from=1408750 to=1408753
[2025-09-25 12:38:11]  00 00 00 00                                      ....
[2025-09-25 12:38:11] --
[2025-09-25 12:38:11] 2025/09/25 12:38:11 socat[67544] N write(6, 0x5f8a4e76c000, 4) completed
[2025-09-25 12:38:11] < 2025/09/25 12:38:11.000016195  length=4 from=1408754 to=1408757
[2025-09-25 12:38:11]  00 00 00 00                                      ....
[2025-09-25 12:38:11] --
[2025-09-25 12:38:11] 2025/09/25 12:38:11 socat[67544] N write(6, 0x5f8a4e76c000, 4) completed
[2025-09-25 12:38:11] < 2025/09/25 12:38:11.000016213  length=4 from=1408758 to=1408761
[2025-09-25 12:38:11]  00 00 00 00                                      ....
[2025-09-25 12:38:11] --
[2025-09-25 12:38:11] 2025/09/25 12:38:11 socat[67544] N write(6, 0x5f8a4e76c000, 4) completed
[2025-09-25 12:38:11] < 2025/09/25 12:38:11.000016232  length=4 from=1408762 to=1408765
[2025-09-25 12:38:11]  00 00 00 00                                      ....
[2025-09-25 12:38:11] --
[2025-09-25 12:38:11] 2025/09/25 12:38:11 socat[67544] N write(6, 0x5f8a4e76c000, 4) completed
[2025-09-25 12:38:11] < 2025/09/25 12:38:11.000016250  length=4 from=1408766 to=1408769
[2025-09-25 12:38:11]  00 00 00 00                                      ....
[2025-09-25 12:38:11] --
[2025-09-25 12:38:11] 2025/09/25 12:38:11 socat[67544] N write(6, 0x5f8a4e76c000, 4) completed
[2025-09-25 12:38:11] < 2025/09/25 12:38:11.000016269  length=4 from=1408770 to=1408773
[2025-09-25 12:38:11]  00 00 00 00                                      ....
[2025-09-25 12:38:11] --
[2025-09-25 12:38:11] 2025/09/25 12:38:11 socat[67544] N write(6, 0x5f8a4e76c000, 4) completed
[2025-09-25 12:38:11] < 2025/09/25 12:38:11.000016288  length=4 from=1408774 to=1408777
[2025-09-25 12:38:11]  00 00 00 00                                      ....
[2025-09-25 12:38:11] --
[2025-09-25 12:38:11] 2025/09/25 12:38:11 socat[67544] N write(6, 0x5f8a4e76c000, 4) completed
[2025-09-25 12:38:11] < 2025/09/25 12:38:11.000016306  length=4 from=1408778 to=1408781
[2025-09-25 12:38:11]  00 df 21 00                                      ..!.
[2025-09-25 12:38:11] --
[2025-09-25 12:38:11] 2025/09/25 12:38:11 socat[67544] N write(6, 0x5f8a4e76c000, 4) completed
[2025-09-25 12:38:11] < 2025/09/25 12:38:11.000016325  length=4 from=1408782 to=1408785
[2025-09-25 12:38:11]  00 00 00 00                                      ....
[2025-09-25 12:38:11] --
[2025-09-25 12:38:11] 2025/09/25 12:38:11 socat[67544] N write(6, 0x5f8a4e76c000, 4) completed
[2025-09-25 12:38:11] < 2025/09/25 12:38:11.000088076  length=4 from=1408786 to=1408789
[2025-09-25 12:38:11]  00 00 00 00                                      ....
[2025-09-25 12:38:11] --
[2025-09-25 12:38:11] 2025/09/25 12:38:11 socat[67544] N write(6, 0x5f8a4e76c000, 4) completed
[2025-09-25 12:38:11] < 2025/09/25 12:38:11.000088224  length=4 from=1408790 to=1408793
[2025-09-25 12:38:11]  00 00 00 00                                      ....
[2025-09-25 12:38:11] --
[2025-09-25 12:38:11] 2025/09/25 12:38:11 socat[67544] N write(6, 0x5f8a4e76c000, 4) completed
[2025-09-25 12:38:11] < 2025/09/25 12:38:11.000088250  length=4 from=1408794 to=1408797
[2025-09-25 12:38:11]  00 00 00 00                                      ....
[2025-09-25 12:38:11] --
[2025-09-25 12:38:11] 2025/09/25 12:38:11 socat[67544] N write(6, 0x5f8a4e76c000, 4) completed
[2025-09-25 12:38:11] < 2025/09/25 12:38:11.000088416  length=4 from=1408798 to=1408801
[2025-09-25 12:38:11]  00 00 00 00                                      ....
[2025-09-25 12:38:11] --
[2025-09-25 12:38:11] 2025/09/25 12:38:11 socat[67544] N write(6, 0x5f8a4e76c000, 4) completed
[2025-09-25 12:38:11] < 2025/09/25 12:38:11.000088439  length=4 from=1408802 to=1408805
[2025-09-25 12:38:11]  00 00 00 00                                      ....
[2025-09-25 12:38:11] --
[2025-09-25 12:38:11] 2025/09/25 12:38:11 socat[67544] N write(6, 0x5f8a4e76c000, 4) completed
[2025-09-25 12:38:11] < 2025/09/25 12:38:11.000088461  length=4 from=1408806 to=1408809
[2025-09-25 12:38:11]  00 00 00 00                                      ....
[2025-09-25 12:38:11] --
[2025-09-25 12:38:11] 2025/09/25 12:38:11 socat[67544] N write(6, 0x5f8a4e76c000, 4) completed
[2025-09-25 12:38:11] < 2025/09/25 12:38:11.000088484  length=4 from=1408810 to=1408813
[2025-09-25 12:38:11]  00 00 00 df                                      ....
[2025-09-25 12:38:11] --
[2025-09-25 12:38:11] 2025/09/25 12:38:11 socat[67544] N write(6, 0x5f8a4e76c000, 4) completed
[2025-09-25 12:38:11] < 2025/09/25 12:38:11.000088508  length=4 from=1408814 to=1408817
[2025-09-25 12:38:11]  21 00 00 00                                      !...
[2025-09-25 12:38:11] --
[2025-09-25 12:38:11] 2025/09/25 12:38:11 socat[67544] N write(6, 0x5f8a4e76c000, 4) completed
[2025-09-25 12:38:11] < 2025/09/25 12:38:11.000088529  length=4 from=1408818 to=1408821
[2025-09-25 12:38:11]  00 00 00 00                                      ....
[2025-09-25 12:38:11] --
[2025-09-25 12:38:11] 2025/09/25 12:38:11 socat[67544] N write(6, 0x5f8a4e76c000, 4) completed
[2025-09-25 12:38:11] < 2025/09/25 12:38:11.000088550  length=4 from=1408822 to=1408825
[2025-09-25 12:38:11]  00 00 00 00                                      ....
[2025-09-25 12:38:11] --
[2025-09-25 12:38:11] 2025/09/25 12:38:11 socat[67544] N write(6, 0x5f8a4e76c000, 4) completed
[2025-09-25 12:38:11] < 2025/09/25 12:38:11.000088573  length=4 from=1408826 to=1408829
[2025-09-25 12:38:11]  00 00 00 00                                      ....
[2025-09-25 12:38:11] --
[2025-09-25 12:38:11] 2025/09/25 12:38:11 socat[67544] N write(6, 0x5f8a4e76c000, 4) completed
[2025-09-25 12:38:11] < 2025/09/25 12:38:11.000088594  length=4 from=1408830 to=1408833
[2025-09-25 12:38:11]  00 00 00 00                                      ....
[2025-09-25 12:38:11] --
[2025-09-25 12:38:11] 2025/09/25 12:38:11 socat[67544] N write(6, 0x5f8a4e76c000, 4) completed
[2025-09-25 12:38:11] < 2025/09/25 12:38:11.000088615  length=4 from=1408834 to=1408837
[2025-09-25 12:38:11]  00 00 00 00                                      ....
[2025-09-25 12:38:11] --
[2025-09-25 12:38:11] 2025/09/25 12:38:11 socat[67544] N write(6, 0x5f8a4e76c000, 4) completed
[2025-09-25 12:38:11] < 2025/09/25 12:38:11.000088635  length=4 from=1408838 to=1408841
[2025-09-25 12:38:11]  00 00 00 00                                      ....
[2025-09-25 12:38:11] --
[2025-09-25 12:38:11] 2025/09/25 12:38:11 socat[67544] N write(6, 0x5f8a4e76c000, 4) completed
[2025-09-25 12:38:11] < 2025/09/25 12:38:11.000088658  length=4 from=1408842 to=1408845
[2025-09-25 12:38:11]  00 00 00 00                                      ....
[2025-09-25 12:38:11] --
[2025-09-25 12:38:11] 2025/09/25 12:38:11 socat[67544] N write(6, 0x5f8a4e76c000, 4) completed
[2025-09-25 12:38:11] < 2025/09/25 12:38:11.000088678  length=4 from=1408846 to=1408849
[2025-09-25 12:38:11]  00 df 21 00                                      ..!.
[2025-09-25 12:38:11] --
[2025-09-25 12:38:11] 2025/09/25 12:38:11 socat[67544] N write(6, 0x5f8a4e76c000, 4) completed
[2025-09-25 12:38:11] < 2025/09/25 12:38:11.000088702  length=4 from=1408850 to=1408853
[2025-09-25 12:38:11]  00 00 00 00                                      ....
[2025-09-25 12:38:11] --
[2025-09-25 12:38:11] 2025/09/25 12:38:11 socat[67544] N write(6, 0x5f8a4e76c000, 4) completed
[2025-09-25 12:38:11] < 2025/09/25 12:38:11.000088722  length=4 from=1408854 to=1408857
[2025-09-25 12:38:11]  00 00 00 00                                      ....
[2025-09-25 12:38:11] --
[2025-09-25 12:38:11] 2025/09/25 12:38:11 socat[67544] N write(6, 0x5f8a4e76c000, 4) completed
[2025-09-25 12:38:11] < 2025/09/25 12:38:11.000088743  length=4 from=1408858 to=1408861
[2025-09-25 12:38:11]  00 00 00 00                                      ....
[2025-09-25 12:38:11] --
[2025-09-25 12:38:11] 2025/09/25 12:38:11 socat[67544] N write(6, 0x5f8a4e76c000, 4) completed
[2025-09-25 12:38:11] < 2025/09/25 12:38:11.000088766  length=4 from=1408862 to=1408865
[2025-09-25 12:38:11]  00 00 00 00                                      ....
[2025-09-25 12:38:11] --
[2025-09-25 12:38:11] 2025/09/25 12:38:11 socat[67544] N write(6, 0x5f8a4e76c000, 4) completed
[2025-09-25 12:38:11] < 2025/09/25 12:38:11.000088786  length=4 from=1408866 to=1408869
[2025-09-25 12:38:11]  00 00 00 00                                      ....
[2025-09-25 12:38:11] --
[2025-09-25 12:38:11] 2025/09/25 12:38:11 socat[67544] N write(6, 0x5f8a4e76c000, 4) completed
[2025-09-25 12:38:11] < 2025/09/25 12:38:11.000088808  length=4 from=1408870 to=1408873
[2025-09-25 12:38:11]  00 00 00 00                                      ....
[2025-09-25 12:38:11] --
[2025-09-25 12:38:11] 2025/09/25 12:38:11 socat[67544] N write(6, 0x5f8a4e76c000, 4) completed
[2025-09-25 12:38:11] < 2025/09/25 12:38:11.000088831  length=4 from=1408874 to=1408877
[2025-09-25 12:38:11]  00 00 00 00                                      ....
[2025-09-25 12:38:11] --
[2025-09-25 12:38:11] 2025/09/25 12:38:11 socat[67544] N write(6, 0x5f8a4e76c000, 4) completed
[2025-09-25 12:38:11] < 2025/09/25 12:38:11.000088852  length=4 from=1408878 to=1408881
[2025-09-25 12:38:11]  00 00 00 df                                      ....
[2025-09-25 12:38:11] --
[2025-09-25 12:38:11] 2025/09/25 12:38:11 socat[67544] N write(6, 0x5f8a4e76c000, 4) completed
[2025-09-25 12:38:11] < 2025/09/25 12:38:11.000088872  length=4 from=1408882 to=1408885
[2025-09-25 12:38:11]  21 00 00 00                                      !...
[2025-09-25 12:38:11] --
[2025-09-25 12:38:11] 2025/09/25 12:38:11 socat[67544] N write(6, 0x5f8a4e76c000, 4) completed
[2025-09-25 12:38:11] < 2025/09/25 12:38:11.000088896  length=4 from=1408886 to=1408889
[2025-09-25 12:38:11]  00 00 00 00                                      ....
[2025-09-25 12:38:11] --
[2025-09-25 12:38:11] 2025/09/25 12:38:11 socat[67544] N write(6, 0x5f8a4e76c000, 4) completed
[2025-09-25 12:38:11] < 2025/09/25 12:38:11.000088917  length=4 from=1408890 to=1408893
[2025-09-25 12:38:11]  00 00 00 00                                      ....
[2025-09-25 12:38:11] --
[2025-09-25 12:38:11] 2025/09/25 12:38:11 socat[67544] N write(6, 0x5f8a4e76c000, 4) completed
[2025-09-25 12:38:11] < 2025/09/25 12:38:11.000088938  length=4 from=1408894 to=1408897
[2025-09-25 12:38:11]  00 00 00 00                                      ....
[2025-09-25 12:38:11] --
[2025-09-25 12:38:11] 2025/09/25 12:38:11 socat[67544] N write(6, 0x5f8a4e76c000, 4) completed
[2025-09-25 12:38:11] < 2025/09/25 12:38:11.000088967  length=4 from=1408898 to=1408901
[2025-09-25 12:38:11]  00 00 00 00                                      ....
[2025-09-25 12:38:11] --
[2025-09-25 12:38:11] 2025/09/25 12:38:11 socat[67544] N write(6, 0x5f8a4e76c000, 4) completed
[2025-09-25 12:38:11] < 2025/09/25 12:38:11.000088990  length=4 from=1408902 to=1408905
[2025-09-25 12:38:11]  00 00 00 00                                      ....
[2025-09-25 12:38:11] --
[2025-09-25 12:38:11] 2025/09/25 12:38:11 socat[67544] N write(6, 0x5f8a4e76c000, 4) completed
[2025-09-25 12:38:11] < 2025/09/25 12:38:11.000089011  length=4 from=1408906 to=1408909
[2025-09-25 12:38:11]  00 00 00 00                                      ....
[2025-09-25 12:38:11] --
[2025-09-25 12:38:11] 2025/09/25 12:38:11 socat[67544] N write(6, 0x5f8a4e76c000, 4) completed
[2025-09-25 12:38:11] < 2025/09/25 12:38:11.000089032  length=4 from=1408910 to=1408913
[2025-09-25 12:38:11]  00 00 00 00                                      ....
[2025-09-25 12:38:11] --
[2025-09-25 12:38:11] 2025/09/25 12:38:11 socat[67544] N write(6, 0x5f8a4e76c000, 4) completed
[2025-09-25 12:38:11] < 2025/09/25 12:38:11.000089055  length=4 from=1408914 to=1408917
[2025-09-25 12:38:11]  00 df 21 00                                      ..!.
[2025-09-25 12:38:11] --
[2025-09-25 12:38:11] 2025/09/25 12:38:11 socat[67544] N write(6, 0x5f8a4e76c000, 4) completed
[2025-09-25 12:38:11] < 2025/09/25 12:38:11.000089076  length=4 from=1408918 to=1408921
[2025-09-25 12:38:11]  00 00 00 00                                      ....
[2025-09-25 12:38:11] --
[2025-09-25 12:38:11] 2025/09/25 12:38:11 socat[67544] N write(6, 0x5f8a4e76c000, 4) completed
[2025-09-25 12:38:11] < 2025/09/25 12:38:11.000089096  length=4 from=1408922 to=1408925
[2025-09-25 12:38:11]  00 00 00 00                                      ....
[2025-09-25 12:38:11] --
[2025-09-25 12:38:11] 2025/09/25 12:38:11 socat[67544] N write(6, 0x5f8a4e76c000, 4) completed
[2025-09-25 12:38:11] < 2025/09/25 12:38:11.000089116  length=4 from=1408926 to=1408929
[2025-09-25 12:38:11]  00 00 00 00                                      ....
[2025-09-25 12:38:11] --
[2025-09-25 12:38:11] 2025/09/25 12:38:11 socat[67544] N write(6, 0x5f8a4e76c000, 4) completed
[2025-09-25 12:38:11] < 2025/09/25 12:38:11.000089138  length=4 from=1408930 to=1408933
[2025-09-25 12:38:11]  00 00 00 00                                      ....
[2025-09-25 12:38:11] --
[2025-09-25 12:38:11] 2025/09/25 12:38:11 socat[67544] N write(6, 0x5f8a4e76c000, 4) completed
[2025-09-25 12:38:11] < 2025/09/25 12:38:11.000089159  length=4 from=1408934 to=1408937
[2025-09-25 12:38:11]  00 00 00 00                                      ....
[2025-09-25 12:38:11] --
[2025-09-25 12:38:11] 2025/09/25 12:38:11 socat[67544] N write(6, 0x5f8a4e76c000, 4) completed
[2025-09-25 12:38:11] < 2025/09/25 12:38:11.000089184  length=4 from=1408938 to=1408941
[2025-09-25 12:38:11]  00 00 00 00                                      ....
[2025-09-25 12:38:11] --
[2025-09-25 12:38:11] 2025/09/25 12:38:11 socat[67544] N write(6, 0x5f8a4e76c000, 4) completed
[2025-09-25 12:38:11] < 2025/09/25 12:38:11.000089205  length=4 from=1408942 to=1408945
[2025-09-25 12:38:11]  00 00 00 00                                      ....
[2025-09-25 12:38:11] --
[2025-09-25 12:38:11] 2025/09/25 12:38:11 socat[67544] N write(6, 0x5f8a4e76c000, 4) completed
[2025-09-25 12:38:11] < 2025/09/25 12:38:11.000089225  length=4 from=1408946 to=1408949
[2025-09-25 12:38:11]  00 00 00 df                                      ....
[2025-09-25 12:38:11] --
[2025-09-25 12:38:11] 2025/09/25 12:38:11 socat[67544] N write(6, 0x5f8a4e76c000, 4) completed
[2025-09-25 12:38:11] < 2025/09/25 12:38:11.000089245  length=4 from=1408950 to=1408953
[2025-09-25 12:38:11]  21 00 00 00                                      !...
[2025-09-25 12:38:11] --
[2025-09-25 12:38:11] 2025/09/25 12:38:11 socat[67544] N write(6, 0x5f8a4e76c000, 4) completed
[2025-09-25 12:38:11] < 2025/09/25 12:38:11.000089266  length=4 from=1408954 to=1408957
[2025-09-25 12:38:11]  00 00 00 00                                      ....
[2025-09-25 12:38:11] --
[2025-09-25 12:38:11] 2025/09/25 12:38:11 socat[67544] N write(6, 0x5f8a4e76c000, 4) completed
[2025-09-25 12:38:11] < 2025/09/25 12:38:11.000089287  length=4 from=1408958 to=1408961
[2025-09-25 12:38:11]  00 00 00 00                                      ....
[2025-09-25 12:38:11] --
[2025-09-25 12:38:11] 2025/09/25 12:38:11 socat[67544] N write(6, 0x5f8a4e76c000, 4) completed
[2025-09-25 12:38:11] < 2025/09/25 12:38:11.000089307  length=4 from=1408962 to=1408965
[2025-09-25 12:38:11]  00 00 00 00                                      ....
[2025-09-25 12:38:11] --
[2025-09-25 12:38:11] 2025/09/25 12:38:11 socat[67544] N write(6, 0x5f8a4e76c000, 4) completed
[2025-09-25 12:38:11] < 2025/09/25 12:38:11.000089328  length=4 from=1408966 to=1408969
[2025-09-25 12:38:11]  00 00 00 00                                      ....
[2025-09-25 12:38:11] --
[2025-09-25 12:38:11] 2025/09/25 12:38:11 socat[67544] N write(6, 0x5f8a4e76c000, 4) completed
[2025-09-25 12:38:11] < 2025/09/25 12:38:11.000089348  length=4 from=1408970 to=1408973
[2025-09-25 12:38:11]  00 00 00 00                                      ....
[2025-09-25 12:38:11] --
[2025-09-25 12:38:11] 2025/09/25 12:38:11 socat[67544] N write(6, 0x5f8a4e76c000, 4) completed
[2025-09-25 12:38:11] < 2025/09/25 12:38:11.000089368  length=4 from=1408974 to=1408977
[2025-09-25 12:38:11]  00 00 00 00                                      ....
[2025-09-25 12:38:11] --
[2025-09-25 12:38:11] 2025/09/25 12:38:11 socat[67544] N write(6, 0x5f8a4e76c000, 4) completed
[2025-09-25 12:38:11] < 2025/09/25 12:38:11.000089389  length=4 from=1408978 to=1408981
[2025-09-25 12:38:11]  00 00 00 00                                      ....
[2025-09-25 12:38:11] --
[2025-09-25 12:38:11] 2025/09/25 12:38:11 socat[67544] N write(6, 0x5f8a4e76c000, 4) completed
[2025-09-25 12:38:11] < 2025/09/25 12:38:11.000089411  length=4 from=1408982 to=1408985
[2025-09-25 12:38:11]  00 df 21 00                                      ..!.
[2025-09-25 12:38:11] --
[2025-09-25 12:38:11] 2025/09/25 12:38:11 socat[67544] N write(6, 0x5f8a4e76c000, 4) completed
[2025-09-25 12:38:11] < 2025/09/25 12:38:11.000089432  length=4 from=1408986 to=1408989
[2025-09-25 12:38:11]  00 00 00 00                                      ....
[2025-09-25 12:38:11] --
[2025-09-25 12:38:11] 2025/09/25 12:38:11 socat[67544] N write(6, 0x5f8a4e76c000, 4) completed
[2025-09-25 12:38:11] < 2025/09/25 12:38:11.000089452  length=4 from=1408990 to=1408993
[2025-09-25 12:38:11]  00 00 00 00                                      ....
[2025-09-25 12:38:11] --
[2025-09-25 12:38:11] 2025/09/25 12:38:11 socat[67544] N write(6, 0x5f8a4e76c000, 4) completed
[2025-09-25 12:38:11] < 2025/09/25 12:38:11.000089472  length=4 from=1408994 to=1408997
[2025-09-25 12:38:11]  00 00 00 00                                      ....
[2025-09-25 12:38:11] --
[2025-09-25 12:38:11] 2025/09/25 12:38:11 socat[67544] N write(6, 0x5f8a4e76c000, 4) completed
[2025-09-25 12:38:11] < 2025/09/25 12:38:11.000089493  length=4 from=1408998 to=1409001
[2025-09-25 12:38:11]  00 00 00 00                                      ....
[2025-09-25 12:38:11] --
[2025-09-25 12:38:11] 2025/09/25 12:38:11 socat[67544] N write(6, 0x5f8a4e76c000, 4) completed
[2025-09-25 12:38:11] < 2025/09/25 12:38:11.000089513  length=4 from=1409002 to=1409005
[2025-09-25 12:38:11]  00 00 00 00                                      ....
[2025-09-25 12:38:11] --
[2025-09-25 12:38:11] 2025/09/25 12:38:11 socat[67544] N write(6, 0x5f8a4e76c000, 4) completed
[2025-09-25 12:38:11] < 2025/09/25 12:38:11.000089537  length=4 from=1409006 to=1409009
[2025-09-25 12:38:11]  00 00 00 00                                      ....
[2025-09-25 12:38:11] --
[2025-09-25 12:38:11] 2025/09/25 12:38:11 socat[67544] N write(6, 0x5f8a4e76c000, 4) completed
[2025-09-25 12:38:11] < 2025/09/25 12:38:11.000089560  length=4 from=1409010 to=1409013
[2025-09-25 12:38:11]  00 00 00 00                                      ....
[2025-09-25 12:38:11] --
[2025-09-25 12:38:11] 2025/09/25 12:38:11 socat[67544] N write(6, 0x5f8a4e76c000, 4) completed
[2025-09-25 12:38:11] < 2025/09/25 12:38:11.000089583  length=4 from=1409014 to=1409017
[2025-09-25 12:38:11]  00 00 00 df                                      ....
[2025-09-25 12:38:11] --
[2025-09-25 12:38:11] 2025/09/25 12:38:11 socat[67544] N write(6, 0x5f8a4e76c000, 4) completed
[2025-09-25 12:38:11] < 2025/09/25 12:38:11.000089607  length=4 from=1409018 to=1409021
[2025-09-25 12:38:11]  21 00 00 00                                      !...
[2025-09-25 12:38:11] --
[2025-09-25 12:38:11] 2025/09/25 12:38:11 socat[67544] N write(6, 0x5f8a4e76c000, 4) completed
[2025-09-25 12:38:11] < 2025/09/25 12:38:11.000089631  length=4 from=1409022 to=1409025
[2025-09-25 12:38:11]  00 00 00 00                                      ....
[2025-09-25 12:38:11] --
[2025-09-25 12:38:11] 2025/09/25 12:38:11 socat[67544] N write(6, 0x5f8a4e76c000, 4) completed
[2025-09-25 12:38:11] < 2025/09/25 12:38:11.000089655  length=4 from=1409026 to=1409029
[2025-09-25 12:38:11]  00 00 00 00                                      ....
[2025-09-25 12:38:11] --
[2025-09-25 12:38:11] 2025/09/25 12:38:11 socat[67544] N write(6, 0x5f8a4e76c000, 4) completed
[2025-09-25 12:38:11] < 2025/09/25 12:38:11.000089679  length=4 from=1409030 to=1409033
[2025-09-25 12:38:11]  00 00 00 00                                      ....
[2025-09-25 12:38:11] --
[2025-09-25 12:38:11] 2025/09/25 12:38:11 socat[67544] N write(6, 0x5f8a4e76c000, 4) completed
[2025-09-25 12:38:11] < 2025/09/25 12:38:11.000089702  length=4 from=1409034 to=1409037
[2025-09-25 12:38:11]  00 00 00 00                                      ....
[2025-09-25 12:38:11] --
[2025-09-25 12:38:11] 2025/09/25 12:38:11 socat[67544] N write(6, 0x5f8a4e76c000, 4) completed
[2025-09-25 12:38:11] < 2025/09/25 12:38:11.000089726  length=4 from=1409038 to=1409041
[2025-09-25 12:38:11]  00 00 00 00                                      ....
[2025-09-25 12:38:11] --
[2025-09-25 12:38:11] 2025/09/25 12:38:11 socat[67544] N write(6, 0x5f8a4e76c000, 4) completed
[2025-09-25 12:38:11] < 2025/09/25 12:38:11.000161510  length=4 from=1409042 to=1409045
[2025-09-25 12:38:11]  00 00 00 00                                      ....
[2025-09-25 12:38:11] --
[2025-09-25 12:38:11] 2025/09/25 12:38:11 socat[67544] N write(6, 0x5f8a4e76c000, 4) completed
[2025-09-25 12:38:11] < 2025/09/25 12:38:11.000161643  length=4 from=1409046 to=1409049
[2025-09-25 12:38:11]  00 00 00 00                                      ....
[2025-09-25 12:38:11] --
[2025-09-25 12:38:11] 2025/09/25 12:38:11 socat[67544] N write(6, 0x5f8a4e76c000, 4) completed
[2025-09-25 12:38:11] < 2025/09/25 12:38:11.000161666  length=4 from=1409050 to=1409053
[2025-09-25 12:38:11]  00 df 21 00                                      ..!.
[2025-09-25 12:38:11] --
[2025-09-25 12:38:11] 2025/09/25 12:38:11 socat[67544] N write(6, 0x5f8a4e76c000, 4) completed
[2025-09-25 12:38:11] < 2025/09/25 12:38:11.000161687  length=4 from=1409054 to=1409057
[2025-09-25 12:38:11]  00 00 00 00                                      ....
[2025-09-25 12:38:11] --
[2025-09-25 12:38:11] 2025/09/25 12:38:11 socat[67544] N write(6, 0x5f8a4e76c000, 4) completed
[2025-09-25 12:38:11] < 2025/09/25 12:38:11.000161707  length=4 from=1409058 to=1409061
[2025-09-25 12:38:11]  00 00 00 00                                      ....
[2025-09-25 12:38:11] --
[2025-09-25 12:38:11] 2025/09/25 12:38:11 socat[67544] N write(6, 0x5f8a4e76c000, 4) completed
[2025-09-25 12:38:11] < 2025/09/25 12:38:11.000161727  length=4 from=1409062 to=1409065
[2025-09-25 12:38:11]  00 00 00 00                                      ....
[2025-09-25 12:38:11] --
[2025-09-25 12:38:11] 2025/09/25 12:38:11 socat[67544] N write(6, 0x5f8a4e76c000, 4) completed
[2025-09-25 12:38:11] < 2025/09/25 12:38:11.000161748  length=4 from=1409066 to=1409069
[2025-09-25 12:38:11]  00 00 00 00                                      ....
[2025-09-25 12:38:11] --
[2025-09-25 12:38:11] 2025/09/25 12:38:11 socat[67544] N write(6, 0x5f8a4e76c000, 4) completed
[2025-09-25 12:38:11] < 2025/09/25 12:38:11.000161768  length=4 from=1409070 to=1409073
[2025-09-25 12:38:11]  00 00 00 00                                      ....
[2025-09-25 12:38:11] --
[2025-09-25 12:38:11] 2025/09/25 12:38:11 socat[67544] N write(6, 0x5f8a4e76c000, 4) completed
[2025-09-25 12:38:11] < 2025/09/25 12:38:11.000161788  length=4 from=1409074 to=1409077
[2025-09-25 12:38:11]  00 00 00 00                                      ....
[2025-09-25 12:38:11] --
[2025-09-25 12:38:11] 2025/09/25 12:38:11 socat[67544] N write(6, 0x5f8a4e76c000, 4) completed
[2025-09-25 12:38:11] < 2025/09/25 12:38:11.000161809  length=4 from=1409078 to=1409081
[2025-09-25 12:38:11]  00 00 00 00                                      ....
[2025-09-25 12:38:11] --
[2025-09-25 12:38:11] 2025/09/25 12:38:11 socat[67544] N write(6, 0x5f8a4e76c000, 4) completed
[2025-09-25 12:38:11] < 2025/09/25 12:38:11.000161829  length=4 from=1409082 to=1409085
[2025-09-25 12:38:11]  00 00 00 df                                      ....
[2025-09-25 12:38:11] --
[2025-09-25 12:38:11] 2025/09/25 12:38:11 socat[67544] N write(6, 0x5f8a4e76c000, 4) completed
[2025-09-25 12:38:11] < 2025/09/25 12:38:11.000161849  length=4 from=1409086 to=1409089
[2025-09-25 12:38:11]  21 00 00 00                                      !...
[2025-09-25 12:38:11] --
[2025-09-25 12:38:11] 2025/09/25 12:38:11 socat[67544] N write(6, 0x5f8a4e76c000, 4) completed
[2025-09-25 12:38:11] < 2025/09/25 12:38:11.000161870  length=4 from=1409090 to=1409093
[2025-09-25 12:38:11]  00 00 00 00                                      ....
[2025-09-25 12:38:11] --
[2025-09-25 12:38:11] 2025/09/25 12:38:11 socat[67544] N write(6, 0x5f8a4e76c000, 4) completed
[2025-09-25 12:38:11] < 2025/09/25 12:38:11.000161890  length=4 from=1409094 to=1409097
[2025-09-25 12:38:11]  00 00 00 00                                      ....
[2025-09-25 12:38:11] --
[2025-09-25 12:38:11] 2025/09/25 12:38:11 socat[67544] N write(6, 0x5f8a4e76c000, 4) completed
[2025-09-25 12:38:11] < 2025/09/25 12:38:11.000161910  length=4 from=1409098 to=1409101
[2025-09-25 12:38:11]  00 00 00 00                                      ....
[2025-09-25 12:38:11] --
[2025-09-25 12:38:11] 2025/09/25 12:38:11 socat[67544] N write(6, 0x5f8a4e76c000, 4) completed
[2025-09-25 12:38:11] < 2025/09/25 12:38:11.000161931  length=4 from=1409102 to=1409105
[2025-09-25 12:38:11]  00 00 00 00                                      ....
[2025-09-25 12:38:11] --
[2025-09-25 12:38:11] 2025/09/25 12:38:11 socat[67544] N write(6, 0x5f8a4e76c000, 4) completed
[2025-09-25 12:38:11] < 2025/09/25 12:38:11.000161951  length=4 from=1409106 to=1409109
[2025-09-25 12:38:11]  00 00 00 00                                      ....
[2025-09-25 12:38:11] --
[2025-09-25 12:38:11] 2025/09/25 12:38:11 socat[67544] N write(6, 0x5f8a4e76c000, 4) completed
[2025-09-25 12:38:11] < 2025/09/25 12:38:11.000162005  length=4 from=1409110 to=1409113
[2025-09-25 12:38:11]  00 00 00 00                                      ....
[2025-09-25 12:38:11] --
[2025-09-25 12:38:11] 2025/09/25 12:38:11 socat[67544] N write(6, 0x5f8a4e76c000, 4) completed
[2025-09-25 12:38:11] < 2025/09/25 12:38:11.000162026  length=4 from=1409114 to=1409117
[2025-09-25 12:38:11]  00 00 00 00                                      ....
[2025-09-25 12:38:11] --
[2025-09-25 12:38:11] 2025/09/25 12:38:11 socat[67544] N write(6, 0x5f8a4e76c000, 4) completed
[2025-09-25 12:38:11] < 2025/09/25 12:38:11.000162046  length=4 from=1409118 to=1409121
[2025-09-25 12:38:11]  00 df 21 00                                      ..!.
[2025-09-25 12:38:11] --
[2025-09-25 12:38:11] 2025/09/25 12:38:11 socat[67544] N write(6, 0x5f8a4e76c000, 4) completed
[2025-09-25 12:38:11] < 2025/09/25 12:38:11.000162067  length=4 from=1409122 to=1409125
[2025-09-25 12:38:11]  00 00 00 00                                      ....
[2025-09-25 12:38:11] --
[2025-09-25 12:38:11] 2025/09/25 12:38:11 socat[67544] N write(6, 0x5f8a4e76c000, 4) completed
[2025-09-25 12:38:11] < 2025/09/25 12:38:11.000162090  length=4 from=1409126 to=1409129
[2025-09-25 12:38:11]  00 00 00 00                                      ....
[2025-09-25 12:38:11] --
[2025-09-25 12:38:11] 2025/09/25 12:38:11 socat[67544] N write(6, 0x5f8a4e76c000, 4) completed
[2025-09-25 12:38:11] < 2025/09/25 12:38:11.000162110  length=4 from=1409130 to=1409133
[2025-09-25 12:38:11]  00 00 00 00                                      ....
[2025-09-25 12:38:11] --
[2025-09-25 12:38:11] 2025/09/25 12:38:11 socat[67544] N write(6, 0x5f8a4e76c000, 4) completed
[2025-09-25 12:38:11] < 2025/09/25 12:38:11.000162140  length=4 from=1409134 to=1409137
[2025-09-25 12:38:11]  00 00 00 00                                      ....
[2025-09-25 12:38:11] --
[2025-09-25 12:38:11] 2025/09/25 12:38:11 socat[67544] N write(6, 0x5f8a4e76c000, 4) completed
[2025-09-25 12:38:11] < 2025/09/25 12:38:11.000162163  length=4 from=1409138 to=1409141
[2025-09-25 12:38:11]  00 00 00 00                                      ....
[2025-09-25 12:38:11] --
[2025-09-25 12:38:11] 2025/09/25 12:38:11 socat[67544] N write(6, 0x5f8a4e76c000, 4) completed
[2025-09-25 12:38:11] < 2025/09/25 12:38:11.000162978  length=4 from=1409142 to=1409145
[2025-09-25 12:38:11]  00 00 00 00                                      ....
[2025-09-25 12:38:11] --
[2025-09-25 12:38:11] 2025/09/25 12:38:11 socat[67544] N write(6, 0x5f8a4e76c000, 4) completed
[2025-09-25 12:38:11] < 2025/09/25 12:38:11.000163007  length=4 from=1409146 to=1409149
[2025-09-25 12:38:11]  00 00 00 00                                      ....
[2025-09-25 12:38:11] --
[2025-09-25 12:38:11] 2025/09/25 12:38:11 socat[67544] N write(6, 0x5f8a4e76c000, 4) completed
[2025-09-25 12:38:11] < 2025/09/25 12:38:11.000163031  length=4 from=1409150 to=1409153
[2025-09-25 12:38:11]  00 00 00 df                                      ....
[2025-09-25 12:38:11] --
[2025-09-25 12:38:11] 2025/09/25 12:38:11 socat[67544] N write(6, 0x5f8a4e76c000, 4) completed
[2025-09-25 12:38:11] < 2025/09/25 12:38:11.000163054  length=4 from=1409154 to=1409157
[2025-09-25 12:38:11]  21 00 00 00                                      !...
[2025-09-25 12:38:11] --
[2025-09-25 12:38:11] 2025/09/25 12:38:11 socat[67544] N write(6, 0x5f8a4e76c000, 4) completed
[2025-09-25 12:38:11] < 2025/09/25 12:38:11.000163078  length=4 from=1409158 to=1409161
[2025-09-25 12:38:11]  00 00 00 00                                      ....
[2025-09-25 12:38:11] --
[2025-09-25 12:38:11] 2025/09/25 12:38:11 socat[67544] N write(6, 0x5f8a4e76c000, 4) completed
[2025-09-25 12:38:11] < 2025/09/25 12:38:11.000163101  length=4 from=1409162 to=1409165
[2025-09-25 12:38:11]  00 00 00 00                                      ....
[2025-09-25 12:38:11] --
[2025-09-25 12:38:11] 2025/09/25 12:38:11 socat[67544] N write(6, 0x5f8a4e76c000, 4) completed
[2025-09-25 12:38:11] < 2025/09/25 12:38:11.000163126  length=4 from=1409166 to=1409169
[2025-09-25 12:38:11]  00 00 00 00                                      ....
[2025-09-25 12:38:11] --
[2025-09-25 12:38:11] 2025/09/25 12:38:11 socat[67544] N write(6, 0x5f8a4e76c000, 4) completed
[2025-09-25 12:38:11] < 2025/09/25 12:38:11.000163149  length=4 from=1409170 to=1409173
[2025-09-25 12:38:11]  00 00 00 00                                      ....
[2025-09-25 12:38:11] --
[2025-09-25 12:38:11] 2025/09/25 12:38:11 socat[67544] N write(6, 0x5f8a4e76c000, 4) completed
[2025-09-25 12:38:11] < 2025/09/25 12:38:11.000163172  length=4 from=1409174 to=1409177
[2025-09-25 12:38:11]  00 00 00 00                                      ....
[2025-09-25 12:38:11] --
[2025-09-25 12:38:11] 2025/09/25 12:38:11 socat[67544] N write(6, 0x5f8a4e76c000, 4) completed
[2025-09-25 12:38:11] < 2025/09/25 12:38:11.000163195  length=4 from=1409178 to=1409181
[2025-09-25 12:38:11]  00 00 00 00                                      ....
[2025-09-25 12:38:11] --
[2025-09-25 12:38:11] 2025/09/25 12:38:11 socat[67544] N write(6, 0x5f8a4e76c000, 4) completed
[2025-09-25 12:38:11] < 2025/09/25 12:38:11.000163218  length=4 from=1409182 to=1409185
[2025-09-25 12:38:11]  00 00 00 00                                      ....
[2025-09-25 12:38:11] --
[2025-09-25 12:38:11] 2025/09/25 12:38:11 socat[67544] N write(6, 0x5f8a4e76c000, 4) completed
[2025-09-25 12:38:11] < 2025/09/25 12:38:11.000163249  length=4 from=1409186 to=1409189
[2025-09-25 12:38:11]  00 df 21 00                                      ..!.
[2025-09-25 12:38:11] --
[2025-09-25 12:38:11] 2025/09/25 12:38:11 socat[67544] N write(6, 0x5f8a4e76c000, 4) completed
[2025-09-25 12:38:11] < 2025/09/25 12:38:11.000163270  length=4 from=1409190 to=1409193
[2025-09-25 12:38:11]  00 00 00 00                                      ....
[2025-09-25 12:38:11] --
[2025-09-25 12:38:11] 2025/09/25 12:38:11 socat[67544] N write(6, 0x5f8a4e76c000, 4) completed
[2025-09-25 12:38:11] < 2025/09/25 12:38:11.000163291  length=4 from=1409194 to=1409197
[2025-09-25 12:38:11]  00 00 00 00                                      ....
[2025-09-25 12:38:11] --
[2025-09-25 12:38:11] 2025/09/25 12:38:11 socat[67544] N write(6, 0x5f8a4e76c000, 4) completed
[2025-09-25 12:38:11] < 2025/09/25 12:38:11.000163312  length=4 from=1409198 to=1409201
[2025-09-25 12:38:11]  00 00 00 00                                      ....
[2025-09-25 12:38:11] --
[2025-09-25 12:38:11] 2025/09/25 12:38:11 socat[67544] N write(6, 0x5f8a4e76c000, 4) completed
[2025-09-25 12:38:11] < 2025/09/25 12:38:11.000163333  length=4 from=1409202 to=1409205
[2025-09-25 12:38:11]  00 00 00 00                                      ....
[2025-09-25 12:38:11] --
[2025-09-25 12:38:11] 2025/09/25 12:38:11 socat[67544] N write(6, 0x5f8a4e76c000, 4) completed
[2025-09-25 12:38:11] < 2025/09/25 12:38:11.000163354  length=4 from=1409206 to=1409209
[2025-09-25 12:38:11]  00 00 00 00                                      ....
[2025-09-25 12:38:11] --
[2025-09-25 12:38:11] 2025/09/25 12:38:11 socat[67544] N write(6, 0x5f8a4e76c000, 4) completed
[2025-09-25 12:38:11] < 2025/09/25 12:38:11.000163380  length=4 from=1409210 to=1409213
[2025-09-25 12:38:11]  00 00 00 00                                      ....
[2025-09-25 12:38:11] --
[2025-09-25 12:38:11] 2025/09/25 12:38:11 socat[67544] N write(6, 0x5f8a4e76c000, 4) completed
[2025-09-25 12:38:11] < 2025/09/25 12:38:11.000163403  length=4 from=1409214 to=1409217
[2025-09-25 12:38:11]  00 00 00 00                                      ....
[2025-09-25 12:38:11] --
[2025-09-25 12:38:11] 2025/09/25 12:38:11 socat[67544] N write(6, 0x5f8a4e76c000, 4) completed
[2025-09-25 12:38:11] < 2025/09/25 12:38:11.000163428  length=4 from=1409218 to=1409221
[2025-09-25 12:38:11]  00 00 00 df                                      ....
[2025-09-25 12:38:11] --
[2025-09-25 12:38:11] 2025/09/25 12:38:11 socat[67544] N write(6, 0x5f8a4e76c000, 4) completed
[2025-09-25 12:38:11] < 2025/09/25 12:38:11.000163451  length=4 from=1409222 to=1409225
[2025-09-25 12:38:11]  21 00 00 00                                      !...
[2025-09-25 12:38:11] --
[2025-09-25 12:38:11] 2025/09/25 12:38:11 socat[67544] N write(6, 0x5f8a4e76c000, 4) completed
[2025-09-25 12:38:11] < 2025/09/25 12:38:11.000163474  length=4 from=1409226 to=1409229
[2025-09-25 12:38:11]  00 00 00 00                                      ....
[2025-09-25 12:38:11] --
[2025-09-25 12:38:11] 2025/09/25 12:38:11 socat[67544] N write(6, 0x5f8a4e76c000, 4) completed
[2025-09-25 12:38:11] < 2025/09/25 12:38:11.000163513  length=4 from=1409230 to=1409233
[2025-09-25 12:38:11]  00 00 00 00                                      ....
[2025-09-25 12:38:11] --
[2025-09-25 12:38:11] 2025/09/25 12:38:11 socat[67544] N write(6, 0x5f8a4e76c000, 4) completed
[2025-09-25 12:38:11] < 2025/09/25 12:38:11.000163535  length=4 from=1409234 to=1409237
[2025-09-25 12:38:11]  00 00 00 00                                      ....
[2025-09-25 12:38:11] --
[2025-09-25 12:38:11] 2025/09/25 12:38:11 socat[67544] N write(6, 0x5f8a4e76c000, 4) completed
[2025-09-25 12:38:11] < 2025/09/25 12:38:11.000163556  length=4 from=1409238 to=1409241
[2025-09-25 12:38:11]  00 00 00 00                                      ....
[2025-09-25 12:38:11] --
[2025-09-25 12:38:11] 2025/09/25 12:38:11 socat[67544] N write(6, 0x5f8a4e76c000, 4) completed
[2025-09-25 12:38:11] < 2025/09/25 12:38:11.000163578  length=4 from=1409242 to=1409245
[2025-09-25 12:38:11]  00 00 00 00                                      ....
[2025-09-25 12:38:11] --
[2025-09-25 12:38:11] 2025/09/25 12:38:11 socat[67544] N write(6, 0x5f8a4e76c000, 4) completed
[2025-09-25 12:38:11] < 2025/09/25 12:38:11.000163599  length=4 from=1409246 to=1409249
[2025-09-25 12:38:11]  00 00 00 00                                      ....
[2025-09-25 12:38:11] --
[2025-09-25 12:38:11] 2025/09/25 12:38:11 socat[67544] N write(6, 0x5f8a4e76c000, 4) completed
[2025-09-25 12:38:11] < 2025/09/25 12:38:11.000163620  length=4 from=1409250 to=1409253
[2025-09-25 12:38:11]  00 00 00 00                                      ....
[2025-09-25 12:38:11] --
[2025-09-25 12:38:11] 2025/09/25 12:38:11 socat[67544] N write(6, 0x5f8a4e76c000, 4) completed
[2025-09-25 12:38:11] < 2025/09/25 12:38:11.000163645  length=4 from=1409254 to=1409257
[2025-09-25 12:38:11]  00 df 21 00                                      ..!.
[2025-09-25 12:38:11] --
[2025-09-25 12:38:11] 2025/09/25 12:38:11 socat[67544] N write(6, 0x5f8a4e76c000, 4) completed
[2025-09-25 12:38:11] < 2025/09/25 12:38:11.000163668  length=4 from=1409258 to=1409261
[2025-09-25 12:38:11]  00 00 00 00                                      ....
[2025-09-25 12:38:11] --
[2025-09-25 12:38:11] 2025/09/25 12:38:11 socat[67544] N write(6, 0x5f8a4e76c000, 4) completed
[2025-09-25 12:38:11] < 2025/09/25 12:38:11.000163692  length=4 from=1409262 to=1409265
[2025-09-25 12:38:11]  00 00 00 00                                      ....
[2025-09-25 12:38:11] --
[2025-09-25 12:38:11] 2025/09/25 12:38:11 socat[67544] N write(6, 0x5f8a4e76c000, 4) completed
[2025-09-25 12:38:11] < 2025/09/25 12:38:11.000163722  length=4 from=1409266 to=1409269
[2025-09-25 12:38:11]  00 00 00 00                                      ....
[2025-09-25 12:38:11] --
[2025-09-25 12:38:11] 2025/09/25 12:38:11 socat[67544] N write(6, 0x5f8a4e76c000, 4) completed
[2025-09-25 12:38:11] < 2025/09/25 12:38:11.000163744  length=4 from=1409270 to=1409273
[2025-09-25 12:38:11]  00 00 00 00                                      ....
[2025-09-25 12:38:11] --
[2025-09-25 12:38:11] 2025/09/25 12:38:11 socat[67544] N write(6, 0x5f8a4e76c000, 4) completed
[2025-09-25 12:38:11] < 2025/09/25 12:38:11.000163765  length=4 from=1409274 to=1409277
[2025-09-25 12:38:11]  00 00 00 00                                      ....
[2025-09-25 12:38:11] --
[2025-09-25 12:38:11] 2025/09/25 12:38:11 socat[67544] N write(6, 0x5f8a4e76c000, 4) completed
[2025-09-25 12:38:11] < 2025/09/25 12:38:11.000163787  length=4 from=1409278 to=1409281
[2025-09-25 12:38:11]  00 00 00 00                                      ....
[2025-09-25 12:38:11] --
[2025-09-25 12:38:11] 2025/09/25 12:38:11 socat[67544] N write(6, 0x5f8a4e76c000, 4) completed
[2025-09-25 12:38:11] < 2025/09/25 12:38:11.000163808  length=4 from=1409282 to=1409285
[2025-09-25 12:38:11]  00 00 00 00                                      ....
[2025-09-25 12:38:11] --
[2025-09-25 12:38:11] 2025/09/25 12:38:11 socat[67544] N write(6, 0x5f8a4e76c000, 4) completed
[2025-09-25 12:38:11] < 2025/09/25 12:38:11.000163829  length=4 from=1409286 to=1409289
[2025-09-25 12:38:11]  00 00 00 df                                      ....
[2025-09-25 12:38:11] --
[2025-09-25 12:38:11] 2025/09/25 12:38:11 socat[67544] N write(6, 0x5f8a4e76c000, 4) completed
[2025-09-25 12:38:11] < 2025/09/25 12:38:11.000163854  length=4 from=1409290 to=1409293
[2025-09-25 12:38:11]  21 00 00 00                                      !...
[2025-09-25 12:38:11] --
[2025-09-25 12:38:11] 2025/09/25 12:38:11 socat[67544] N write(6, 0x5f8a4e76c000, 4) completed
[2025-09-25 12:38:11] < 2025/09/25 12:38:11.000163877  length=4 from=1409294 to=1409297
[2025-09-25 12:38:11]  00 00 00 00                                      ....
[2025-09-25 12:38:11] --
[2025-09-25 12:38:11] 2025/09/25 12:38:11 socat[67544] N write(6, 0x5f8a4e76c000, 4) completed
[2025-09-25 12:38:11] < 2025/09/25 12:38:11.000235985  length=4 from=1409298 to=1409301
[2025-09-25 12:38:11]  00 00 00 00                                      ....
[2025-09-25 12:38:11] --
[2025-09-25 12:38:11] 2025/09/25 12:38:11 socat[67544] N write(6, 0x5f8a4e76c000, 4) completed
[2025-09-25 12:38:11] < 2025/09/25 12:38:11.000236085  length=4 from=1409302 to=1409305
[2025-09-25 12:38:11]  00 00 00 00                                      ....
[2025-09-25 12:38:11] --
[2025-09-25 12:38:11] 2025/09/25 12:38:11 socat[67544] N write(6, 0x5f8a4e76c000, 4) completed
[2025-09-25 12:38:11] < 2025/09/25 12:38:11.000236120  length=4 from=1409306 to=1409309
[2025-09-25 12:38:11]  00 00 00 00                                      ....
[2025-09-25 12:38:11] --
[2025-09-25 12:38:11] 2025/09/25 12:38:11 socat[67544] N write(6, 0x5f8a4e76c000, 4) completed
[2025-09-25 12:38:11] < 2025/09/25 12:38:11.000236141  length=4 from=1409310 to=1409313
[2025-09-25 12:38:11]  00 00 00 00                                      ....
[2025-09-25 12:38:11] --
[2025-09-25 12:38:11] 2025/09/25 12:38:11 socat[67544] N write(6, 0x5f8a4e76c000, 4) completed
[2025-09-25 12:38:11] < 2025/09/25 12:38:11.000236166  length=4 from=1409314 to=1409317
[2025-09-25 12:38:11]  00 00 00 00                                      ....
[2025-09-25 12:38:11] --
[2025-09-25 12:38:11] 2025/09/25 12:38:11 socat[67544] N write(6, 0x5f8a4e76c000, 4) completed
[2025-09-25 12:38:11] < 2025/09/25 12:38:11.000236190  length=4 from=1409318 to=1409321
[2025-09-25 12:38:11]  00 00 00 00                                      ....
[2025-09-25 12:38:11] --
[2025-09-25 12:38:11] 2025/09/25 12:38:11 socat[67544] N write(6, 0x5f8a4e76c000, 4) completed
[2025-09-25 12:38:11] < 2025/09/25 12:38:11.000236210  length=4 from=1409322 to=1409325
[2025-09-25 12:38:11]  00 df 21 00                                      ..!.
[2025-09-25 12:38:11] --
[2025-09-25 12:38:11] 2025/09/25 12:38:11 socat[67544] N write(6, 0x5f8a4e76c000, 4) completed
[2025-09-25 12:38:11] < 2025/09/25 12:38:11.000236230  length=4 from=1409326 to=1409329
[2025-09-25 12:38:11]  00 00 00 00                                      ....
[2025-09-25 12:38:11] --
[2025-09-25 12:38:11] 2025/09/25 12:38:11 socat[67544] N write(6, 0x5f8a4e76c000, 4) completed
[2025-09-25 12:38:11] < 2025/09/25 12:38:11.000236259  length=4 from=1409330 to=1409333
[2025-09-25 12:38:11]  00 00 00 00                                      ....
[2025-09-25 12:38:11] --
[2025-09-25 12:38:11] 2025/09/25 12:38:11 socat[67544] N write(6, 0x5f8a4e76c000, 4) completed
[2025-09-25 12:38:11] < 2025/09/25 12:38:11.000236281  length=4 from=1409334 to=1409337
[2025-09-25 12:38:11]  00 00 00 00                                      ....
[2025-09-25 12:38:11] --
[2025-09-25 12:38:11] 2025/09/25 12:38:11 socat[67544] N write(6, 0x5f8a4e76c000, 4) completed
[2025-09-25 12:38:11] < 2025/09/25 12:38:11.000236303  length=4 from=1409338 to=1409341
[2025-09-25 12:38:11]  00 00 00 00                                      ....
[2025-09-25 12:38:11] --
[2025-09-25 12:38:11] 2025/09/25 12:38:11 socat[67544] N write(6, 0x5f8a4e76c000, 4) completed
[2025-09-25 12:38:11] < 2025/09/25 12:38:11.000236327  length=4 from=1409342 to=1409345
[2025-09-25 12:38:11]  00 00 00 00                                      ....
[2025-09-25 12:38:11] --
[2025-09-25 12:38:11] 2025/09/25 12:38:11 socat[67544] N write(6, 0x5f8a4e76c000, 4) completed
[2025-09-25 12:38:11] < 2025/09/25 12:38:11.000236350  length=4 from=1409346 to=1409349
[2025-09-25 12:38:11]  00 00 00 00                                      ....
[2025-09-25 12:38:11] --
[2025-09-25 12:38:11] 2025/09/25 12:38:11 socat[67544] N write(6, 0x5f8a4e76c000, 4) completed
[2025-09-25 12:38:11] < 2025/09/25 12:38:11.000236372  length=4 from=1409350 to=1409353
[2025-09-25 12:38:11]  00 00 00 00                                      ....
[2025-09-25 12:38:11] --
[2025-09-25 12:38:11] 2025/09/25 12:38:11 socat[67544] N write(6, 0x5f8a4e76c000, 4) completed
[2025-09-25 12:38:11] < 2025/09/25 12:38:11.000236396  length=4 from=1409354 to=1409357
[2025-09-25 12:38:11]  00 00 00 df                                      ....
[2025-09-25 12:38:11] --
[2025-09-25 12:38:11] 2025/09/25 12:38:11 socat[67544] N write(6, 0x5f8a4e76c000, 4) completed
[2025-09-25 12:38:11] < 2025/09/25 12:38:11.000236416  length=4 from=1409358 to=1409361
[2025-09-25 12:38:11]  21 00 00 00                                      !...
[2025-09-25 12:38:11] --
[2025-09-25 12:38:11] 2025/09/25 12:38:11 socat[67544] N write(6, 0x5f8a4e76c000, 4) completed
[2025-09-25 12:38:11] < 2025/09/25 12:38:11.000236437  length=4 from=1409362 to=1409365
[2025-09-25 12:38:11]  00 00 00 00                                      ....
[2025-09-25 12:38:11] --
[2025-09-25 12:38:11] 2025/09/25 12:38:11 socat[67544] N write(6, 0x5f8a4e76c000, 4) completed
[2025-09-25 12:38:11] < 2025/09/25 12:38:11.000236457  length=4 from=1409366 to=1409369
[2025-09-25 12:38:11]  00 00 00 00                                      ....
[2025-09-25 12:38:11] --
[2025-09-25 12:38:11] 2025/09/25 12:38:11 socat[67544] N write(6, 0x5f8a4e76c000, 4) completed
[2025-09-25 12:38:11] < 2025/09/25 12:38:11.000236477  length=4 from=1409370 to=1409373
[2025-09-25 12:38:11]  00 00 00 00                                      ....
[2025-09-25 12:38:11] --
[2025-09-25 12:38:11] 2025/09/25 12:38:11 socat[67544] N write(6, 0x5f8a4e76c000, 4) completed
[2025-09-25 12:38:11] < 2025/09/25 12:38:11.000236497  length=4 from=1409374 to=1409377
[2025-09-25 12:38:11]  00 00 00 00                                      ....
[2025-09-25 12:38:11] --
[2025-09-25 12:38:11] 2025/09/25 12:38:11 socat[67544] N write(6, 0x5f8a4e76c000, 4) completed
[2025-09-25 12:38:11] < 2025/09/25 12:38:11.000236517  length=4 from=1409378 to=1409381
[2025-09-25 12:38:11]  00 00 00 00                                      ....
[2025-09-25 12:38:11] --
[2025-09-25 12:38:11] 2025/09/25 12:38:11 socat[67544] N write(6, 0x5f8a4e76c000, 4) completed
[2025-09-25 12:38:11] < 2025/09/25 12:38:11.000236540  length=4 from=1409382 to=1409385
[2025-09-25 12:38:11]  00 00 00 00                                      ....
[2025-09-25 12:38:11] --
[2025-09-25 12:38:11] 2025/09/25 12:38:11 socat[67544] N write(6, 0x5f8a4e76c000, 4) completed
[2025-09-25 12:38:11] < 2025/09/25 12:38:11.000236560  length=4 from=1409386 to=1409389
[2025-09-25 12:38:11]  00 00 00 00                                      ....
[2025-09-25 12:38:11] --
[2025-09-25 12:38:11] 2025/09/25 12:38:11 socat[67544] N write(6, 0x5f8a4e76c000, 4) completed
[2025-09-25 12:38:11] < 2025/09/25 12:38:11.000236580  length=4 from=1409390 to=1409393
[2025-09-25 12:38:11]  00 df 21 00                                      ..!.
[2025-09-25 12:38:11] --
[2025-09-25 12:38:11] 2025/09/25 12:38:11 socat[67544] N write(6, 0x5f8a4e76c000, 4) completed
[2025-09-25 12:38:11] < 2025/09/25 12:38:11.000236600  length=4 from=1409394 to=1409397
[2025-09-25 12:38:11]  00 00 00 00                                      ....
[2025-09-25 12:38:11] --
[2025-09-25 12:38:11] 2025/09/25 12:38:11 socat[67544] N write(6, 0x5f8a4e76c000, 4) completed
[2025-09-25 12:38:11] < 2025/09/25 12:38:11.000236620  length=4 from=1409398 to=1409401
[2025-09-25 12:38:11]  00 00 00 00                                      ....
[2025-09-25 12:38:11] --
[2025-09-25 12:38:11] 2025/09/25 12:38:11 socat[67544] N write(6, 0x5f8a4e76c000, 4) completed
[2025-09-25 12:38:11] < 2025/09/25 12:38:11.000236641  length=4 from=1409402 to=1409405
[2025-09-25 12:38:11]  00 00 00 00                                      ....
[2025-09-25 12:38:11] --
[2025-09-25 12:38:11] 2025/09/25 12:38:11 socat[67544] N write(6, 0x5f8a4e76c000, 4) completed
[2025-09-25 12:38:11] < 2025/09/25 12:38:11.000236661  length=4 from=1409406 to=1409409
[2025-09-25 12:38:11]  00 00 00 00                                      ....
[2025-09-25 12:38:11] --
[2025-09-25 12:38:11] 2025/09/25 12:38:11 socat[67544] N write(6, 0x5f8a4e76c000, 4) completed
[2025-09-25 12:38:11] < 2025/09/25 12:38:11.000236681  length=4 from=1409410 to=1409413
[2025-09-25 12:38:11]  00 00 00 00                                      ....
[2025-09-25 12:38:11] --
[2025-09-25 12:38:11] 2025/09/25 12:38:11 socat[67544] N write(6, 0x5f8a4e76c000, 4) completed
[2025-09-25 12:38:11] < 2025/09/25 12:38:11.000236701  length=4 from=1409414 to=1409417
[2025-09-25 12:38:11]  00 00 00 00                                      ....
[2025-09-25 12:38:11] --
[2025-09-25 12:38:11] 2025/09/25 12:38:11 socat[67544] N write(6, 0x5f8a4e76c000, 4) completed
[2025-09-25 12:38:11] < 2025/09/25 12:38:11.000236721  length=4 from=1409418 to=1409421
[2025-09-25 12:38:11]  00 00 00 00                                      ....
[2025-09-25 12:38:11] --
[2025-09-25 12:38:11] 2025/09/25 12:38:11 socat[67544] N write(6, 0x5f8a4e76c000, 4) completed
[2025-09-25 12:38:11] < 2025/09/25 12:38:11.000236741  length=4 from=1409422 to=1409425
[2025-09-25 12:38:11]  00 00 00 df                                      ....
[2025-09-25 12:38:11] --
[2025-09-25 12:38:11] 2025/09/25 12:38:11 socat[67544] N write(6, 0x5f8a4e76c000, 4) completed
[2025-09-25 12:38:11] < 2025/09/25 12:38:11.000236761  length=4 from=1409426 to=1409429
[2025-09-25 12:38:11]  21 00 00 00                                      !...
[2025-09-25 12:38:11] --
[2025-09-25 12:38:11] 2025/09/25 12:38:11 socat[67544] N write(6, 0x5f8a4e76c000, 4) completed
[2025-09-25 12:38:11] < 2025/09/25 12:38:11.000236781  length=4 from=1409430 to=1409433
[2025-09-25 12:38:11]  00 00 00 00                                      ....
[2025-09-25 12:38:11] --
[2025-09-25 12:38:11] 2025/09/25 12:38:11 socat[67544] N write(6, 0x5f8a4e76c000, 4) completed
[2025-09-25 12:38:11] < 2025/09/25 12:38:11.000236801  length=4 from=1409434 to=1409437
[2025-09-25 12:38:11]  00 00 00 00                                      ....
[2025-09-25 12:38:11] --
[2025-09-25 12:38:11] 2025/09/25 12:38:11 socat[67544] N write(6, 0x5f8a4e76c000, 4) completed
[2025-09-25 12:38:11] < 2025/09/25 12:38:11.000236821  length=4 from=1409438 to=1409441
[2025-09-25 12:38:11]  00 00 00 00                                      ....
[2025-09-25 12:38:11] --
[2025-09-25 12:38:11] 2025/09/25 12:38:11 socat[67544] N write(6, 0x5f8a4e76c000, 4) completed
[2025-09-25 12:38:11] < 2025/09/25 12:38:11.000236841  length=4 from=1409442 to=1409445
[2025-09-25 12:38:11]  00 00 00 00                                      ....
[2025-09-25 12:38:11] --
[2025-09-25 12:38:11] 2025/09/25 12:38:11 socat[67544] N write(6, 0x5f8a4e76c000, 4) completed
[2025-09-25 12:38:11] < 2025/09/25 12:38:11.000236861  length=4 from=1409446 to=1409449
[2025-09-25 12:38:11]  00 00 00 00                                      ....
[2025-09-25 12:38:11] --
[2025-09-25 12:38:11] 2025/09/25 12:38:11 socat[67544] N write(6, 0x5f8a4e76c000, 4) completed
[2025-09-25 12:38:11] < 2025/09/25 12:38:11.000236881  length=4 from=1409450 to=1409453
[2025-09-25 12:38:11]  00 00 00 00                                      ....
[2025-09-25 12:38:11] --
[2025-09-25 12:38:11] 2025/09/25 12:38:11 socat[67544] N write(6, 0x5f8a4e76c000, 4) completed
[2025-09-25 12:38:11] < 2025/09/25 12:38:11.000236902  length=4 from=1409454 to=1409457
[2025-09-25 12:38:11]  00 00 00 00                                      ....
[2025-09-25 12:38:11] --
[2025-09-25 12:38:11] 2025/09/25 12:38:11 socat[67544] N write(6, 0x5f8a4e76c000, 4) completed
[2025-09-25 12:38:11] < 2025/09/25 12:38:11.000236922  length=4 from=1409458 to=1409461
[2025-09-25 12:38:11]  00 df 21 00                                      ..!.
[2025-09-25 12:38:11] --
[2025-09-25 12:38:11] 2025/09/25 12:38:11 socat[67544] N write(6, 0x5f8a4e76c000, 4) completed
[2025-09-25 12:38:11] < 2025/09/25 12:38:11.000236942  length=4 from=1409462 to=1409465
[2025-09-25 12:38:11]  00 00 00 00                                      ....
[2025-09-25 12:38:11] --
[2025-09-25 12:38:11] 2025/09/25 12:38:11 socat[67544] N write(6, 0x5f8a4e76c000, 4) completed
[2025-09-25 12:38:11] < 2025/09/25 12:38:11.000236968  length=4 from=1409466 to=1409469
[2025-09-25 12:38:11]  00 00 00 00                                      ....
[2025-09-25 12:38:11] --
[2025-09-25 12:38:11] 2025/09/25 12:38:11 socat[67544] N write(6, 0x5f8a4e76c000, 4) completed
[2025-09-25 12:38:11] < 2025/09/25 12:38:11.000236988  length=4 from=1409470 to=1409473
[2025-09-25 12:38:11]  00 00 00 00                                      ....
[2025-09-25 12:38:11] --
[2025-09-25 12:38:11] 2025/09/25 12:38:11 socat[67544] N write(6, 0x5f8a4e76c000, 4) completed
[2025-09-25 12:38:11] < 2025/09/25 12:38:11.000237009  length=4 from=1409474 to=1409477
[2025-09-25 12:38:11]  00 00 00 00                                      ....
[2025-09-25 12:38:11] --
[2025-09-25 12:38:11] 2025/09/25 12:38:11 socat[67544] N write(6, 0x5f8a4e76c000, 4) completed
[2025-09-25 12:38:11] < 2025/09/25 12:38:11.000237029  length=4 from=1409478 to=1409481
[2025-09-25 12:38:11]  00 00 00 00                                      ....
[2025-09-25 12:38:11] --
[2025-09-25 12:38:11] 2025/09/25 12:38:11 socat[67544] N write(6, 0x5f8a4e76c000, 4) completed
[2025-09-25 12:38:11] < 2025/09/25 12:38:11.000237049  length=4 from=1409482 to=1409485
[2025-09-25 12:38:11]  00 00 00 00                                      ....
[2025-09-25 12:38:11] --
[2025-09-25 12:38:11] 2025/09/25 12:38:11 socat[67544] N write(6, 0x5f8a4e76c000, 4) completed
[2025-09-25 12:38:11] < 2025/09/25 12:38:11.000237069  length=4 from=1409486 to=1409489
[2025-09-25 12:38:11]  00 00 00 00                                      ....
[2025-09-25 12:38:11] --
[2025-09-25 12:38:11] 2025/09/25 12:38:11 socat[67544] N write(6, 0x5f8a4e76c000, 4) completed
[2025-09-25 12:38:11] < 2025/09/25 12:38:11.000237089  length=4 from=1409490 to=1409493
[2025-09-25 12:38:11]  00 00 00 df                                      ....
[2025-09-25 12:38:11] --
[2025-09-25 12:38:11] 2025/09/25 12:38:11 socat[67544] N write(6, 0x5f8a4e76c000, 4) completed
[2025-09-25 12:38:11] < 2025/09/25 12:38:11.000237109  length=4 from=1409494 to=1409497
[2025-09-25 12:38:11]  21 00 00 00                                      !...
[2025-09-25 12:38:11] --
[2025-09-25 12:38:11] 2025/09/25 12:38:11 socat[67544] N write(6, 0x5f8a4e76c000, 4) completed
[2025-09-25 12:38:11] < 2025/09/25 12:38:11.000237129  length=4 from=1409498 to=1409501
[2025-09-25 12:38:11]  00 00 00 00                                      ....
[2025-09-25 12:38:11] --
[2025-09-25 12:38:11] 2025/09/25 12:38:11 socat[67544] N write(6, 0x5f8a4e76c000, 4) completed
[2025-09-25 12:38:11] < 2025/09/25 12:38:11.000237149  length=4 from=1409502 to=1409505
[2025-09-25 12:38:11]  00 00 00 00                                      ....
[2025-09-25 12:38:11] --
[2025-09-25 12:38:11] 2025/09/25 12:38:11 socat[67544] N write(6, 0x5f8a4e76c000, 4) completed
[2025-09-25 12:38:11] < 2025/09/25 12:38:11.000237169  length=4 from=1409506 to=1409509
[2025-09-25 12:38:11]  00 00 00 00                                      ....
[2025-09-25 12:38:11] --
[2025-09-25 12:38:11] 2025/09/25 12:38:11 socat[67544] N write(6, 0x5f8a4e76c000, 4) completed
[2025-09-25 12:38:11] < 2025/09/25 12:38:11.000237189  length=4 from=1409510 to=1409513
[2025-09-25 12:38:11]  00 00 00 00                                      ....
[2025-09-25 12:38:11] --
[2025-09-25 12:38:11] 2025/09/25 12:38:11 socat[67544] N write(6, 0x5f8a4e76c000, 4) completed
[2025-09-25 12:38:11] < 2025/09/25 12:38:11.000237209  length=4 from=1409514 to=1409517
[2025-09-25 12:38:11]  00 00 00 00                                      ....
[2025-09-25 12:38:11] --
[2025-09-25 12:38:11] 2025/09/25 12:38:11 socat[67544] N write(6, 0x5f8a4e76c000, 4) completed
[2025-09-25 12:38:11] < 2025/09/25 12:38:11.000237229  length=4 from=1409518 to=1409521
[2025-09-25 12:38:11]  00 00 00 00                                      ....
[2025-09-25 12:38:11] --
[2025-09-25 12:38:11] 2025/09/25 12:38:11 socat[67544] N write(6, 0x5f8a4e76c000, 4) completed
[2025-09-25 12:38:11] < 2025/09/25 12:38:11.000237250  length=4 from=1409522 to=1409525
[2025-09-25 12:38:11]  00 00 00 00                                      ....
[2025-09-25 12:38:11] --
[2025-09-25 12:38:11] 2025/09/25 12:38:11 socat[67544] N write(6, 0x5f8a4e76c000, 4) completed
[2025-09-25 12:38:11] < 2025/09/25 12:38:11.000237270  length=4 from=1409526 to=1409529
[2025-09-25 12:38:11]  00 df 21 00                                      ..!.
[2025-09-25 12:38:11] --
[2025-09-25 12:38:11] 2025/09/25 12:38:11 socat[67544] N write(6, 0x5f8a4e76c000, 4) completed
[2025-09-25 12:38:11] < 2025/09/25 12:38:11.000237290  length=4 from=1409530 to=1409533
[2025-09-25 12:38:11]  00 00 00 00                                      ....
[2025-09-25 12:38:11] --
[2025-09-25 12:38:11] 2025/09/25 12:38:11 socat[67544] N write(6, 0x5f8a4e76c000, 4) completed
[2025-09-25 12:38:11] < 2025/09/25 12:38:11.000237310  length=4 from=1409534 to=1409537
[2025-09-25 12:38:11]  00 00 00 00                                      ....
[2025-09-25 12:38:11] --
[2025-09-25 12:38:11] 2025/09/25 12:38:11 socat[67544] N write(6, 0x5f8a4e76c000, 4) completed
[2025-09-25 12:38:11] < 2025/09/25 12:38:11.000237330  length=4 from=1409538 to=1409541
[2025-09-25 12:38:11]  00 00 00 00                                      ....
[2025-09-25 12:38:11] --
[2025-09-25 12:38:11] 2025/09/25 12:38:11 socat[67544] N write(6, 0x5f8a4e76c000, 4) completed
[2025-09-25 12:38:11] < 2025/09/25 12:38:11.000237350  length=4 from=1409542 to=1409545
[2025-09-25 12:38:11]  00 00 00 00                                      ....
[2025-09-25 12:38:11] --
[2025-09-25 12:38:11] 2025/09/25 12:38:11 socat[67544] N write(6, 0x5f8a4e76c000, 4) completed
[2025-09-25 12:38:11] < 2025/09/25 12:38:11.000237370  length=4 from=1409546 to=1409549
[2025-09-25 12:38:11]  00 00 00 00                                      ....
[2025-09-25 12:38:11] --
[2025-09-25 12:38:11] 2025/09/25 12:38:11 socat[67544] N write(6, 0x5f8a4e76c000, 4) completed
[2025-09-25 12:38:11] < 2025/09/25 12:38:11.000237391  length=4 from=1409550 to=1409553
[2025-09-25 12:38:11]  00 00 00 00                                      ....
[2025-09-25 12:38:11] --
[2025-09-25 12:38:11] 2025/09/25 12:38:11 socat[67544] N write(6, 0x5f8a4e76c000, 4) completed
[2025-09-25 12:38:11] < 2025/09/25 12:38:11.000308120  length=4 from=1409554 to=1409557
[2025-09-25 12:38:11]  00 00 00 00                                      ....
[2025-09-25 12:38:11] --
[2025-09-25 12:38:11] 2025/09/25 12:38:11 socat[67544] N write(6, 0x5f8a4e76c000, 4) completed
[2025-09-25 12:38:11] < 2025/09/25 12:38:11.000308207  length=4 from=1409558 to=1409561
[2025-09-25 12:38:11]  00 00 00 df                                      ....
[2025-09-25 12:38:11] --
[2025-09-25 12:38:11] 2025/09/25 12:38:11 socat[67544] N write(6, 0x5f8a4e76c000, 4) completed
[2025-09-25 12:38:11] < 2025/09/25 12:38:11.000308230  length=4 from=1409562 to=1409565
[2025-09-25 12:38:11]  21 00 00 00                                      !...
[2025-09-25 12:38:11] --
[2025-09-25 12:38:11] 2025/09/25 12:38:11 socat[67544] N write(6, 0x5f8a4e76c000, 4) completed
[2025-09-25 12:38:11] < 2025/09/25 12:38:11.000308250  length=4 from=1409566 to=1409569
[2025-09-25 12:38:11]  00 00 00 00                                      ....
[2025-09-25 12:38:11] --
[2025-09-25 12:38:11] 2025/09/25 12:38:11 socat[67544] N write(6, 0x5f8a4e76c000, 4) completed
[2025-09-25 12:38:11] < 2025/09/25 12:38:11.000308271  length=4 from=1409570 to=1409573
[2025-09-25 12:38:11]  00 00 00 00                                      ....
[2025-09-25 12:38:11] --
[2025-09-25 12:38:11] 2025/09/25 12:38:11 socat[67544] N write(6, 0x5f8a4e76c000, 4) completed
[2025-09-25 12:38:11] < 2025/09/25 12:38:11.000308292  length=4 from=1409574 to=1409577
[2025-09-25 12:38:11]  00 00 00 00                                      ....
[2025-09-25 12:38:11] --
[2025-09-25 12:38:11] 2025/09/25 12:38:11 socat[67544] N write(6, 0x5f8a4e76c000, 4) completed
[2025-09-25 12:38:11] < 2025/09/25 12:38:11.000308312  length=4 from=1409578 to=1409581
[2025-09-25 12:38:11]  00 00 00 00                                      ....
[2025-09-25 12:38:11] --
[2025-09-25 12:38:11] 2025/09/25 12:38:11 socat[67544] N write(6, 0x5f8a4e76c000, 4) completed
[2025-09-25 12:38:11] < 2025/09/25 12:38:11.000308332  length=4 from=1409582 to=1409585
[2025-09-25 12:38:11]  00 00 00 00                                      ....
[2025-09-25 12:38:11] --
[2025-09-25 12:38:11] 2025/09/25 12:38:11 socat[67544] N write(6, 0x5f8a4e76c000, 4) completed
[2025-09-25 12:38:11] < 2025/09/25 12:38:11.000308353  length=4 from=1409586 to=1409589
[2025-09-25 12:38:11]  00 00 00 00                                      ....
[2025-09-25 12:38:11] --
[2025-09-25 12:38:11] 2025/09/25 12:38:11 socat[67544] N write(6, 0x5f8a4e76c000, 4) completed
[2025-09-25 12:38:11] < 2025/09/25 12:38:11.000308374  length=4 from=1409590 to=1409593
[2025-09-25 12:38:11]  00 00 00 00                                      ....
[2025-09-25 12:38:11] --
[2025-09-25 12:38:11] 2025/09/25 12:38:11 socat[67544] N write(6, 0x5f8a4e76c000, 4) completed
[2025-09-25 12:38:11] < 2025/09/25 12:38:11.000308394  length=4 from=1409594 to=1409597
[2025-09-25 12:38:11]  00 df 21 00                                      ..!.
[2025-09-25 12:38:11] --
[2025-09-25 12:38:11] 2025/09/25 12:38:11 socat[67544] N write(6, 0x5f8a4e76c000, 4) completed
[2025-09-25 12:38:11] < 2025/09/25 12:38:11.000308414  length=4 from=1409598 to=1409601
[2025-09-25 12:38:11]  00 00 00 00                                      ....
[2025-09-25 12:38:11] --
[2025-09-25 12:38:11] 2025/09/25 12:38:11 socat[67544] N write(6, 0x5f8a4e76c000, 4) completed
[2025-09-25 12:38:11] < 2025/09/25 12:38:11.000308435  length=4 from=1409602 to=1409605
[2025-09-25 12:38:11]  00 00 00 00                                      ....
[2025-09-25 12:38:11] --
[2025-09-25 12:38:11] 2025/09/25 12:38:11 socat[67544] N write(6, 0x5f8a4e76c000, 4) completed
[2025-09-25 12:38:11] < 2025/09/25 12:38:11.000308455  length=4 from=1409606 to=1409609
[2025-09-25 12:38:11]  00 00 00 00                                      ....
[2025-09-25 12:38:11] --
[2025-09-25 12:38:11] 2025/09/25 12:38:11 socat[67544] N write(6, 0x5f8a4e76c000, 4) completed
[2025-09-25 12:38:11] < 2025/09/25 12:38:11.000308476  length=4 from=1409610 to=1409613
[2025-09-25 12:38:11]  00 00 00 00                                      ....
[2025-09-25 12:38:11] --
[2025-09-25 12:38:11] 2025/09/25 12:38:11 socat[67544] N write(6, 0x5f8a4e76c000, 4) completed
[2025-09-25 12:38:11] < 2025/09/25 12:38:11.000308496  length=4 from=1409614 to=1409617
[2025-09-25 12:38:11]  00 00 00 00                                      ....
[2025-09-25 12:38:11] --
[2025-09-25 12:38:11] 2025/09/25 12:38:11 socat[67544] N write(6, 0x5f8a4e76c000, 4) completed
[2025-09-25 12:38:11] < 2025/09/25 12:38:11.000308517  length=4 from=1409618 to=1409621
[2025-09-25 12:38:11]  00 00 00 00                                      ....
[2025-09-25 12:38:11] --
[2025-09-25 12:38:11] 2025/09/25 12:38:11 socat[67544] N write(6, 0x5f8a4e76c000, 4) completed
[2025-09-25 12:38:11] < 2025/09/25 12:38:11.000308537  length=4 from=1409622 to=1409625
[2025-09-25 12:38:11]  00 00 00 00                                      ....
[2025-09-25 12:38:11] --
[2025-09-25 12:38:11] 2025/09/25 12:38:11 socat[67544] N write(6, 0x5f8a4e76c000, 4) completed
[2025-09-25 12:38:11] < 2025/09/25 12:38:11.000308558  length=4 from=1409626 to=1409629
[2025-09-25 12:38:11]  00 00 00 df                                      ....
[2025-09-25 12:38:11] --
[2025-09-25 12:38:11] 2025/09/25 12:38:11 socat[67544] N write(6, 0x5f8a4e76c000, 4) completed
[2025-09-25 12:38:11] < 2025/09/25 12:38:11.000308578  length=4 from=1409630 to=1409633
[2025-09-25 12:38:11]  21 00 00 00                                      !...
[2025-09-25 12:38:11] --
[2025-09-25 12:38:11] 2025/09/25 12:38:11 socat[67544] N write(6, 0x5f8a4e76c000, 4) completed
[2025-09-25 12:38:11] < 2025/09/25 12:38:11.000308599  length=4 from=1409634 to=1409637
[2025-09-25 12:38:11]  00 00 00 00                                      ....
[2025-09-25 12:38:11] --
[2025-09-25 12:38:11] 2025/09/25 12:38:11 socat[67544] N write(6, 0x5f8a4e76c000, 4) completed
[2025-09-25 12:38:11] < 2025/09/25 12:38:11.000308621  length=4 from=1409638 to=1409641
[2025-09-25 12:38:11]  00 00 00 00                                      ....
[2025-09-25 12:38:11] --
[2025-09-25 12:38:11] 2025/09/25 12:38:11 socat[67544] N write(6, 0x5f8a4e76c000, 4) completed
[2025-09-25 12:38:11] < 2025/09/25 12:38:11.000308642  length=4 from=1409642 to=1409645
[2025-09-25 12:38:11]  00 00 00 00                                      ....
[2025-09-25 12:38:11] --
[2025-09-25 12:38:11] 2025/09/25 12:38:11 socat[67544] N write(6, 0x5f8a4e76c000, 4) completed
[2025-09-25 12:38:11] < 2025/09/25 12:38:11.000308663  length=4 from=1409646 to=1409649
[2025-09-25 12:38:11]  00 00 00 00                                      ....
[2025-09-25 12:38:11] --
[2025-09-25 12:38:11] 2025/09/25 12:38:11 socat[67544] N write(6, 0x5f8a4e76c000, 4) completed
[2025-09-25 12:38:11] < 2025/09/25 12:38:11.000308683  length=4 from=1409650 to=1409653
[2025-09-25 12:38:11]  00 00 00 00                                      ....
[2025-09-25 12:38:11] --
[2025-09-25 12:38:11] 2025/09/25 12:38:11 socat[67544] N write(6, 0x5f8a4e76c000, 4) completed
[2025-09-25 12:38:11] < 2025/09/25 12:38:11.000308704  length=4 from=1409654 to=1409657
[2025-09-25 12:38:11]  00 00 00 00                                      ....
[2025-09-25 12:38:11] --
[2025-09-25 12:38:11] 2025/09/25 12:38:11 socat[67544] N write(6, 0x5f8a4e76c000, 4) completed
[2025-09-25 12:38:11] < 2025/09/25 12:38:11.000308724  length=4 from=1409658 to=1409661
[2025-09-25 12:38:11]  00 00 00 00                                      ....
[2025-09-25 12:38:11] --
[2025-09-25 12:38:11] 2025/09/25 12:38:11 socat[67544] N write(6, 0x5f8a4e76c000, 4) completed
[2025-09-25 12:38:11] < 2025/09/25 12:38:11.000308745  length=4 from=1409662 to=1409665
[2025-09-25 12:38:11]  00 df 21 00                                      ..!.
[2025-09-25 12:38:11] --
[2025-09-25 12:38:11] 2025/09/25 12:38:11 socat[67544] N write(6, 0x5f8a4e76c000, 4) completed
[2025-09-25 12:38:11] < 2025/09/25 12:38:11.000308765  length=4 from=1409666 to=1409669
[2025-09-25 12:38:11]  00 00 00 00                                      ....
[2025-09-25 12:38:11] --
[2025-09-25 12:38:11] 2025/09/25 12:38:11 socat[67544] N write(6, 0x5f8a4e76c000, 4) completed
[2025-09-25 12:38:11] < 2025/09/25 12:38:11.000308785  length=4 from=1409670 to=1409673
[2025-09-25 12:38:11]  00 00 00 00                                      ....
[2025-09-25 12:38:11] --
[2025-09-25 12:38:11] 2025/09/25 12:38:11 socat[67544] N write(6, 0x5f8a4e76c000, 4) completed
[2025-09-25 12:38:11] < 2025/09/25 12:38:11.000308806  length=4 from=1409674 to=1409677
[2025-09-25 12:38:11]  00 00 00 00                                      ....
[2025-09-25 12:38:11] --
[2025-09-25 12:38:11] 2025/09/25 12:38:11 socat[67544] N write(6, 0x5f8a4e76c000, 4) completed
[2025-09-25 12:38:11] < 2025/09/25 12:38:11.000308827  length=4 from=1409678 to=1409681
[2025-09-25 12:38:11]  00 00 00 00                                      ....
[2025-09-25 12:38:11] --
[2025-09-25 12:38:11] 2025/09/25 12:38:11 socat[67544] N write(6, 0x5f8a4e76c000, 4) completed
[2025-09-25 12:38:11] < 2025/09/25 12:38:11.000308847  length=4 from=1409682 to=1409685
[2025-09-25 12:38:11]  00 00 00 00                                      ....
[2025-09-25 12:38:11] --
[2025-09-25 12:38:11] 2025/09/25 12:38:11 socat[67544] N write(6, 0x5f8a4e76c000, 4) completed
[2025-09-25 12:38:11] < 2025/09/25 12:38:11.000308868  length=4 from=1409686 to=1409689
[2025-09-25 12:38:11]  00 00 00 00                                      ....
[2025-09-25 12:38:11] --
[2025-09-25 12:38:11] 2025/09/25 12:38:11 socat[67544] N write(6, 0x5f8a4e76c000, 4) completed
[2025-09-25 12:38:11] < 2025/09/25 12:38:11.000308888  length=4 from=1409690 to=1409693
[2025-09-25 12:38:11]  00 00 00 00                                      ....
[2025-09-25 12:38:11] --
[2025-09-25 12:38:11] 2025/09/25 12:38:11 socat[67544] N write(6, 0x5f8a4e76c000, 4) completed
[2025-09-25 12:38:11] < 2025/09/25 12:38:11.000308908  length=4 from=1409694 to=1409697
[2025-09-25 12:38:11]  00 00 00 df                                      ....
[2025-09-25 12:38:11] --
[2025-09-25 12:38:11] 2025/09/25 12:38:11 socat[67544] N write(6, 0x5f8a4e76c000, 4) completed
[2025-09-25 12:38:11] < 2025/09/25 12:38:11.000308929  length=4 from=1409698 to=1409701
[2025-09-25 12:38:11]  21 00 00 00                                      !...
[2025-09-25 12:38:11] --
[2025-09-25 12:38:11] 2025/09/25 12:38:11 socat[67544] N write(6, 0x5f8a4e76c000, 4) completed
[2025-09-25 12:38:11] < 2025/09/25 12:38:11.000308949  length=4 from=1409702 to=1409705
[2025-09-25 12:38:11]  00 00 00 00                                      ....
[2025-09-25 12:38:11] --
[2025-09-25 12:38:11] 2025/09/25 12:38:11 socat[67544] N write(6, 0x5f8a4e76c000, 4) completed
[2025-09-25 12:38:11] < 2025/09/25 12:38:11.000308985  length=4 from=1409706 to=1409709
[2025-09-25 12:38:11]  00 00 00 00                                      ....
[2025-09-25 12:38:11] --
[2025-09-25 12:38:11] 2025/09/25 12:38:11 socat[67544] N write(6, 0x5f8a4e76c000, 4) completed
[2025-09-25 12:38:11] < 2025/09/25 12:38:11.000309008  length=4 from=1409710 to=1409713
[2025-09-25 12:38:11]  00 00 00 00                                      ....
[2025-09-25 12:38:11] --
[2025-09-25 12:38:11] 2025/09/25 12:38:11 socat[67544] N write(6, 0x5f8a4e76c000, 4) completed
[2025-09-25 12:38:11] < 2025/09/25 12:38:11.000310970  length=4 from=1409714 to=1409717
[2025-09-25 12:38:11]  00 00 00 00                                      ....
[2025-09-25 12:38:11] --
[2025-09-25 12:38:11] 2025/09/25 12:38:11 socat[67544] N write(6, 0x5f8a4e76c000, 4) completed
[2025-09-25 12:38:11] < 2025/09/25 12:38:11.000310995  length=4 from=1409718 to=1409721
[2025-09-25 12:38:11]  00 00 00 00                                      ....
[2025-09-25 12:38:11] --
[2025-09-25 12:38:11] 2025/09/25 12:38:11 socat[67544] N write(6, 0x5f8a4e76c000, 4) completed
[2025-09-25 12:38:11] < 2025/09/25 12:38:11.000311017  length=4 from=1409722 to=1409725
[2025-09-25 12:38:11]  00 00 00 00                                      ....
[2025-09-25 12:38:11] --
[2025-09-25 12:38:11] 2025/09/25 12:38:11 socat[67544] N write(6, 0x5f8a4e76c000, 4) completed
[2025-09-25 12:38:11] < 2025/09/25 12:38:11.000311041  length=4 from=1409726 to=1409729
[2025-09-25 12:38:11]  00 00 00 00                                      ....
[2025-09-25 12:38:11] --
[2025-09-25 12:38:11] 2025/09/25 12:38:11 socat[67544] N write(6, 0x5f8a4e76c000, 4) completed
[2025-09-25 12:38:11] < 2025/09/25 12:38:11.000311061  length=4 from=1409730 to=1409733
[2025-09-25 12:38:11]  00 df 21 00                                      ..!.
[2025-09-25 12:38:11] --
[2025-09-25 12:38:11] 2025/09/25 12:38:11 socat[67544] N write(6, 0x5f8a4e76c000, 4) completed
[2025-09-25 12:38:11] < 2025/09/25 12:38:11.000311081  length=4 from=1409734 to=1409737
[2025-09-25 12:38:11]  00 00 00 00                                      ....
[2025-09-25 12:38:11] --
[2025-09-25 12:38:11] 2025/09/25 12:38:11 socat[67544] N write(6, 0x5f8a4e76c000, 4) completed
[2025-09-25 12:38:11] < 2025/09/25 12:38:11.000311101  length=4 from=1409738 to=1409741
[2025-09-25 12:38:11]  00 00 00 00                                      ....
[2025-09-25 12:38:11] --
[2025-09-25 12:38:11] 2025/09/25 12:38:11 socat[67544] N write(6, 0x5f8a4e76c000, 4) completed
[2025-09-25 12:38:11] < 2025/09/25 12:38:11.000311121  length=4 from=1409742 to=1409745
[2025-09-25 12:38:11]  00 00 00 00                                      ....
[2025-09-25 12:38:11] --
[2025-09-25 12:38:11] 2025/09/25 12:38:11 socat[67544] N write(6, 0x5f8a4e76c000, 4) completed
[2025-09-25 12:38:11] < 2025/09/25 12:38:11.000311141  length=4 from=1409746 to=1409749
[2025-09-25 12:38:11]  00 06 10 00                                      ....
[2025-09-25 12:38:11] --
[2025-09-25 12:38:11] 2025/09/25 12:38:11 socat[67544] N write(6, 0x5f8a4e76c000, 4) completed
[2025-09-25 12:38:11] < 2025/09/25 12:38:11.000311162  length=4 from=1409750 to=1409753
[2025-09-25 12:38:11]  00 00 00 00                                      ....
[2025-09-25 12:38:11] --
[2025-09-25 12:38:11] 2025/09/25 12:38:11 socat[67544] N write(6, 0x5f8a4e76c000, 4) completed
[2025-09-25 12:38:11] < 2025/09/25 12:38:11.000311182  length=4 from=1409754 to=1409757
[2025-09-25 12:38:11]  00 06 10 00                                      ....
[2025-09-25 12:38:11] --
[2025-09-25 12:38:11] 2025/09/25 12:38:11 socat[67544] N write(6, 0x5f8a4e76c000, 4) completed
[2025-09-25 12:38:11] < 2025/09/25 12:38:11.000311202  length=4 from=1409758 to=1409761
[2025-09-25 12:38:11]  01 00 00 00                                      ....
[2025-09-25 12:38:11] --
[2025-09-25 12:38:11] 2025/09/25 12:38:11 socat[67544] N write(6, 0x5f8a4e76c000, 4) completed
[2025-09-25 12:38:11] < 2025/09/25 12:38:11.000311222  length=4 from=1409762 to=1409765
[2025-09-25 12:38:11]  00 00 00 b2                                      ....
[2025-09-25 12:38:11] --
[2025-09-25 12:38:11] 2025/09/25 12:38:11 socat[67544] N write(6, 0x5f8a4e76c000, 4) completed
[2025-09-25 12:38:11] < 2025/09/25 12:38:11.000311242  length=4 from=1409766 to=1409769
[2025-09-25 12:38:11]  21 00 00 00                                      !...
[2025-09-25 12:38:11] --
[2025-09-25 12:38:11] 2025/09/25 12:38:11 socat[67544] N write(6, 0x5f8a4e76c000, 4) completed
[2025-09-25 12:38:11] < 2025/09/25 12:38:11.000311262  length=4 from=1409770 to=1409773
[2025-09-25 12:38:11]  00 00 00 00                                      ....
[2025-09-25 12:38:11] --
[2025-09-25 12:38:11] 2025/09/25 12:38:11 socat[67544] N write(6, 0x5f8a4e76c000, 4) completed
[2025-09-25 12:38:11] < 2025/09/25 12:38:11.000311282  length=4 from=1409774 to=1409777
[2025-09-25 12:38:11]  00 00 00 00                                      ....
[2025-09-25 12:38:11] --
[2025-09-25 12:38:11] 2025/09/25 12:38:11 socat[67544] N write(6, 0x5f8a4e76c000, 4) completed
[2025-09-25 12:38:11] < 2025/09/25 12:38:11.000311302  length=4 from=1409778 to=1409781
[2025-09-25 12:38:11]  00 00 00 00                                      ....
[2025-09-25 12:38:11] --
[2025-09-25 12:38:11] 2025/09/25 12:38:11 socat[67544] N write(6, 0x5f8a4e76c000, 4) completed
[2025-09-25 12:38:11] < 2025/09/25 12:38:11.000311329  length=4 from=1409782 to=1409785
[2025-09-25 12:38:11]  00 00 00 00                                      ....
[2025-09-25 12:38:11] --
[2025-09-25 12:38:11] 2025/09/25 12:38:11 socat[67544] N write(6, 0x5f8a4e76c000, 4) completed
[2025-09-25 12:38:11] < 2025/09/25 12:38:11.000311354  length=4 from=1409786 to=1409789
[2025-09-25 12:38:11]  00 00 00 00                                      ....
[2025-09-25 12:38:11] --
[2025-09-25 12:38:11] 2025/09/25 12:38:11 socat[67544] N write(6, 0x5f8a4e76c000, 4) completed
[2025-09-25 12:38:11] < 2025/09/25 12:38:11.000311374  length=4 from=1409790 to=1409793
[2025-09-25 12:38:11]  00 00 00 00                                      ....
[2025-09-25 12:38:11] --
[2025-09-25 12:38:11] 2025/09/25 12:38:11 socat[67544] N write(6, 0x5f8a4e76c000, 4) completed
[2025-09-25 12:38:11] < 2025/09/25 12:38:11.000311395  length=4 from=1409794 to=1409797
[2025-09-25 12:38:11]  00 00 00 00                                      ....
[2025-09-25 12:38:11] --
[2025-09-25 12:38:11] 2025/09/25 12:38:11 socat[67544] N write(6, 0x5f8a4e76c000, 4) completed
[2025-09-25 12:38:11] < 2025/09/25 12:38:11.000311415  length=4 from=1409798 to=1409801
[2025-09-25 12:38:11]  00 df 21 00                                      ..!.
[2025-09-25 12:38:11] --
[2025-09-25 12:38:11] 2025/09/25 12:38:11 socat[67544] N write(6, 0x5f8a4e76c000, 4) completed
[2025-09-25 12:38:11] < 2025/09/25 12:38:11.000311435  length=4 from=1409802 to=1409805
[2025-09-25 12:38:11]  00 00 00 00                                      ....
[2025-09-25 12:38:11] --
[2025-09-25 12:38:11] 2025/09/25 12:38:11 socat[67544] N write(6, 0x5f8a4e76c000, 4) completed
[2025-09-25 12:38:11] < 2025/09/25 12:38:11.000311456  length=4 from=1409806 to=1409809
[2025-09-25 12:38:11]  00 00 00 00                                      ....
[2025-09-25 12:38:11] --
[2025-09-25 12:38:11] 2025/09/25 12:38:11 socat[67544] N write(6, 0x5f8a4e76c000, 4) completed
[2025-09-25 12:38:11] < 2025/09/25 12:38:11.000383110  length=4 from=1409810 to=1409813
[2025-09-25 12:38:11]  00 00 00 00                                      ....
[2025-09-25 12:38:11] --
[2025-09-25 12:38:11] 2025/09/25 12:38:11 socat[67544] N write(6, 0x5f8a4e76c000, 4) completed
[2025-09-25 12:38:11] < 2025/09/25 12:38:11.000383185  length=4 from=1409814 to=1409817
[2025-09-25 12:38:11]  00 00 00 00                                      ....
[2025-09-25 12:38:11] --
[2025-09-25 12:38:11] 2025/09/25 12:38:11 socat[67544] N write(6, 0x5f8a4e76c000, 4) completed
[2025-09-25 12:38:11] < 2025/09/25 12:38:11.000383206  length=4 from=1409818 to=1409821
[2025-09-25 12:38:11]  00 00 00 00                                      ....
[2025-09-25 12:38:11] --
[2025-09-25 12:38:11] 2025/09/25 12:38:11 socat[67544] N write(6, 0x5f8a4e76c000, 4) completed
[2025-09-25 12:38:11] < 2025/09/25 12:38:11.000383226  length=4 from=1409822 to=1409825
[2025-09-25 12:38:11]  00 00 00 00                                      ....
[2025-09-25 12:38:11] --
[2025-09-25 12:38:11] 2025/09/25 12:38:11 socat[67544] N write(6, 0x5f8a4e76c000, 4) completed
[2025-09-25 12:38:11] < 2025/09/25 12:38:11.000383245  length=4 from=1409826 to=1409829
[2025-09-25 12:38:11]  00 00 00 00                                      ....
[2025-09-25 12:38:11] --
[2025-09-25 12:38:11] 2025/09/25 12:38:11 socat[67544] N write(6, 0x5f8a4e76c000, 4) completed
[2025-09-25 12:38:11] < 2025/09/25 12:38:11.000383264  length=4 from=1409830 to=1409833
[2025-09-25 12:38:11]  00 00 00 df                                      ....
[2025-09-25 12:38:11] --
[2025-09-25 12:38:11] 2025/09/25 12:38:11 socat[67544] N write(6, 0x5f8a4e76c000, 4) completed
[2025-09-25 12:38:11] < 2025/09/25 12:38:11.000383283  length=4 from=1409834 to=1409837
[2025-09-25 12:38:11]  21 00 00 00                                      !...
[2025-09-25 12:38:11] --
[2025-09-25 12:38:11] 2025/09/25 12:38:11 socat[67544] N write(6, 0x5f8a4e76c000, 4) completed
[2025-09-25 12:38:11] < 2025/09/25 12:38:11.000383303  length=4 from=1409838 to=1409841
[2025-09-25 12:38:11]  00 00 00 00                                      ....
[2025-09-25 12:38:11] --
[2025-09-25 12:38:11] 2025/09/25 12:38:11 socat[67544] N write(6, 0x5f8a4e76c000, 4) completed
[2025-09-25 12:38:11] < 2025/09/25 12:38:11.000383322  length=4 from=1409842 to=1409845
[2025-09-25 12:38:11]  00 00 00 00                                      ....
[2025-09-25 12:38:11] --
[2025-09-25 12:38:11] 2025/09/25 12:38:11 socat[67544] N write(6, 0x5f8a4e76c000, 4) completed
[2025-09-25 12:38:11] < 2025/09/25 12:38:11.000383341  length=4 from=1409846 to=1409849
[2025-09-25 12:38:11]  00 00 00 00                                      ....
[2025-09-25 12:38:11] --
[2025-09-25 12:38:11] 2025/09/25 12:38:11 socat[67544] N write(6, 0x5f8a4e76c000, 4) completed
[2025-09-25 12:38:11] < 2025/09/25 12:38:11.000383360  length=4 from=1409850 to=1409853
[2025-09-25 12:38:11]  00 00 00 00                                      ....
[2025-09-25 12:38:11] --
[2025-09-25 12:38:11] 2025/09/25 12:38:11 socat[67544] N write(6, 0x5f8a4e76c000, 4) completed
[2025-09-25 12:38:11] < 2025/09/25 12:38:11.000383379  length=4 from=1409854 to=1409857
[2025-09-25 12:38:11]  00 00 00 00                                      ....
[2025-09-25 12:38:11] --
[2025-09-25 12:38:11] 2025/09/25 12:38:11 socat[67544] N write(6, 0x5f8a4e76c000, 4) completed
[2025-09-25 12:38:11] < 2025/09/25 12:38:11.000383399  length=4 from=1409858 to=1409861
[2025-09-25 12:38:11]  00 00 00 00                                      ....
[2025-09-25 12:38:11] --
[2025-09-25 12:38:11] 2025/09/25 12:38:11 socat[67544] N write(6, 0x5f8a4e76c000, 4) completed
[2025-09-25 12:38:11] < 2025/09/25 12:38:11.000383418  length=4 from=1409862 to=1409865
[2025-09-25 12:38:11]  00 00 00 00                                      ....
[2025-09-25 12:38:11] --
[2025-09-25 12:38:11] 2025/09/25 12:38:11 socat[67544] N write(6, 0x5f8a4e76c000, 4) completed
[2025-09-25 12:38:11] < 2025/09/25 12:38:11.000383437  length=4 from=1409866 to=1409869
[2025-09-25 12:38:11]  00 df 21 00                                      ..!.
[2025-09-25 12:38:11] --
[2025-09-25 12:38:11] 2025/09/25 12:38:11 socat[67544] N write(6, 0x5f8a4e76c000, 4) completed
[2025-09-25 12:38:11] < 2025/09/25 12:38:11.000383456  length=4 from=1409870 to=1409873
[2025-09-25 12:38:11]  00 00 00 00                                      ....
[2025-09-25 12:38:11] --
[2025-09-25 12:38:11] 2025/09/25 12:38:11 socat[67544] N write(6, 0x5f8a4e76c000, 4) completed
[2025-09-25 12:38:11] < 2025/09/25 12:38:11.000383475  length=4 from=1409874 to=1409877
[2025-09-25 12:38:11]  00 00 00 00                                      ....
[2025-09-25 12:38:11] --
[2025-09-25 12:38:11] 2025/09/25 12:38:11 socat[67544] N write(6, 0x5f8a4e76c000, 4) completed
[2025-09-25 12:38:11] < 2025/09/25 12:38:11.000383494  length=4 from=1409878 to=1409881
[2025-09-25 12:38:11]  00 00 00 00                                      ....
[2025-09-25 12:38:11] --
[2025-09-25 12:38:11] 2025/09/25 12:38:11 socat[67544] N write(6, 0x5f8a4e76c000, 4) completed
[2025-09-25 12:38:11] < 2025/09/25 12:38:11.000383513  length=4 from=1409882 to=1409885
[2025-09-25 12:38:11]  00 00 00 00                                      ....
[2025-09-25 12:38:11] --
[2025-09-25 12:38:11] 2025/09/25 12:38:11 socat[67544] N write(6, 0x5f8a4e76c000, 4) completed
[2025-09-25 12:38:11] < 2025/09/25 12:38:11.000383532  length=4 from=1409886 to=1409889
[2025-09-25 12:38:11]  00 00 00 00                                      ....
[2025-09-25 12:38:11] --
[2025-09-25 12:38:11] 2025/09/25 12:38:11 socat[67544] N write(6, 0x5f8a4e76c000, 4) completed
[2025-09-25 12:38:11] < 2025/09/25 12:38:11.000383551  length=4 from=1409890 to=1409893
[2025-09-25 12:38:11]  00 00 00 00                                      ....
[2025-09-25 12:38:11] --
[2025-09-25 12:38:11] 2025/09/25 12:38:11 socat[67544] N write(6, 0x5f8a4e76c000, 4) completed
[2025-09-25 12:38:11] < 2025/09/25 12:38:11.000383573  length=4 from=1409894 to=1409897
[2025-09-25 12:38:11]  00 00 00 00                                      ....
[2025-09-25 12:38:11] --
[2025-09-25 12:38:11] 2025/09/25 12:38:11 socat[67544] N write(6, 0x5f8a4e76c000, 4) completed
[2025-09-25 12:38:11] < 2025/09/25 12:38:11.000383592  length=4 from=1409898 to=1409901
[2025-09-25 12:38:11]  00 00 00 df                                      ....
[2025-09-25 12:38:11] --
[2025-09-25 12:38:11] 2025/09/25 12:38:11 socat[67544] N write(6, 0x5f8a4e76c000, 4) completed
[2025-09-25 12:38:11] < 2025/09/25 12:38:11.000383628  length=4 from=1409902 to=1409905
[2025-09-25 12:38:11]  21 00 00 00                                      !...
[2025-09-25 12:38:11] --
[2025-09-25 12:38:11] 2025/09/25 12:38:11 socat[67544] N write(6, 0x5f8a4e76c000, 4) completed
[2025-09-25 12:38:11] < 2025/09/25 12:38:11.000383647  length=4 from=1409906 to=1409909
[2025-09-25 12:38:11]  00 00 00 00                                      ....
[2025-09-25 12:38:11] --
[2025-09-25 12:38:11] 2025/09/25 12:38:11 socat[67544] N write(6, 0x5f8a4e76c000, 4) completed
[2025-09-25 12:38:11] < 2025/09/25 12:38:11.000383667  length=4 from=1409910 to=1409913
[2025-09-25 12:38:11]  00 00 00 00                                      ....
[2025-09-25 12:38:11] --
[2025-09-25 12:38:11] 2025/09/25 12:38:11 socat[67544] N write(6, 0x5f8a4e76c000, 4) completed
[2025-09-25 12:38:11] < 2025/09/25 12:38:11.000383686  length=4 from=1409914 to=1409917
[2025-09-25 12:38:11]  00 00 00 00                                      ....
[2025-09-25 12:38:11] --
[2025-09-25 12:38:11] 2025/09/25 12:38:11 socat[67544] N write(6, 0x5f8a4e76c000, 4) completed
[2025-09-25 12:38:11] < 2025/09/25 12:38:11.000383705  length=4 from=1409918 to=1409921
[2025-09-25 12:38:11]  00 00 00 00                                      ....
[2025-09-25 12:38:11] --
[2025-09-25 12:38:11] 2025/09/25 12:38:11 socat[67544] N write(6, 0x5f8a4e76c000, 4) completed
[2025-09-25 12:38:11] < 2025/09/25 12:38:11.000383724  length=4 from=1409922 to=1409925
[2025-09-25 12:38:11]  00 00 00 00                                      ....
[2025-09-25 12:38:11] --
[2025-09-25 12:38:11] 2025/09/25 12:38:11 socat[67544] N write(6, 0x5f8a4e76c000, 4) completed
[2025-09-25 12:38:11] < 2025/09/25 12:38:11.000383743  length=4 from=1409926 to=1409929
[2025-09-25 12:38:11]  00 00 00 00                                      ....
[2025-09-25 12:38:11] --
[2025-09-25 12:38:11] 2025/09/25 12:38:11 socat[67544] N write(6, 0x5f8a4e76c000, 4) completed
[2025-09-25 12:38:11] < 2025/09/25 12:38:11.000383763  length=4 from=1409930 to=1409933
[2025-09-25 12:38:11]  00 00 00 00                                      ....
[2025-09-25 12:38:11] --
[2025-09-25 12:38:11] 2025/09/25 12:38:11 socat[67544] N write(6, 0x5f8a4e76c000, 4) completed
[2025-09-25 12:38:11] < 2025/09/25 12:38:11.000383782  length=4 from=1409934 to=1409937
[2025-09-25 12:38:11]  00 df 21 00                                      ..!.
[2025-09-25 12:38:11] --
[2025-09-25 12:38:11] 2025/09/25 12:38:11 socat[67544] N write(6, 0x5f8a4e76c000, 4) completed
[2025-09-25 12:38:11] < 2025/09/25 12:38:11.000383801  length=4 from=1409938 to=1409941
[2025-09-25 12:38:11]  00 00 00 00                                      ....
[2025-09-25 12:38:11] --
[2025-09-25 12:38:11] 2025/09/25 12:38:11 socat[67544] N write(6, 0x5f8a4e76c000, 4) completed
[2025-09-25 12:38:11] < 2025/09/25 12:38:11.000383820  length=4 from=1409942 to=1409945
[2025-09-25 12:38:11]  00 00 00 00                                      ....
[2025-09-25 12:38:11] --
[2025-09-25 12:38:11] 2025/09/25 12:38:11 socat[67544] N write(6, 0x5f8a4e76c000, 4) completed
[2025-09-25 12:38:11] < 2025/09/25 12:38:11.000383840  length=4 from=1409946 to=1409949
[2025-09-25 12:38:11]  00 00 00 00                                      ....
[2025-09-25 12:38:11] --
[2025-09-25 12:38:11] 2025/09/25 12:38:11 socat[67544] N write(6, 0x5f8a4e76c000, 4) completed
[2025-09-25 12:38:11] < 2025/09/25 12:38:11.000383859  length=4 from=1409950 to=1409953
[2025-09-25 12:38:11]  00 00 00 00                                      ....
[2025-09-25 12:38:11] --
[2025-09-25 12:38:11] 2025/09/25 12:38:11 socat[67544] N write(6, 0x5f8a4e76c000, 4) completed
[2025-09-25 12:38:11] < 2025/09/25 12:38:11.000383878  length=4 from=1409954 to=1409957
[2025-09-25 12:38:11]  00 00 00 00                                      ....
[2025-09-25 12:38:11] --
[2025-09-25 12:38:11] 2025/09/25 12:38:11 socat[67544] N write(6, 0x5f8a4e76c000, 4) completed
[2025-09-25 12:38:11] < 2025/09/25 12:38:11.000383897  length=4 from=1409958 to=1409961
[2025-09-25 12:38:11]  00 00 00 00                                      ....
[2025-09-25 12:38:11] --
[2025-09-25 12:38:11] 2025/09/25 12:38:11 socat[67544] N write(6, 0x5f8a4e76c000, 4) completed
[2025-09-25 12:38:11] < 2025/09/25 12:38:11.000383917  length=4 from=1409962 to=1409965
[2025-09-25 12:38:11]  00 00 00 00                                      ....
[2025-09-25 12:38:11] --
[2025-09-25 12:38:11] 2025/09/25 12:38:11 socat[67544] N write(6, 0x5f8a4e76c000, 4) completed
[2025-09-25 12:38:11] < 2025/09/25 12:38:11.000383936  length=4 from=1409966 to=1409969
[2025-09-25 12:38:11]  00 00 00 df                                      ....
[2025-09-25 12:38:11] --
[2025-09-25 12:38:11] 2025/09/25 12:38:11 socat[67544] N write(6, 0x5f8a4e76c000, 4) completed
[2025-09-25 12:38:11] < 2025/09/25 12:38:11.000383959  length=4 from=1409970 to=1409973
[2025-09-25 12:38:11]  21 00 00 00                                      !...
[2025-09-25 12:38:11] --
[2025-09-25 12:38:11] 2025/09/25 12:38:11 socat[67544] N write(6, 0x5f8a4e76c000, 4) completed
[2025-09-25 12:38:11] < 2025/09/25 12:38:11.000383979  length=4 from=1409974 to=1409977
[2025-09-25 12:38:11]  00 00 00 00                                      ....
[2025-09-25 12:38:11] --
[2025-09-25 12:38:11] 2025/09/25 12:38:11 socat[67544] N write(6, 0x5f8a4e76c000, 4) completed
[2025-09-25 12:38:11] < 2025/09/25 12:38:11.000383999  length=4 from=1409978 to=1409981
[2025-09-25 12:38:11]  00 00 00 00                                      ....
[2025-09-25 12:38:11] --
[2025-09-25 12:38:11] 2025/09/25 12:38:11 socat[67544] N write(6, 0x5f8a4e76c000, 4) completed
[2025-09-25 12:38:11] < 2025/09/25 12:38:11.000384018  length=4 from=1409982 to=1409985
[2025-09-25 12:38:11]  00 00 00 00                                      ....
[2025-09-25 12:38:11] --
[2025-09-25 12:38:11] 2025/09/25 12:38:11 socat[67544] N write(6, 0x5f8a4e76c000, 4) completed
[2025-09-25 12:38:11] < 2025/09/25 12:38:11.000384038  length=4 from=1409986 to=1409989
[2025-09-25 12:38:11]  00 00 00 00                                      ....
[2025-09-25 12:38:11] --
[2025-09-25 12:38:11] 2025/09/25 12:38:11 socat[67544] N write(6, 0x5f8a4e76c000, 4) completed
[2025-09-25 12:38:11] < 2025/09/25 12:38:11.000384057  length=4 from=1409990 to=1409993
[2025-09-25 12:38:11]  00 00 00 00                                      ....
[2025-09-25 12:38:11] --
[2025-09-25 12:38:11] 2025/09/25 12:38:11 socat[67544] N write(6, 0x5f8a4e76c000, 4) completed
[2025-09-25 12:38:11] < 2025/09/25 12:38:11.000384076  length=4 from=1409994 to=1409997
[2025-09-25 12:38:11]  00 00 00 00                                      ....
[2025-09-25 12:38:11] --
[2025-09-25 12:38:11] 2025/09/25 12:38:11 socat[67544] N write(6, 0x5f8a4e76c000, 4) completed
[2025-09-25 12:38:11] < 2025/09/25 12:38:11.000385024  length=4 from=1409998 to=1410001
[2025-09-25 12:38:11]  00 00 00 00                                      ....
[2025-09-25 12:38:11] --
[2025-09-25 12:38:11] 2025/09/25 12:38:11 socat[67544] N write(6, 0x5f8a4e76c000, 4) completed
[2025-09-25 12:38:11] < 2025/09/25 12:38:11.000385117  length=4 from=1410002 to=1410005
[2025-09-25 12:38:11]  00 df 21 00                                      ..!.
[2025-09-25 12:38:11] --
[2025-09-25 12:38:11] 2025/09/25 12:38:11 socat[67544] N write(6, 0x5f8a4e76c000, 4) completed
[2025-09-25 12:38:11] < 2025/09/25 12:38:11.000385165  length=4 from=1410006 to=1410009
[2025-09-25 12:38:11]  00 00 00 00                                      ....
[2025-09-25 12:38:11] --
[2025-09-25 12:38:11] 2025/09/25 12:38:11 socat[67544] N write(6, 0x5f8a4e76c000, 4) completed
[2025-09-25 12:38:11] < 2025/09/25 12:38:11.000385185  length=4 from=1410010 to=1410013
[2025-09-25 12:38:11]  00 00 00 00                                      ....
[2025-09-25 12:38:11] --
[2025-09-25 12:38:11] 2025/09/25 12:38:11 socat[67544] N write(6, 0x5f8a4e76c000, 4) completed
[2025-09-25 12:38:11] < 2025/09/25 12:38:11.000385205  length=4 from=1410014 to=1410017
[2025-09-25 12:38:11]  00 00 00 00                                      ....
[2025-09-25 12:38:11] --
[2025-09-25 12:38:11] 2025/09/25 12:38:11 socat[67544] N write(6, 0x5f8a4e76c000, 4) completed
[2025-09-25 12:38:11] < 2025/09/25 12:38:11.000385224  length=4 from=1410018 to=1410021
[2025-09-25 12:38:11]  00 00 00 00                                      ....
[2025-09-25 12:38:11] --
[2025-09-25 12:38:11] 2025/09/25 12:38:11 socat[67544] N write(6, 0x5f8a4e76c000, 4) completed
[2025-09-25 12:38:11] < 2025/09/25 12:38:11.000385243  length=4 from=1410022 to=1410025
[2025-09-25 12:38:11]  00 00 00 00                                      ....
[2025-09-25 12:38:11] --
[2025-09-25 12:38:11] 2025/09/25 12:38:11 socat[67544] N write(6, 0x5f8a4e76c000, 4) completed
[2025-09-25 12:38:11] < 2025/09/25 12:38:11.000385263  length=4 from=1410026 to=1410029
[2025-09-25 12:38:11]  00 00 00 00                                      ....
[2025-09-25 12:38:11] --
[2025-09-25 12:38:11] 2025/09/25 12:38:11 socat[67544] N write(6, 0x5f8a4e76c000, 4) completed
[2025-09-25 12:38:11] < 2025/09/25 12:38:11.000385282  length=4 from=1410030 to=1410033
[2025-09-25 12:38:11]  00 00 00 00                                      ....
[2025-09-25 12:38:11] --
[2025-09-25 12:38:11] 2025/09/25 12:38:11 socat[67544] N write(6, 0x5f8a4e76c000, 4) completed
[2025-09-25 12:38:11] < 2025/09/25 12:38:11.000385301  length=4 from=1410034 to=1410037
[2025-09-25 12:38:11]  00 00 00 df                                      ....
[2025-09-25 12:38:11] --
[2025-09-25 12:38:11] 2025/09/25 12:38:11 socat[67544] N write(6, 0x5f8a4e76c000, 4) completed
[2025-09-25 12:38:11] < 2025/09/25 12:38:11.000385321  length=4 from=1410038 to=1410041
[2025-09-25 12:38:11]  21 00 00 00                                      !...
[2025-09-25 12:38:11] --
[2025-09-25 12:38:11] 2025/09/25 12:38:11 socat[67544] N write(6, 0x5f8a4e76c000, 4) completed
[2025-09-25 12:38:11] < 2025/09/25 12:38:11.000385340  length=4 from=1410042 to=1410045
[2025-09-25 12:38:11]  00 00 00 00                                      ....
[2025-09-25 12:38:11] --
[2025-09-25 12:38:11] 2025/09/25 12:38:11 socat[67544] N write(6, 0x5f8a4e76c000, 4) completed
[2025-09-25 12:38:11] < 2025/09/25 12:38:11.000385363  length=4 from=1410046 to=1410049
[2025-09-25 12:38:11]  00 00 00 00                                      ....
[2025-09-25 12:38:11] --
[2025-09-25 12:38:11] 2025/09/25 12:38:11 socat[67544] N write(6, 0x5f8a4e76c000, 4) completed
[2025-09-25 12:38:11] < 2025/09/25 12:38:11.000385383  length=4 from=1410050 to=1410053
[2025-09-25 12:38:11]  00 00 00 00                                      ....
[2025-09-25 12:38:11] --
[2025-09-25 12:38:11] 2025/09/25 12:38:11 socat[67544] N write(6, 0x5f8a4e76c000, 4) completed
[2025-09-25 12:38:11] < 2025/09/25 12:38:11.000385402  length=4 from=1410054 to=1410057
[2025-09-25 12:38:11]  00 00 00 00                                      ....
[2025-09-25 12:38:11] --
[2025-09-25 12:38:11] 2025/09/25 12:38:11 socat[67544] N write(6, 0x5f8a4e76c000, 4) completed
[2025-09-25 12:38:11] < 2025/09/25 12:38:11.000385548  length=4 from=1410058 to=1410061
[2025-09-25 12:38:11]  00 00 00 00                                      ....
[2025-09-25 12:38:11] --
[2025-09-25 12:38:11] 2025/09/25 12:38:11 socat[67544] N write(6, 0x5f8a4e76c000, 4) completed
[2025-09-25 12:38:11] < 2025/09/25 12:38:11.000386203  length=4 from=1410062 to=1410065
[2025-09-25 12:38:11]  00 00 00 00                                      ....
[2025-09-25 12:38:11] --
[2025-09-25 12:38:11] 2025/09/25 12:38:11 socat[67544] N write(6, 0x5f8a4e76c000, 4) completed
[2025-09-25 12:38:11] < 2025/09/25 12:38:11.000454983  length=4 from=1410066 to=1410069
[2025-09-25 12:38:11]  00 00 00 00                                      ....
[2025-09-25 12:38:11] --
[2025-09-25 12:38:11] 2025/09/25 12:38:11 socat[67544] N write(6, 0x5f8a4e76c000, 4) completed
[2025-09-25 12:38:11] < 2025/09/25 12:38:11.000455083  length=4 from=1410070 to=1410073
[2025-09-25 12:38:11]  00 df 21 00                                      ..!.
[2025-09-25 12:38:11] --
[2025-09-25 12:38:11] 2025/09/25 12:38:11 socat[67544] N write(6, 0x5f8a4e76c000, 4) completed
[2025-09-25 12:38:11] < 2025/09/25 12:38:11.000455106  length=4 from=1410074 to=1410077
[2025-09-25 12:38:11]  00 00 00 00                                      ....
[2025-09-25 12:38:11] --
[2025-09-25 12:38:11] 2025/09/25 12:38:11 socat[67544] N write(6, 0x5f8a4e76c000, 4) completed
[2025-09-25 12:38:11] < 2025/09/25 12:38:11.000455128  length=4 from=1410078 to=1410081
[2025-09-25 12:38:11]  00 00 00 00                                      ....
[2025-09-25 12:38:11] --
[2025-09-25 12:38:11] 2025/09/25 12:38:11 socat[67544] N write(6, 0x5f8a4e76c000, 4) completed
[2025-09-25 12:38:11] < 2025/09/25 12:38:11.000455177  length=4 from=1410082 to=1410085
[2025-09-25 12:38:11]  00 00 00 00                                      ....
[2025-09-25 12:38:11] --
[2025-09-25 12:38:11] 2025/09/25 12:38:11 socat[67544] N write(6, 0x5f8a4e76c000, 4) completed
[2025-09-25 12:38:11] < 2025/09/25 12:38:11.000455203  length=4 from=1410086 to=1410089
[2025-09-25 12:38:11]  00 00 00 00                                      ....
[2025-09-25 12:38:11] --
[2025-09-25 12:38:11] 2025/09/25 12:38:11 socat[67544] N write(6, 0x5f8a4e76c000, 4) completed
[2025-09-25 12:38:11] < 2025/09/25 12:38:11.000455224  length=4 from=1410090 to=1410093
[2025-09-25 12:38:11]  00 00 00 00                                      ....
[2025-09-25 12:38:11] --
[2025-09-25 12:38:11] 2025/09/25 12:38:11 socat[67544] N write(6, 0x5f8a4e76c000, 4) completed
[2025-09-25 12:38:11] < 2025/09/25 12:38:11.000455248  length=4 from=1410094 to=1410097
[2025-09-25 12:38:11]  00 00 00 00                                      ....
[2025-09-25 12:38:11] --
[2025-09-25 12:38:11] 2025/09/25 12:38:11 socat[67544] N write(6, 0x5f8a4e76c000, 4) completed
[2025-09-25 12:38:11] < 2025/09/25 12:38:11.000455269  length=4 from=1410098 to=1410101
[2025-09-25 12:38:11]  00 00 00 00                                      ....
[2025-09-25 12:38:11] --
[2025-09-25 12:38:11] 2025/09/25 12:38:11 socat[67544] N write(6, 0x5f8a4e76c000, 4) completed
[2025-09-25 12:38:11] < 2025/09/25 12:38:11.000455290  length=4 from=1410102 to=1410105
[2025-09-25 12:38:11]  00 00 00 df                                      ....
[2025-09-25 12:38:11] --
[2025-09-25 12:38:11] 2025/09/25 12:38:11 socat[67544] N write(6, 0x5f8a4e76c000, 4) completed
[2025-09-25 12:38:11] < 2025/09/25 12:38:11.000455313  length=4 from=1410106 to=1410109
[2025-09-25 12:38:11]  21 00 00 00                                      !...
[2025-09-25 12:38:11] --
[2025-09-25 12:38:11] 2025/09/25 12:38:11 socat[67544] N write(6, 0x5f8a4e76c000, 4) completed
[2025-09-25 12:38:11] < 2025/09/25 12:38:11.000455337  length=4 from=1410110 to=1410113
[2025-09-25 12:38:11]  00 00 00 00                                      ....
[2025-09-25 12:38:11] --
[2025-09-25 12:38:11] 2025/09/25 12:38:11 socat[67544] N write(6, 0x5f8a4e76c000, 4) completed
[2025-09-25 12:38:11] < 2025/09/25 12:38:11.000455360  length=4 from=1410114 to=1410117
[2025-09-25 12:38:11]  00 00 00 00                                      ....
[2025-09-25 12:38:11] --
[2025-09-25 12:38:11] 2025/09/25 12:38:11 socat[67544] N write(6, 0x5f8a4e76c000, 4) completed
[2025-09-25 12:38:11] < 2025/09/25 12:38:11.000455384  length=4 from=1410118 to=1410121
[2025-09-25 12:38:11]  00 00 00 00                                      ....
[2025-09-25 12:38:11] --
[2025-09-25 12:38:11] 2025/09/25 12:38:11 socat[67544] N write(6, 0x5f8a4e76c000, 4) completed
[2025-09-25 12:38:11] < 2025/09/25 12:38:11.000455409  length=4 from=1410122 to=1410125
[2025-09-25 12:38:11]  00 00 00 00                                      ....
[2025-09-25 12:38:11] --
[2025-09-25 12:38:11] 2025/09/25 12:38:11 socat[67544] N write(6, 0x5f8a4e76c000, 4) completed
[2025-09-25 12:38:11] < 2025/09/25 12:38:11.000455430  length=4 from=1410126 to=1410129
[2025-09-25 12:38:11]  00 00 00 00                                      ....
[2025-09-25 12:38:11] --
[2025-09-25 12:38:11] 2025/09/25 12:38:11 socat[67544] N write(6, 0x5f8a4e76c000, 4) completed
[2025-09-25 12:38:11] < 2025/09/25 12:38:11.000455451  length=4 from=1410130 to=1410133
[2025-09-25 12:38:11]  00 00 00 00                                      ....
[2025-09-25 12:38:11] --
[2025-09-25 12:38:11] 2025/09/25 12:38:11 socat[67544] N write(6, 0x5f8a4e76c000, 4) completed
[2025-09-25 12:38:11] < 2025/09/25 12:38:11.000455474  length=4 from=1410134 to=1410137
[2025-09-25 12:38:11]  00 00 00 00                                      ....
[2025-09-25 12:38:11] --
[2025-09-25 12:38:11] 2025/09/25 12:38:11 socat[67544] N write(6, 0x5f8a4e76c000, 4) completed
[2025-09-25 12:38:11] < 2025/09/25 12:38:11.000455495  length=4 from=1410138 to=1410141
[2025-09-25 12:38:11]  00 df 21 00                                      ..!.
[2025-09-25 12:38:11] --
[2025-09-25 12:38:11] 2025/09/25 12:38:11 socat[67544] N write(6, 0x5f8a4e76c000, 4) completed
[2025-09-25 12:38:11] < 2025/09/25 12:38:11.000455516  length=4 from=1410142 to=1410145
[2025-09-25 12:38:11]  00 00 00 00                                      ....
[2025-09-25 12:38:11] --
[2025-09-25 12:38:11] 2025/09/25 12:38:11 socat[67544] N write(6, 0x5f8a4e76c000, 4) completed
[2025-09-25 12:38:11] < 2025/09/25 12:38:11.000455537  length=4 from=1410146 to=1410149
[2025-09-25 12:38:11]  00 00 00 00                                      ....
[2025-09-25 12:38:11] --
[2025-09-25 12:38:11] 2025/09/25 12:38:11 socat[67544] N write(6, 0x5f8a4e76c000, 4) completed
[2025-09-25 12:38:11] < 2025/09/25 12:38:11.000455560  length=4 from=1410150 to=1410153
[2025-09-25 12:38:11]  00 00 00 00                                      ....
[2025-09-25 12:38:11] --
[2025-09-25 12:38:11] 2025/09/25 12:38:11 socat[67544] N write(6, 0x5f8a4e76c000, 4) completed
[2025-09-25 12:38:11] < 2025/09/25 12:38:11.000455585  length=4 from=1410154 to=1410157
[2025-09-25 12:38:11]  00 00 00 00                                      ....
[2025-09-25 12:38:11] --
[2025-09-25 12:38:11] 2025/09/25 12:38:11 socat[67544] N write(6, 0x5f8a4e76c000, 4) completed
[2025-09-25 12:38:11] < 2025/09/25 12:38:11.000455606  length=4 from=1410158 to=1410161
[2025-09-25 12:38:11]  00 00 00 00                                      ....
[2025-09-25 12:38:11] --
[2025-09-25 12:38:11] 2025/09/25 12:38:11 socat[67544] N write(6, 0x5f8a4e76c000, 4) completed
[2025-09-25 12:38:11] < 2025/09/25 12:38:11.000455630  length=4 from=1410162 to=1410165
[2025-09-25 12:38:11]  00 00 00 00                                      ....
[2025-09-25 12:38:11] --
[2025-09-25 12:38:11] 2025/09/25 12:38:11 socat[67544] N write(6, 0x5f8a4e76c000, 4) completed
[2025-09-25 12:38:11] < 2025/09/25 12:38:11.000455650  length=4 from=1410166 to=1410169
[2025-09-25 12:38:11]  00 00 00 00                                      ....
[2025-09-25 12:38:11] --
[2025-09-25 12:38:11] 2025/09/25 12:38:11 socat[67544] N write(6, 0x5f8a4e76c000, 4) completed
[2025-09-25 12:38:11] < 2025/09/25 12:38:11.000455673  length=4 from=1410170 to=1410173
[2025-09-25 12:38:11]  00 00 00 df                                      ....
[2025-09-25 12:38:11] --
[2025-09-25 12:38:11] 2025/09/25 12:38:11 socat[67544] N write(6, 0x5f8a4e76c000, 4) completed
[2025-09-25 12:38:11] < 2025/09/25 12:38:11.000455695  length=4 from=1410174 to=1410177
[2025-09-25 12:38:11]  21 00 00 00                                      !...
[2025-09-25 12:38:11] --
[2025-09-25 12:38:11] 2025/09/25 12:38:11 socat[67544] N write(6, 0x5f8a4e76c000, 4) completed
[2025-09-25 12:38:11] < 2025/09/25 12:38:11.000455717  length=4 from=1410178 to=1410181
[2025-09-25 12:38:11]  00 00 00 00                                      ....
[2025-09-25 12:38:11] --
[2025-09-25 12:38:11] 2025/09/25 12:38:11 socat[67544] N write(6, 0x5f8a4e76c000, 4) completed
[2025-09-25 12:38:11] < 2025/09/25 12:38:11.000455741  length=4 from=1410182 to=1410185
[2025-09-25 12:38:11]  00 00 00 00                                      ....
[2025-09-25 12:38:11] --
[2025-09-25 12:38:11] 2025/09/25 12:38:11 socat[67544] N write(6, 0x5f8a4e76c000, 4) completed
[2025-09-25 12:38:11] < 2025/09/25 12:38:11.000455762  length=4 from=1410186 to=1410189
[2025-09-25 12:38:11]  00 00 00 00                                      ....
[2025-09-25 12:38:11] --
[2025-09-25 12:38:11] 2025/09/25 12:38:11 socat[67544] N write(6, 0x5f8a4e76c000, 4) completed
[2025-09-25 12:38:11] < 2025/09/25 12:38:11.000455831  length=4 from=1410190 to=1410193
[2025-09-25 12:38:11]  00 00 00 00                                      ....
[2025-09-25 12:38:11] --
[2025-09-25 12:38:11] 2025/09/25 12:38:11 socat[67544] N write(6, 0x5f8a4e76c000, 4) completed
[2025-09-25 12:38:11] < 2025/09/25 12:38:11.000455857  length=4 from=1410194 to=1410197
[2025-09-25 12:38:11]  00 00 00 00                                      ....
[2025-09-25 12:38:11] --
[2025-09-25 12:38:11] 2025/09/25 12:38:11 socat[67544] N write(6, 0x5f8a4e76c000, 4) completed
[2025-09-25 12:38:11] < 2025/09/25 12:38:11.000455878  length=4 from=1410198 to=1410201
[2025-09-25 12:38:11]  00 00 00 00                                      ....
[2025-09-25 12:38:11] --
[2025-09-25 12:38:11] 2025/09/25 12:38:11 socat[67544] N write(6, 0x5f8a4e76c000, 4) completed
[2025-09-25 12:38:11] < 2025/09/25 12:38:11.000455900  length=4 from=1410202 to=1410205
[2025-09-25 12:38:11]  00 00 00 00                                      ....
[2025-09-25 12:38:11] --
[2025-09-25 12:38:11] 2025/09/25 12:38:11 socat[67544] N write(6, 0x5f8a4e76c000, 4) completed
[2025-09-25 12:38:11] < 2025/09/25 12:38:11.000455923  length=4 from=1410206 to=1410209
[2025-09-25 12:38:11]  00 df 21 00                                      ..!.
[2025-09-25 12:38:11] --
[2025-09-25 12:38:11] 2025/09/25 12:38:11 socat[67544] N write(6, 0x5f8a4e76c000, 4) completed
[2025-09-25 12:38:11] < 2025/09/25 12:38:11.000455944  length=4 from=1410210 to=1410213
[2025-09-25 12:38:11]  00 00 00 00                                      ....
[2025-09-25 12:38:11] --
[2025-09-25 12:38:11] 2025/09/25 12:38:11 socat[67544] N write(6, 0x5f8a4e76c000, 4) completed
[2025-09-25 12:38:11] < 2025/09/25 12:38:11.000455981  length=4 from=1410214 to=1410217
[2025-09-25 12:38:11]  00 00 00 00                                      ....
[2025-09-25 12:38:11] --
[2025-09-25 12:38:11] 2025/09/25 12:38:11 socat[67544] N write(6, 0x5f8a4e76c000, 4) completed
[2025-09-25 12:38:11] < 2025/09/25 12:38:11.000456004  length=4 from=1410218 to=1410221
[2025-09-25 12:38:11]  00 00 00 00                                      ....
[2025-09-25 12:38:11] --
[2025-09-25 12:38:11] 2025/09/25 12:38:11 socat[67544] N write(6, 0x5f8a4e76c000, 4) completed
[2025-09-25 12:38:11] < 2025/09/25 12:38:11.000456025  length=4 from=1410222 to=1410225
[2025-09-25 12:38:11]  00 00 00 00                                      ....
[2025-09-25 12:38:11] --
[2025-09-25 12:38:11] 2025/09/25 12:38:11 socat[67544] N write(6, 0x5f8a4e76c000, 4) completed
[2025-09-25 12:38:11] < 2025/09/25 12:38:11.000456048  length=4 from=1410226 to=1410229
[2025-09-25 12:38:11]  00 00 00 00                                      ....
[2025-09-25 12:38:11] --
[2025-09-25 12:38:11] 2025/09/25 12:38:11 socat[67544] N write(6, 0x5f8a4e76c000, 4) completed
[2025-09-25 12:38:11] < 2025/09/25 12:38:11.000456069  length=4 from=1410230 to=1410233
[2025-09-25 12:38:11]  00 00 00 00                                      ....
[2025-09-25 12:38:11] --
[2025-09-25 12:38:11] 2025/09/25 12:38:11 socat[67544] N write(6, 0x5f8a4e76c000, 4) completed
[2025-09-25 12:38:11] < 2025/09/25 12:38:11.000456091  length=4 from=1410234 to=1410237
[2025-09-25 12:38:11]  00 00 00 00                                      ....
[2025-09-25 12:38:11] --
[2025-09-25 12:38:11] 2025/09/25 12:38:11 socat[67544] N write(6, 0x5f8a4e76c000, 4) completed
[2025-09-25 12:38:11] < 2025/09/25 12:38:11.000456124  length=4 from=1410238 to=1410241
[2025-09-25 12:38:11]  00 00 00 df                                      ....
[2025-09-25 12:38:11] --
[2025-09-25 12:38:11] 2025/09/25 12:38:11 socat[67544] N write(6, 0x5f8a4e76c000, 4) completed
[2025-09-25 12:38:11] < 2025/09/25 12:38:11.000456146  length=4 from=1410242 to=1410245
[2025-09-25 12:38:11]  21 00 00 00                                      !...
[2025-09-25 12:38:11] --
[2025-09-25 12:38:11] 2025/09/25 12:38:11 socat[67544] N write(6, 0x5f8a4e76c000, 4) completed
[2025-09-25 12:38:11] < 2025/09/25 12:38:11.000456169  length=4 from=1410246 to=1410249
[2025-09-25 12:38:11]  00 00 00 00                                      ....
[2025-09-25 12:38:11] --
[2025-09-25 12:38:11] 2025/09/25 12:38:11 socat[67544] N write(6, 0x5f8a4e76c000, 4) completed
[2025-09-25 12:38:11] < 2025/09/25 12:38:11.000456190  length=4 from=1410250 to=1410253
[2025-09-25 12:38:11]  00 00 00 00                                      ....
[2025-09-25 12:38:11] --
[2025-09-25 12:38:11] 2025/09/25 12:38:11 socat[67544] N write(6, 0x5f8a4e76c000, 4) completed
[2025-09-25 12:38:11] < 2025/09/25 12:38:11.000456212  length=4 from=1410254 to=1410257
[2025-09-25 12:38:11]  00 00 00 00                                      ....
[2025-09-25 12:38:11] --
[2025-09-25 12:38:11] 2025/09/25 12:38:11 socat[67544] N write(6, 0x5f8a4e76c000, 4) completed
[2025-09-25 12:38:11] < 2025/09/25 12:38:11.000456233  length=4 from=1410258 to=1410261
[2025-09-25 12:38:11]  00 00 00 00                                      ....
[2025-09-25 12:38:11] --
[2025-09-25 12:38:11] 2025/09/25 12:38:11 socat[67544] N write(6, 0x5f8a4e76c000, 4) completed
[2025-09-25 12:38:11] < 2025/09/25 12:38:11.000456255  length=4 from=1410262 to=1410265
[2025-09-25 12:38:11]  00 00 00 00                                      ....
[2025-09-25 12:38:11] --
[2025-09-25 12:38:11] 2025/09/25 12:38:11 socat[67544] N write(6, 0x5f8a4e76c000, 4) completed
[2025-09-25 12:38:11] < 2025/09/25 12:38:11.000456284  length=4 from=1410266 to=1410269
[2025-09-25 12:38:11]  00 00 00 00                                      ....
[2025-09-25 12:38:11] --
[2025-09-25 12:38:11] 2025/09/25 12:38:11 socat[67544] N write(6, 0x5f8a4e76c000, 4) completed
[2025-09-25 12:38:11] < 2025/09/25 12:38:11.000456305  length=4 from=1410270 to=1410273
[2025-09-25 12:38:11]  00 00 00 00                                      ....
[2025-09-25 12:38:11] --
[2025-09-25 12:38:11] 2025/09/25 12:38:11 socat[67544] N write(6, 0x5f8a4e76c000, 4) completed
[2025-09-25 12:38:11] < 2025/09/25 12:38:11.000456327  length=4 from=1410274 to=1410277
[2025-09-25 12:38:11]  00 df 21 00                                      ..!.
[2025-09-25 12:38:11] --
[2025-09-25 12:38:11] 2025/09/25 12:38:11 socat[67544] N write(6, 0x5f8a4e76c000, 4) completed
[2025-09-25 12:38:11] < 2025/09/25 12:38:11.000456349  length=4 from=1410278 to=1410281
[2025-09-25 12:38:11]  00 00 00 00                                      ....
[2025-09-25 12:38:11] --
[2025-09-25 12:38:11] 2025/09/25 12:38:11 socat[67544] N write(6, 0x5f8a4e76c000, 4) completed
[2025-09-25 12:38:11] < 2025/09/25 12:38:11.000456372  length=4 from=1410282 to=1410285
[2025-09-25 12:38:11]  00 00 00 00                                      ....
[2025-09-25 12:38:11] --
[2025-09-25 12:38:11] 2025/09/25 12:38:11 socat[67544] N write(6, 0x5f8a4e76c000, 4) completed
[2025-09-25 12:38:11] < 2025/09/25 12:38:11.000456393  length=4 from=1410286 to=1410289
[2025-09-25 12:38:11]  00 00 00 00                                      ....
[2025-09-25 12:38:11] --
[2025-09-25 12:38:11] 2025/09/25 12:38:11 socat[67544] N write(6, 0x5f8a4e76c000, 4) completed
[2025-09-25 12:38:11] < 2025/09/25 12:38:11.000456414  length=4 from=1410290 to=1410293
[2025-09-25 12:38:11]  00 00 00 00                                      ....
[2025-09-25 12:38:11] --
[2025-09-25 12:38:11] 2025/09/25 12:38:11 socat[67544] N write(6, 0x5f8a4e76c000, 4) completed
[2025-09-25 12:38:11] < 2025/09/25 12:38:11.000456440  length=4 from=1410294 to=1410297
[2025-09-25 12:38:11]  00 00 00 00                                      ....
[2025-09-25 12:38:11] --
[2025-09-25 12:38:11] 2025/09/25 12:38:11 socat[67544] N write(6, 0x5f8a4e76c000, 4) completed
[2025-09-25 12:38:11] < 2025/09/25 12:38:11.000456461  length=4 from=1410298 to=1410301
[2025-09-25 12:38:11]  00 00 00 00                                      ....
[2025-09-25 12:38:11] --
[2025-09-25 12:38:11] 2025/09/25 12:38:11 socat[67544] N write(6, 0x5f8a4e76c000, 4) completed
[2025-09-25 12:38:11] < 2025/09/25 12:38:11.000456481  length=4 from=1410302 to=1410305
[2025-09-25 12:38:11]  00 00 00 00                                      ....
[2025-09-25 12:38:11] --
[2025-09-25 12:38:11] 2025/09/25 12:38:11 socat[67544] N write(6, 0x5f8a4e76c000, 4) completed
[2025-09-25 12:38:11] < 2025/09/25 12:38:11.000456504  length=4 from=1410306 to=1410309
[2025-09-25 12:38:11]  00 00 00 df                                      ....
[2025-09-25 12:38:11] --
[2025-09-25 12:38:11] 2025/09/25 12:38:11 socat[67544] N write(6, 0x5f8a4e76c000, 4) completed
[2025-09-25 12:38:11] < 2025/09/25 12:38:11.000456526  length=4 from=1410310 to=1410313
[2025-09-25 12:38:11]  21 00 00 00                                      !...
[2025-09-25 12:38:11] --
[2025-09-25 12:38:11] 2025/09/25 12:38:11 socat[67544] N write(6, 0x5f8a4e76c000, 4) completed
[2025-09-25 12:38:11] < 2025/09/25 12:38:11.000456549  length=4 from=1410314 to=1410317
[2025-09-25 12:38:11]  00 00 00 00                                      ....
[2025-09-25 12:38:11] --
[2025-09-25 12:38:11] 2025/09/25 12:38:11 socat[67544] N write(6, 0x5f8a4e76c000, 4) completed
[2025-09-25 12:38:11] < 2025/09/25 12:38:11.000456571  length=4 from=1410318 to=1410321
[2025-09-25 12:38:11]  00 00 00 00                                      ....
[2025-09-25 12:38:11] --
[2025-09-25 12:38:11] 2025/09/25 12:38:11 socat[67544] N write(6, 0x5f8a4e76c000, 4) completed
[2025-09-25 12:38:11] < 2025/09/25 12:38:11.000526919  length=4 from=1410322 to=1410325
[2025-09-25 12:38:11]  00 00 00 00                                      ....
[2025-09-25 12:38:11] --
[2025-09-25 12:38:11] 2025/09/25 12:38:11 socat[67544] N write(6, 0x5f8a4e76c000, 4) completed
[2025-09-25 12:38:11] < 2025/09/25 12:38:11.000527011  length=4 from=1410326 to=1410329
[2025-09-25 12:38:11]  00 00 00 00                                      ....
[2025-09-25 12:38:11] --
[2025-09-25 12:38:11] 2025/09/25 12:38:11 socat[67544] N write(6, 0x5f8a4e76c000, 4) completed
[2025-09-25 12:38:11] < 2025/09/25 12:38:11.000527033  length=4 from=1410330 to=1410333
[2025-09-25 12:38:11]  00 00 00 00                                      ....
[2025-09-25 12:38:11] --
[2025-09-25 12:38:11] 2025/09/25 12:38:11 socat[67544] N write(6, 0x5f8a4e76c000, 4) completed
[2025-09-25 12:38:11] < 2025/09/25 12:38:11.000527056  length=4 from=1410334 to=1410337
[2025-09-25 12:38:11]  00 00 00 00                                      ....
[2025-09-25 12:38:11] --
[2025-09-25 12:38:11] 2025/09/25 12:38:11 socat[67544] N write(6, 0x5f8a4e76c000, 4) completed
[2025-09-25 12:38:11] < 2025/09/25 12:38:11.000527075  length=4 from=1410338 to=1410341
[2025-09-25 12:38:11]  00 00 00 00                                      ....
[2025-09-25 12:38:11] --
[2025-09-25 12:38:11] 2025/09/25 12:38:11 socat[67544] N write(6, 0x5f8a4e76c000, 4) completed
[2025-09-25 12:38:11] < 2025/09/25 12:38:11.000527093  length=4 from=1410342 to=1410345
[2025-09-25 12:38:11]  00 df 21 00                                      ..!.
[2025-09-25 12:38:11] --
[2025-09-25 12:38:11] 2025/09/25 12:38:11 socat[67544] N write(6, 0x5f8a4e76c000, 4) completed
[2025-09-25 12:38:11] < 2025/09/25 12:38:11.000527112  length=4 from=1410346 to=1410349
[2025-09-25 12:38:11]  00 00 00 00                                      ....
[2025-09-25 12:38:11] --
[2025-09-25 12:38:11] 2025/09/25 12:38:11 socat[67544] N write(6, 0x5f8a4e76c000, 4) completed
[2025-09-25 12:38:11] < 2025/09/25 12:38:11.000527130  length=4 from=1410350 to=1410353
[2025-09-25 12:38:11]  00 00 00 00                                      ....
[2025-09-25 12:38:11] --
[2025-09-25 12:38:11] 2025/09/25 12:38:11 socat[67544] N write(6, 0x5f8a4e76c000, 4) completed
[2025-09-25 12:38:11] < 2025/09/25 12:38:11.000527149  length=4 from=1410354 to=1410357
[2025-09-25 12:38:11]  00 00 00 00                                      ....
[2025-09-25 12:38:11] --
[2025-09-25 12:38:11] 2025/09/25 12:38:11 socat[67544] N write(6, 0x5f8a4e76c000, 4) completed
[2025-09-25 12:38:11] < 2025/09/25 12:38:11.000527167  length=4 from=1410358 to=1410361
[2025-09-25 12:38:11]  00 00 00 00                                      ....
[2025-09-25 12:38:11] --
[2025-09-25 12:38:11] 2025/09/25 12:38:11 socat[67544] N write(6, 0x5f8a4e76c000, 4) completed
[2025-09-25 12:38:11] < 2025/09/25 12:38:11.000527185  length=4 from=1410362 to=1410365
[2025-09-25 12:38:11]  00 00 00 00                                      ....
[2025-09-25 12:38:11] --
[2025-09-25 12:38:11] 2025/09/25 12:38:11 socat[67544] N write(6, 0x5f8a4e76c000, 4) completed
[2025-09-25 12:38:11] < 2025/09/25 12:38:11.000527204  length=4 from=1410366 to=1410369
[2025-09-25 12:38:11]  00 00 00 00                                      ....
[2025-09-25 12:38:11] --
[2025-09-25 12:38:11] 2025/09/25 12:38:11 socat[67544] N write(6, 0x5f8a4e76c000, 4) completed
[2025-09-25 12:38:11] < 2025/09/25 12:38:11.000527222  length=4 from=1410370 to=1410373
[2025-09-25 12:38:11]  00 00 00 00                                      ....
[2025-09-25 12:38:11] --
[2025-09-25 12:38:11] 2025/09/25 12:38:11 socat[67544] N write(6, 0x5f8a4e76c000, 4) completed
[2025-09-25 12:38:11] < 2025/09/25 12:38:11.000527241  length=4 from=1410374 to=1410377
[2025-09-25 12:38:11]  00 00 00 df                                      ....
[2025-09-25 12:38:11] --
[2025-09-25 12:38:11] 2025/09/25 12:38:11 socat[67544] N write(6, 0x5f8a4e76c000, 4) completed
[2025-09-25 12:38:11] < 2025/09/25 12:38:11.000527259  length=4 from=1410378 to=1410381
[2025-09-25 12:38:11]  21 00 00 00                                      !...
[2025-09-25 12:38:11] --
[2025-09-25 12:38:11] 2025/09/25 12:38:11 socat[67544] N write(6, 0x5f8a4e76c000, 4) completed
[2025-09-25 12:38:11] < 2025/09/25 12:38:11.000527277  length=4 from=1410382 to=1410385
[2025-09-25 12:38:11]  00 00 00 00                                      ....
[2025-09-25 12:38:11] --
[2025-09-25 12:38:11] 2025/09/25 12:38:11 socat[67544] N write(6, 0x5f8a4e76c000, 4) completed
[2025-09-25 12:38:11] < 2025/09/25 12:38:11.000527296  length=4 from=1410386 to=1410389
[2025-09-25 12:38:11]  00 00 00 00                                      ....
[2025-09-25 12:38:11] --
[2025-09-25 12:38:11] 2025/09/25 12:38:11 socat[67544] N write(6, 0x5f8a4e76c000, 4) completed
[2025-09-25 12:38:11] < 2025/09/25 12:38:11.000527314  length=4 from=1410390 to=1410393
[2025-09-25 12:38:11]  00 00 00 00                                      ....
[2025-09-25 12:38:11] --
[2025-09-25 12:38:11] 2025/09/25 12:38:11 socat[67544] N write(6, 0x5f8a4e76c000, 4) completed
[2025-09-25 12:38:11] < 2025/09/25 12:38:11.000527332  length=4 from=1410394 to=1410397
[2025-09-25 12:38:11]  00 00 00 00                                      ....
[2025-09-25 12:38:11] --
[2025-09-25 12:38:11] 2025/09/25 12:38:11 socat[67544] N write(6, 0x5f8a4e76c000, 4) completed
[2025-09-25 12:38:11] < 2025/09/25 12:38:11.000527351  length=4 from=1410398 to=1410401
[2025-09-25 12:38:11]  00 00 00 00                                      ....
[2025-09-25 12:38:11] --
[2025-09-25 12:38:11] 2025/09/25 12:38:11 socat[67544] N write(6, 0x5f8a4e76c000, 4) completed
[2025-09-25 12:38:11] < 2025/09/25 12:38:11.000527369  length=4 from=1410402 to=1410405
[2025-09-25 12:38:11]  00 00 00 00                                      ....
[2025-09-25 12:38:11] --
[2025-09-25 12:38:11] 2025/09/25 12:38:11 socat[67544] N write(6, 0x5f8a4e76c000, 4) completed
[2025-09-25 12:38:11] < 2025/09/25 12:38:11.000527390  length=4 from=1410406 to=1410409
[2025-09-25 12:38:11]  00 00 00 00                                      ....
[2025-09-25 12:38:11] --
[2025-09-25 12:38:11] 2025/09/25 12:38:11 socat[67544] N write(6, 0x5f8a4e76c000, 4) completed
[2025-09-25 12:38:11] < 2025/09/25 12:38:11.000527408  length=4 from=1410410 to=1410413
[2025-09-25 12:38:11]  00 df 21 00                                      ..!.
[2025-09-25 12:38:11] --
[2025-09-25 12:38:11] 2025/09/25 12:38:11 socat[67544] N write(6, 0x5f8a4e76c000, 4) completed
[2025-09-25 12:38:11] < 2025/09/25 12:38:11.000527427  length=4 from=1410414 to=1410417
[2025-09-25 12:38:11]  00 00 00 00                                      ....
[2025-09-25 12:38:11] --
[2025-09-25 12:38:11] 2025/09/25 12:38:11 socat[67544] N write(6, 0x5f8a4e76c000, 4) completed
[2025-09-25 12:38:11] < 2025/09/25 12:38:11.000527445  length=4 from=1410418 to=1410421
[2025-09-25 12:38:11]  00 00 00 00                                      ....
[2025-09-25 12:38:11] --
[2025-09-25 12:38:11] 2025/09/25 12:38:11 socat[67544] N write(6, 0x5f8a4e76c000, 4) completed
[2025-09-25 12:38:11] < 2025/09/25 12:38:11.000527463  length=4 from=1410422 to=1410425
[2025-09-25 12:38:11]  00 00 00 00                                      ....
[2025-09-25 12:38:11] --
[2025-09-25 12:38:11] 2025/09/25 12:38:11 socat[67544] N write(6, 0x5f8a4e76c000, 4) completed
[2025-09-25 12:38:11] < 2025/09/25 12:38:11.000527482  length=4 from=1410426 to=1410429
[2025-09-25 12:38:11]  00 00 00 00                                      ....
[2025-09-25 12:38:11] --
[2025-09-25 12:38:11] 2025/09/25 12:38:11 socat[67544] N write(6, 0x5f8a4e76c000, 4) completed
[2025-09-25 12:38:11] < 2025/09/25 12:38:11.000527500  length=4 from=1410430 to=1410433
[2025-09-25 12:38:11]  00 00 00 00                                      ....
[2025-09-25 12:38:11] --
[2025-09-25 12:38:11] 2025/09/25 12:38:11 socat[67544] N write(6, 0x5f8a4e76c000, 4) completed
[2025-09-25 12:38:11] < 2025/09/25 12:38:11.000527518  length=4 from=1410434 to=1410437
[2025-09-25 12:38:11]  00 00 00 00                                      ....
[2025-09-25 12:38:11] --
[2025-09-25 12:38:11] 2025/09/25 12:38:11 socat[67544] N write(6, 0x5f8a4e76c000, 4) completed
[2025-09-25 12:38:11] < 2025/09/25 12:38:11.000527537  length=4 from=1410438 to=1410441
[2025-09-25 12:38:11]  00 00 00 00                                      ....
[2025-09-25 12:38:11] --
[2025-09-25 12:38:11] 2025/09/25 12:38:11 socat[67544] N write(6, 0x5f8a4e76c000, 4) completed
[2025-09-25 12:38:11] < 2025/09/25 12:38:11.000527555  length=4 from=1410442 to=1410445
[2025-09-25 12:38:11]  00 00 00 df                                      ....
[2025-09-25 12:38:11] --
[2025-09-25 12:38:11] 2025/09/25 12:38:11 socat[67544] N write(6, 0x5f8a4e76c000, 4) completed
[2025-09-25 12:38:11] < 2025/09/25 12:38:11.000527574  length=4 from=1410446 to=1410449
[2025-09-25 12:38:11]  21 00 00 00                                      !...
[2025-09-25 12:38:11] --
[2025-09-25 12:38:11] 2025/09/25 12:38:11 socat[67544] N write(6, 0x5f8a4e76c000, 4) completed
[2025-09-25 12:38:11] < 2025/09/25 12:38:11.000527592  length=4 from=1410450 to=1410453
[2025-09-25 12:38:11]  00 00 00 00                                      ....
[2025-09-25 12:38:11] --
[2025-09-25 12:38:11] 2025/09/25 12:38:11 socat[67544] N write(6, 0x5f8a4e76c000, 4) completed
[2025-09-25 12:38:11] < 2025/09/25 12:38:11.000527610  length=4 from=1410454 to=1410457
[2025-09-25 12:38:11]  00 00 00 00                                      ....
[2025-09-25 12:38:11] --
[2025-09-25 12:38:11] 2025/09/25 12:38:11 socat[67544] N write(6, 0x5f8a4e76c000, 4) completed
[2025-09-25 12:38:11] < 2025/09/25 12:38:11.000527629  length=4 from=1410458 to=1410461
[2025-09-25 12:38:11]  00 00 00 00                                      ....
[2025-09-25 12:38:11] --
[2025-09-25 12:38:11] 2025/09/25 12:38:11 socat[67544] N write(6, 0x5f8a4e76c000, 4) completed
[2025-09-25 12:38:11] < 2025/09/25 12:38:11.000527647  length=4 from=1410462 to=1410465
[2025-09-25 12:38:11]  00 00 00 00                                      ....
[2025-09-25 12:38:11] --
[2025-09-25 12:38:11] 2025/09/25 12:38:11 socat[67544] N write(6, 0x5f8a4e76c000, 4) completed
[2025-09-25 12:38:11] < 2025/09/25 12:38:11.000527666  length=4 from=1410466 to=1410469
[2025-09-25 12:38:11]  00 00 00 00                                      ....
[2025-09-25 12:38:11] --
[2025-09-25 12:38:11] 2025/09/25 12:38:11 socat[67544] N write(6, 0x5f8a4e76c000, 4) completed
[2025-09-25 12:38:11] < 2025/09/25 12:38:11.000527684  length=4 from=1410470 to=1410473
[2025-09-25 12:38:11]  00 00 00 00                                      ....
[2025-09-25 12:38:11] --
[2025-09-25 12:38:11] 2025/09/25 12:38:11 socat[67544] N write(6, 0x5f8a4e76c000, 4) completed
[2025-09-25 12:38:11] < 2025/09/25 12:38:11.000527705  length=4 from=1410474 to=1410477
[2025-09-25 12:38:11]  00 00 00 00                                      ....
[2025-09-25 12:38:11] --
[2025-09-25 12:38:11] 2025/09/25 12:38:11 socat[67544] N write(6, 0x5f8a4e76c000, 4) completed
[2025-09-25 12:38:11] < 2025/09/25 12:38:11.000527724  length=4 from=1410478 to=1410481
[2025-09-25 12:38:11]  00 df 21 00                                      ..!.
[2025-09-25 12:38:11] --
[2025-09-25 12:38:11] 2025/09/25 12:38:11 socat[67544] N write(6, 0x5f8a4e76c000, 4) completed
[2025-09-25 12:38:11] < 2025/09/25 12:38:11.000527742  length=4 from=1410482 to=1410485
[2025-09-25 12:38:11]  00 00 00 00                                      ....
[2025-09-25 12:38:11] --
[2025-09-25 12:38:11] 2025/09/25 12:38:11 socat[67544] N write(6, 0x5f8a4e76c000, 4) completed
[2025-09-25 12:38:11] < 2025/09/25 12:38:11.000527761  length=4 from=1410486 to=1410489
[2025-09-25 12:38:11]  00 00 00 00                                      ....
[2025-09-25 12:38:11] --
[2025-09-25 12:38:11] 2025/09/25 12:38:11 socat[67544] N write(6, 0x5f8a4e76c000, 4) completed
[2025-09-25 12:38:11] < 2025/09/25 12:38:11.000527780  length=4 from=1410490 to=1410493
[2025-09-25 12:38:11]  00 00 00 00                                      ....
[2025-09-25 12:38:11] --
[2025-09-25 12:38:11] 2025/09/25 12:38:11 socat[67544] N write(6, 0x5f8a4e76c000, 4) completed
[2025-09-25 12:38:11] < 2025/09/25 12:38:11.000527799  length=4 from=1410494 to=1410497
[2025-09-25 12:38:11]  00 00 00 00                                      ....
[2025-09-25 12:38:11] --
[2025-09-25 12:38:11] 2025/09/25 12:38:11 socat[67544] N write(6, 0x5f8a4e76c000, 4) completed
[2025-09-25 12:38:11] < 2025/09/25 12:38:11.000528269  length=4 from=1410498 to=1410501
[2025-09-25 12:38:11]  00 00 00 00                                      ....
[2025-09-25 12:38:11] --
[2025-09-25 12:38:11] 2025/09/25 12:38:11 socat[67544] N write(6, 0x5f8a4e76c000, 4) completed
[2025-09-25 12:38:11] < 2025/09/25 12:38:11.000528297  length=4 from=1410502 to=1410505
[2025-09-25 12:38:11]  00 00 00 00                                      ....
[2025-09-25 12:38:11] --
[2025-09-25 12:38:11] 2025/09/25 12:38:11 socat[67544] N write(6, 0x5f8a4e76c000, 4) completed
[2025-09-25 12:38:11] < 2025/09/25 12:38:11.000528319  length=4 from=1410506 to=1410509
[2025-09-25 12:38:11]  00 00 00 00                                      ....
[2025-09-25 12:38:11] --
[2025-09-25 12:38:11] 2025/09/25 12:38:11 socat[67544] N write(6, 0x5f8a4e76c000, 4) completed
[2025-09-25 12:38:11] < 2025/09/25 12:38:11.000528341  length=4 from=1410510 to=1410513
[2025-09-25 12:38:11]  00 00 00 df                                      ....
[2025-09-25 12:38:11] --
[2025-09-25 12:38:11] 2025/09/25 12:38:11 socat[67544] N write(6, 0x5f8a4e76c000, 4) completed
[2025-09-25 12:38:11] < 2025/09/25 12:38:11.000528363  length=4 from=1410514 to=1410517
[2025-09-25 12:38:11]  21 00 00 00                                      !...
[2025-09-25 12:38:11] --
[2025-09-25 12:38:11] 2025/09/25 12:38:11 socat[67544] N write(6, 0x5f8a4e76c000, 4) completed
[2025-09-25 12:38:11] < 2025/09/25 12:38:11.000528385  length=4 from=1410518 to=1410521
[2025-09-25 12:38:11]  00 00 00 00                                      ....
[2025-09-25 12:38:11] --
[2025-09-25 12:38:11] 2025/09/25 12:38:11 socat[67544] N write(6, 0x5f8a4e76c000, 4) completed
[2025-09-25 12:38:11] < 2025/09/25 12:38:11.000528407  length=4 from=1410522 to=1410525
[2025-09-25 12:38:11]  00 00 00 00                                      ....
[2025-09-25 12:38:11] --
[2025-09-25 12:38:11] 2025/09/25 12:38:11 socat[67544] N write(6, 0x5f8a4e76c000, 4) completed
[2025-09-25 12:38:11] < 2025/09/25 12:38:11.000528429  length=4 from=1410526 to=1410529
[2025-09-25 12:38:11]  00 00 00 00                                      ....
[2025-09-25 12:38:11] --
[2025-09-25 12:38:11] 2025/09/25 12:38:11 socat[67544] N write(6, 0x5f8a4e76c000, 4) completed
[2025-09-25 12:38:11] < 2025/09/25 12:38:11.000528450  length=4 from=1410530 to=1410533
[2025-09-25 12:38:11]  00 00 00 00                                      ....
[2025-09-25 12:38:11] --
[2025-09-25 12:38:11] 2025/09/25 12:38:11 socat[67544] N write(6, 0x5f8a4e76c000, 4) completed
[2025-09-25 12:38:11] < 2025/09/25 12:38:11.000528470  length=4 from=1410534 to=1410537
[2025-09-25 12:38:11]  00 00 00 00                                      ....
[2025-09-25 12:38:11] --
[2025-09-25 12:38:11] 2025/09/25 12:38:11 socat[67544] N write(6, 0x5f8a4e76c000, 4) completed
[2025-09-25 12:38:11] < 2025/09/25 12:38:11.000528489  length=4 from=1410538 to=1410541
[2025-09-25 12:38:11]  00 00 00 00                                      ....
[2025-09-25 12:38:11] --
[2025-09-25 12:38:11] 2025/09/25 12:38:11 socat[67544] N write(6, 0x5f8a4e76c000, 4) completed
[2025-09-25 12:38:11] < 2025/09/25 12:38:11.000528508  length=4 from=1410542 to=1410545
[2025-09-25 12:38:11]  00 00 00 00                                      ....
[2025-09-25 12:38:11] --
[2025-09-25 12:38:11] 2025/09/25 12:38:11 socat[67544] N write(6, 0x5f8a4e76c000, 4) completed
[2025-09-25 12:38:11] < 2025/09/25 12:38:11.000528527  length=4 from=1410546 to=1410549
[2025-09-25 12:38:11]  00 df 21 00                                      ..!.
[2025-09-25 12:38:11] --
[2025-09-25 12:38:11] 2025/09/25 12:38:11 socat[67544] N write(6, 0x5f8a4e76c000, 4) completed
[2025-09-25 12:38:11] < 2025/09/25 12:38:11.000528548  length=4 from=1410550 to=1410553
[2025-09-25 12:38:11]  00 00 00 00                                      ....
[2025-09-25 12:38:11] --
[2025-09-25 12:38:11] 2025/09/25 12:38:11 socat[67544] N write(6, 0x5f8a4e76c000, 4) completed
[2025-09-25 12:38:11] < 2025/09/25 12:38:11.000528566  length=4 from=1410554 to=1410557
[2025-09-25 12:38:11]  00 00 00 00                                      ....
[2025-09-25 12:38:11] --
[2025-09-25 12:38:11] 2025/09/25 12:38:11 socat[67544] N write(6, 0x5f8a4e76c000, 4) completed
[2025-09-25 12:38:11] < 2025/09/25 12:38:11.000528586  length=4 from=1410558 to=1410561
[2025-09-25 12:38:11]  00 00 00 00                                      ....
[2025-09-25 12:38:11] --
[2025-09-25 12:38:11] 2025/09/25 12:38:11 socat[67544] N write(6, 0x5f8a4e76c000, 4) completed
[2025-09-25 12:38:11] < 2025/09/25 12:38:11.000528606  length=4 from=1410562 to=1410565
[2025-09-25 12:38:11]  00 00 00 00                                      ....
[2025-09-25 12:38:11] --
[2025-09-25 12:38:11] 2025/09/25 12:38:11 socat[67544] N write(6, 0x5f8a4e76c000, 4) completed
[2025-09-25 12:38:11] < 2025/09/25 12:38:11.000528624  length=4 from=1410566 to=1410569
[2025-09-25 12:38:11]  00 00 00 00                                      ....
[2025-09-25 12:38:11] --
[2025-09-25 12:38:11] 2025/09/25 12:38:11 socat[67544] N write(6, 0x5f8a4e76c000, 4) completed
[2025-09-25 12:38:11] < 2025/09/25 12:38:11.000528644  length=4 from=1410570 to=1410573
[2025-09-25 12:38:11]  00 00 00 00                                      ....
[2025-09-25 12:38:11] --
[2025-09-25 12:38:11] 2025/09/25 12:38:11 socat[67544] N write(6, 0x5f8a4e76c000, 4) completed
[2025-09-25 12:38:11] < 2025/09/25 12:38:11.000528664  length=4 from=1410574 to=1410577
[2025-09-25 12:38:11]  00 00 00 00                                      ....
[2025-09-25 12:38:11] --
[2025-09-25 12:38:11] 2025/09/25 12:38:11 socat[67544] N write(6, 0x5f8a4e76c000, 4) completed
[2025-09-25 12:38:11] < 2025/09/25 12:38:11.000600005  length=4 from=1410578 to=1410581
[2025-09-25 12:38:11]  00 00 00 df                                      ....
[2025-09-25 12:38:11] --
[2025-09-25 12:38:11] 2025/09/25 12:38:11 socat[67544] N write(6, 0x5f8a4e76c000, 4) completed
[2025-09-25 12:38:11] < 2025/09/25 12:38:11.000600095  length=4 from=1410582 to=1410585
[2025-09-25 12:38:11]  21 00 00 00                                      !...
[2025-09-25 12:38:11] --
[2025-09-25 12:38:11] 2025/09/25 12:38:11 socat[67544] N write(6, 0x5f8a4e76c000, 4) completed
[2025-09-25 12:38:11] < 2025/09/25 12:38:11.000600117  length=4 from=1410586 to=1410589
[2025-09-25 12:38:11]  00 00 00 00                                      ....
[2025-09-25 12:38:11] --
[2025-09-25 12:38:11] 2025/09/25 12:38:11 socat[67544] N write(6, 0x5f8a4e76c000, 4) completed
[2025-09-25 12:38:11] < 2025/09/25 12:38:11.000600137  length=4 from=1410590 to=1410593
[2025-09-25 12:38:11]  00 00 00 00                                      ....
[2025-09-25 12:38:11] --
[2025-09-25 12:38:11] 2025/09/25 12:38:11 socat[67544] N write(6, 0x5f8a4e76c000, 4) completed
[2025-09-25 12:38:11] < 2025/09/25 12:38:11.000600157  length=4 from=1410594 to=1410597
[2025-09-25 12:38:11]  00 00 00 00                                      ....
[2025-09-25 12:38:11] --
[2025-09-25 12:38:11] 2025/09/25 12:38:11 socat[67544] N write(6, 0x5f8a4e76c000, 4) completed
[2025-09-25 12:38:11] < 2025/09/25 12:38:11.000600181  length=4 from=1410598 to=1410601
[2025-09-25 12:38:11]  00 00 00 00                                      ....
[2025-09-25 12:38:11] --
[2025-09-25 12:38:11] 2025/09/25 12:38:11 socat[67544] N write(6, 0x5f8a4e76c000, 4) completed
[2025-09-25 12:38:11] < 2025/09/25 12:38:11.000600202  length=4 from=1410602 to=1410605
[2025-09-25 12:38:11]  00 00 00 00                                      ....
[2025-09-25 12:38:11] --
[2025-09-25 12:38:11] 2025/09/25 12:38:11 socat[67544] N write(6, 0x5f8a4e76c000, 4) completed
[2025-09-25 12:38:11] < 2025/09/25 12:38:11.000600222  length=4 from=1410606 to=1410609
[2025-09-25 12:38:11]  00 00 00 00                                      ....
[2025-09-25 12:38:11] --
[2025-09-25 12:38:11] 2025/09/25 12:38:11 socat[67544] N write(6, 0x5f8a4e76c000, 4) completed
[2025-09-25 12:38:11] < 2025/09/25 12:38:11.000600242  length=4 from=1410610 to=1410613
[2025-09-25 12:38:11]  00 00 00 00                                      ....
[2025-09-25 12:38:11] --
[2025-09-25 12:38:11] 2025/09/25 12:38:11 socat[67544] N write(6, 0x5f8a4e76c000, 4) completed
[2025-09-25 12:38:11] < 2025/09/25 12:38:11.000600263  length=4 from=1410614 to=1410617
[2025-09-25 12:38:11]  00 df 21 00                                      ..!.
[2025-09-25 12:38:11] --
[2025-09-25 12:38:11] 2025/09/25 12:38:11 socat[67544] N write(6, 0x5f8a4e76c000, 4) completed
[2025-09-25 12:38:11] < 2025/09/25 12:38:11.000600283  length=4 from=1410618 to=1410621
[2025-09-25 12:38:11]  00 00 00 00                                      ....
[2025-09-25 12:38:11] --
[2025-09-25 12:38:11] 2025/09/25 12:38:11 socat[67544] N write(6, 0x5f8a4e76c000, 4) completed
[2025-09-25 12:38:11] < 2025/09/25 12:38:11.000600303  length=4 from=1410622 to=1410625
[2025-09-25 12:38:11]  00 00 00 00                                      ....
[2025-09-25 12:38:11] --
[2025-09-25 12:38:11] 2025/09/25 12:38:11 socat[67544] N write(6, 0x5f8a4e76c000, 4) completed
[2025-09-25 12:38:11] < 2025/09/25 12:38:11.000600323  length=4 from=1410626 to=1410629
[2025-09-25 12:38:11]  00 00 00 00                                      ....
[2025-09-25 12:38:11] --
[2025-09-25 12:38:11] 2025/09/25 12:38:11 socat[67544] N write(6, 0x5f8a4e76c000, 4) completed
[2025-09-25 12:38:11] < 2025/09/25 12:38:11.000600343  length=4 from=1410630 to=1410633
[2025-09-25 12:38:11]  00 00 00 00                                      ....
[2025-09-25 12:38:11] --
[2025-09-25 12:38:11] 2025/09/25 12:38:11 socat[67544] N write(6, 0x5f8a4e76c000, 4) completed
[2025-09-25 12:38:11] < 2025/09/25 12:38:11.000600369  length=4 from=1410634 to=1410637
[2025-09-25 12:38:11]  00 00 00 00                                      ....
[2025-09-25 12:38:11] --
[2025-09-25 12:38:11] 2025/09/25 12:38:11 socat[67544] N write(6, 0x5f8a4e76c000, 4) completed
[2025-09-25 12:38:11] < 2025/09/25 12:38:11.000600393  length=4 from=1410638 to=1410641
[2025-09-25 12:38:11]  00 00 00 00                                      ....
[2025-09-25 12:38:11] --
[2025-09-25 12:38:11] 2025/09/25 12:38:11 socat[67544] N write(6, 0x5f8a4e76c000, 4) completed
[2025-09-25 12:38:11] < 2025/09/25 12:38:11.000600417  length=4 from=1410642 to=1410645
[2025-09-25 12:38:11]  00 00 00 00                                      ....
[2025-09-25 12:38:11] --
[2025-09-25 12:38:11] 2025/09/25 12:38:11 socat[67544] N write(6, 0x5f8a4e76c000, 4) completed
[2025-09-25 12:38:11] < 2025/09/25 12:38:11.000600440  length=4 from=1410646 to=1410649
[2025-09-25 12:38:11]  00 00 00 df                                      ....
[2025-09-25 12:38:11] --
[2025-09-25 12:38:11] 2025/09/25 12:38:11 socat[67544] N write(6, 0x5f8a4e76c000, 4) completed
[2025-09-25 12:38:11] < 2025/09/25 12:38:11.000600463  length=4 from=1410650 to=1410653
[2025-09-25 12:38:11]  21 00 00 00                                      !...
[2025-09-25 12:38:11] --
[2025-09-25 12:38:11] 2025/09/25 12:38:11 socat[67544] N write(6, 0x5f8a4e76c000, 4) completed
[2025-09-25 12:38:11] < 2025/09/25 12:38:11.000600486  length=4 from=1410654 to=1410657
[2025-09-25 12:38:11]  00 00 00 00                                      ....
[2025-09-25 12:38:11] --
[2025-09-25 12:38:11] 2025/09/25 12:38:11 socat[67544] N write(6, 0x5f8a4e76c000, 4) completed
[2025-09-25 12:38:11] < 2025/09/25 12:38:11.000600506  length=4 from=1410658 to=1410661
[2025-09-25 12:38:11]  00 00 00 00                                      ....
[2025-09-25 12:38:11] --
[2025-09-25 12:38:11] 2025/09/25 12:38:11 socat[67544] N write(6, 0x5f8a4e76c000, 4) completed
[2025-09-25 12:38:11] < 2025/09/25 12:38:11.000600529  length=4 from=1410662 to=1410665
[2025-09-25 12:38:11]  00 00 00 00                                      ....
[2025-09-25 12:38:11] --
[2025-09-25 12:38:11] 2025/09/25 12:38:11 socat[67544] N write(6, 0x5f8a4e76c000, 4) completed
[2025-09-25 12:38:11] < 2025/09/25 12:38:11.000600550  length=4 from=1410666 to=1410669
[2025-09-25 12:38:11]  00 00 00 00                                      ....
[2025-09-25 12:38:11] --
[2025-09-25 12:38:11] 2025/09/25 12:38:11 socat[67544] N write(6, 0x5f8a4e76c000, 4) completed
[2025-09-25 12:38:11] < 2025/09/25 12:38:11.000600570  length=4 from=1410670 to=1410673
[2025-09-25 12:38:11]  00 00 00 00                                      ....
[2025-09-25 12:38:11] --
[2025-09-25 12:38:11] 2025/09/25 12:38:11 socat[67544] N write(6, 0x5f8a4e76c000, 4) completed
[2025-09-25 12:38:11] < 2025/09/25 12:38:11.000600592  length=4 from=1410674 to=1410677
[2025-09-25 12:38:11]  00 00 00 00                                      ....
[2025-09-25 12:38:11] --
[2025-09-25 12:38:11] 2025/09/25 12:38:11 socat[67544] N write(6, 0x5f8a4e76c000, 4) completed
[2025-09-25 12:38:11] < 2025/09/25 12:38:11.000600616  length=4 from=1410678 to=1410681
[2025-09-25 12:38:11]  00 00 00 00                                      ....
[2025-09-25 12:38:11] --
[2025-09-25 12:38:11] 2025/09/25 12:38:11 socat[67544] N write(6, 0x5f8a4e76c000, 4) completed
[2025-09-25 12:38:11] < 2025/09/25 12:38:11.000600636  length=4 from=1410682 to=1410685
[2025-09-25 12:38:11]  00 df 21 00                                      ..!.
[2025-09-25 12:38:11] --
[2025-09-25 12:38:11] 2025/09/25 12:38:11 socat[67544] N write(6, 0x5f8a4e76c000, 4) completed
[2025-09-25 12:38:11] < 2025/09/25 12:38:11.000600659  length=4 from=1410686 to=1410689
[2025-09-25 12:38:11]  00 00 00 00                                      ....
[2025-09-25 12:38:11] --
[2025-09-25 12:38:11] 2025/09/25 12:38:11 socat[67544] N write(6, 0x5f8a4e76c000, 4) completed
[2025-09-25 12:38:11] < 2025/09/25 12:38:11.000600682  length=4 from=1410690 to=1410693
[2025-09-25 12:38:11]  00 00 00 00                                      ....
[2025-09-25 12:38:11] --
[2025-09-25 12:38:11] 2025/09/25 12:38:11 socat[67544] N write(6, 0x5f8a4e76c000, 4) completed
[2025-09-25 12:38:11] < 2025/09/25 12:38:11.000600703  length=4 from=1410694 to=1410697
[2025-09-25 12:38:11]  00 00 00 00                                      ....
[2025-09-25 12:38:11] --
[2025-09-25 12:38:11] 2025/09/25 12:38:11 socat[67544] N write(6, 0x5f8a4e76c000, 4) completed
[2025-09-25 12:38:11] < 2025/09/25 12:38:11.000600725  length=4 from=1410698 to=1410701
[2025-09-25 12:38:11]  00 00 00 00                                      ....
[2025-09-25 12:38:11] --
[2025-09-25 12:38:11] 2025/09/25 12:38:11 socat[67544] N write(6, 0x5f8a4e76c000, 4) completed
[2025-09-25 12:38:11] < 2025/09/25 12:38:11.000600745  length=4 from=1410702 to=1410705
[2025-09-25 12:38:11]  00 00 00 00                                      ....
[2025-09-25 12:38:11] --
[2025-09-25 12:38:11] 2025/09/25 12:38:11 socat[67544] N write(6, 0x5f8a4e76c000, 4) completed
[2025-09-25 12:38:11] < 2025/09/25 12:38:11.000600768  length=4 from=1410706 to=1410709
[2025-09-25 12:38:11]  00 00 00 00                                      ....
[2025-09-25 12:38:11] --
[2025-09-25 12:38:11] 2025/09/25 12:38:11 socat[67544] N write(6, 0x5f8a4e76c000, 4) completed
[2025-09-25 12:38:11] < 2025/09/25 12:38:11.000600788  length=4 from=1410710 to=1410713
[2025-09-25 12:38:11]  00 00 00 00                                      ....
[2025-09-25 12:38:11] --
[2025-09-25 12:38:11] 2025/09/25 12:38:11 socat[67544] N write(6, 0x5f8a4e76c000, 4) completed
[2025-09-25 12:38:11] < 2025/09/25 12:38:11.000600809  length=4 from=1410714 to=1410717
[2025-09-25 12:38:11]  00 00 00 df                                      ....
[2025-09-25 12:38:11] --
[2025-09-25 12:38:11] 2025/09/25 12:38:11 socat[67544] N write(6, 0x5f8a4e76c000, 4) completed
[2025-09-25 12:38:11] < 2025/09/25 12:38:11.000600831  length=4 from=1410718 to=1410721
[2025-09-25 12:38:11]  21 00 00 00                                      !...
[2025-09-25 12:38:11] --
[2025-09-25 12:38:11] 2025/09/25 12:38:11 socat[67544] N write(6, 0x5f8a4e76c000, 4) completed
[2025-09-25 12:38:11] < 2025/09/25 12:38:11.000600851  length=4 from=1410722 to=1410725
[2025-09-25 12:38:11]  00 00 00 00                                      ....
[2025-09-25 12:38:11] --
[2025-09-25 12:38:11] 2025/09/25 12:38:11 socat[67544] N write(6, 0x5f8a4e76c000, 4) completed
[2025-09-25 12:38:11] < 2025/09/25 12:38:11.000600874  length=4 from=1410726 to=1410729
[2025-09-25 12:38:11]  00 00 00 00                                      ....
[2025-09-25 12:38:11] --
[2025-09-25 12:38:11] 2025/09/25 12:38:11 socat[67544] N write(6, 0x5f8a4e76c000, 4) completed
[2025-09-25 12:38:11] < 2025/09/25 12:38:11.000600894  length=4 from=1410730 to=1410733
[2025-09-25 12:38:11]  00 00 00 00                                      ....
[2025-09-25 12:38:11] --
[2025-09-25 12:38:11] 2025/09/25 12:38:11 socat[67544] N write(6, 0x5f8a4e76c000, 4) completed
[2025-09-25 12:38:11] < 2025/09/25 12:38:11.000600914  length=4 from=1410734 to=1410737
[2025-09-25 12:38:11]  00 00 00 00                                      ....
[2025-09-25 12:38:11] --
[2025-09-25 12:38:11] 2025/09/25 12:38:11 socat[67544] N write(6, 0x5f8a4e76c000, 4) completed
[2025-09-25 12:38:11] < 2025/09/25 12:38:11.000600938  length=4 from=1410738 to=1410741
[2025-09-25 12:38:11]  00 00 00 00                                      ....
[2025-09-25 12:38:11] --
[2025-09-25 12:38:11] 2025/09/25 12:38:11 socat[67544] N write(6, 0x5f8a4e76c000, 4) completed
[2025-09-25 12:38:11] < 2025/09/25 12:38:11.000600976  length=4 from=1410742 to=1410745
[2025-09-25 12:38:11]  00 00 00 00                                      ....
[2025-09-25 12:38:11] --
[2025-09-25 12:38:11] 2025/09/25 12:38:11 socat[67544] N write(6, 0x5f8a4e76c000, 4) completed
[2025-09-25 12:38:11] < 2025/09/25 12:38:11.000601002  length=4 from=1410746 to=1410749
[2025-09-25 12:38:11]  00 00 00 00                                      ....
[2025-09-25 12:38:11] --
[2025-09-25 12:38:11] 2025/09/25 12:38:11 socat[67544] N write(6, 0x5f8a4e76c000, 4) completed
[2025-09-25 12:38:11] < 2025/09/25 12:38:11.000601022  length=4 from=1410750 to=1410753
[2025-09-25 12:38:11]  00 df 21 00                                      ..!.
[2025-09-25 12:38:11] --
[2025-09-25 12:38:11] 2025/09/25 12:38:11 socat[67544] N write(6, 0x5f8a4e76c000, 4) completed
[2025-09-25 12:38:11] < 2025/09/25 12:38:11.000601044  length=4 from=1410754 to=1410757
[2025-09-25 12:38:11]  00 00 00 00                                      ....
[2025-09-25 12:38:11] --
[2025-09-25 12:38:11] 2025/09/25 12:38:11 socat[67544] N write(6, 0x5f8a4e76c000, 4) completed
[2025-09-25 12:38:11] < 2025/09/25 12:38:11.000601067  length=4 from=1410758 to=1410761
[2025-09-25 12:38:11]  00 00 00 00                                      ....
[2025-09-25 12:38:11] --
[2025-09-25 12:38:11] 2025/09/25 12:38:11 socat[67544] N write(6, 0x5f8a4e76c000, 4) completed
[2025-09-25 12:38:11] < 2025/09/25 12:38:11.000601087  length=4 from=1410762 to=1410765
[2025-09-25 12:38:11]  00 00 00 00                                      ....
[2025-09-25 12:38:11] --
[2025-09-25 12:38:11] 2025/09/25 12:38:11 socat[67544] N write(6, 0x5f8a4e76c000, 4) completed
[2025-09-25 12:38:11] < 2025/09/25 12:38:11.000601109  length=4 from=1410766 to=1410769
[2025-09-25 12:38:11]  00 00 00 00                                      ....
[2025-09-25 12:38:11] --
[2025-09-25 12:38:11] 2025/09/25 12:38:11 socat[67544] N write(6, 0x5f8a4e76c000, 4) completed
[2025-09-25 12:38:11] < 2025/09/25 12:38:11.000601129  length=4 from=1410770 to=1410773
[2025-09-25 12:38:11]  00 00 00 00                                      ....
[2025-09-25 12:38:11] --
[2025-09-25 12:38:11] 2025/09/25 12:38:11 socat[67544] N write(6, 0x5f8a4e76c000, 4) completed
[2025-09-25 12:38:11] < 2025/09/25 12:38:11.000601151  length=4 from=1410774 to=1410777
[2025-09-25 12:38:11]  00 00 00 00                                      ....
[2025-09-25 12:38:11] --
[2025-09-25 12:38:11] 2025/09/25 12:38:11 socat[67544] N write(6, 0x5f8a4e76c000, 4) completed
[2025-09-25 12:38:11] < 2025/09/25 12:38:11.000601173  length=4 from=1410778 to=1410781
[2025-09-25 12:38:11]  00 00 00 00                                      ....
[2025-09-25 12:38:11] --
[2025-09-25 12:38:11] 2025/09/25 12:38:11 socat[67544] N write(6, 0x5f8a4e76c000, 4) completed
[2025-09-25 12:38:11] < 2025/09/25 12:38:11.000601193  length=4 from=1410782 to=1410785
[2025-09-25 12:38:11]  00 00 00 df                                      ....
[2025-09-25 12:38:11] --
[2025-09-25 12:38:11] 2025/09/25 12:38:11 socat[67544] N write(6, 0x5f8a4e76c000, 4) completed
[2025-09-25 12:38:11] < 2025/09/25 12:38:11.000601215  length=4 from=1410786 to=1410789
[2025-09-25 12:38:11]  21 00 00 00                                      !...
[2025-09-25 12:38:11] --
[2025-09-25 12:38:11] 2025/09/25 12:38:11 socat[67544] N write(6, 0x5f8a4e76c000, 4) completed
[2025-09-25 12:38:11] < 2025/09/25 12:38:11.000601235  length=4 from=1410790 to=1410793
[2025-09-25 12:38:11]  00 00 00 00                                      ....
[2025-09-25 12:38:11] --
[2025-09-25 12:38:11] 2025/09/25 12:38:11 socat[67544] N write(6, 0x5f8a4e76c000, 4) completed
[2025-09-25 12:38:11] < 2025/09/25 12:38:11.000601257  length=4 from=1410794 to=1410797
[2025-09-25 12:38:11]  00 00 00 00                                      ....
[2025-09-25 12:38:11] --
[2025-09-25 12:38:11] 2025/09/25 12:38:11 socat[67544] N write(6, 0x5f8a4e76c000, 4) completed
[2025-09-25 12:38:11] < 2025/09/25 12:38:11.000601279  length=4 from=1410798 to=1410801
[2025-09-25 12:38:11]  00 00 00 00                                      ....
[2025-09-25 12:38:11] --
[2025-09-25 12:38:11] 2025/09/25 12:38:11 socat[67544] N write(6, 0x5f8a4e76c000, 4) completed
[2025-09-25 12:38:11] < 2025/09/25 12:38:11.000601300  length=4 from=1410802 to=1410805
[2025-09-25 12:38:11]  00 00 00 00                                      ....
[2025-09-25 12:38:11] --
[2025-09-25 12:38:11] 2025/09/25 12:38:11 socat[67544] N write(6, 0x5f8a4e76c000, 4) completed
[2025-09-25 12:38:11] < 2025/09/25 12:38:11.000601324  length=4 from=1410806 to=1410809
[2025-09-25 12:38:11]  00 00 00 00                                      ....
[2025-09-25 12:38:11] --
[2025-09-25 12:38:11] 2025/09/25 12:38:11 socat[67544] N write(6, 0x5f8a4e76c000, 4) completed
[2025-09-25 12:38:11] < 2025/09/25 12:38:11.000601344  length=4 from=1410810 to=1410813
[2025-09-25 12:38:11]  00 00 00 00                                      ....
[2025-09-25 12:38:11] --
[2025-09-25 12:38:11] 2025/09/25 12:38:11 socat[67544] N write(6, 0x5f8a4e76c000, 4) completed
[2025-09-25 12:38:11] < 2025/09/25 12:38:11.000601366  length=4 from=1410814 to=1410817
[2025-09-25 12:38:11]  00 00 00 00                                      ....
[2025-09-25 12:38:11] --
[2025-09-25 12:38:11] 2025/09/25 12:38:11 socat[67544] N write(6, 0x5f8a4e76c000, 4) completed
[2025-09-25 12:38:11] < 2025/09/25 12:38:11.000601387  length=4 from=1410818 to=1410821
[2025-09-25 12:38:11]  00 df 21 00                                      ..!.
[2025-09-25 12:38:11] --
[2025-09-25 12:38:11] 2025/09/25 12:38:11 socat[67544] N write(6, 0x5f8a4e76c000, 4) completed
[2025-09-25 12:38:11] < 2025/09/25 12:38:11.000601409  length=4 from=1410822 to=1410825
[2025-09-25 12:38:11]  00 00 00 00                                      ....
[2025-09-25 12:38:11] --
[2025-09-25 12:38:11] 2025/09/25 12:38:11 socat[67544] N write(6, 0x5f8a4e76c000, 4) completed
[2025-09-25 12:38:11] < 2025/09/25 12:38:11.000601432  length=4 from=1410826 to=1410829
[2025-09-25 12:38:11]  00 00 00 00                                      ....
[2025-09-25 12:38:11] --
[2025-09-25 12:38:11] 2025/09/25 12:38:11 socat[67544] N write(6, 0x5f8a4e76c000, 4) completed
[2025-09-25 12:38:11] < 2025/09/25 12:38:11.000601452  length=4 from=1410830 to=1410833
[2025-09-25 12:38:11]  00 00 00 00                                      ....
[2025-09-25 12:38:11] --
[2025-09-25 12:38:11] 2025/09/25 12:38:11 socat[67544] N write(6, 0x5f8a4e76c000, 4) completed
[2025-09-25 12:38:11] < 2025/09/25 12:38:11.000674180  length=4 from=1410834 to=1410837
[2025-09-25 12:38:11]  00 00 00 00                                      ....
[2025-09-25 12:38:11] --
[2025-09-25 12:38:11] 2025/09/25 12:38:11 socat[67544] N write(6, 0x5f8a4e76c000, 4) completed
[2025-09-25 12:38:11] < 2025/09/25 12:38:11.000674273  length=4 from=1410838 to=1410841
[2025-09-25 12:38:11]  00 00 00 00                                      ....
[2025-09-25 12:38:11] --
[2025-09-25 12:38:11] 2025/09/25 12:38:11 socat[67544] N write(6, 0x5f8a4e76c000, 4) completed
[2025-09-25 12:38:11] < 2025/09/25 12:38:11.000674301  length=4 from=1410842 to=1410845
[2025-09-25 12:38:11]  00 00 00 00                                      ....
[2025-09-25 12:38:11] --
[2025-09-25 12:38:11] 2025/09/25 12:38:11 socat[67544] N write(6, 0x5f8a4e76c000, 4) completed
[2025-09-25 12:38:11] < 2025/09/25 12:38:11.000674327  length=4 from=1410846 to=1410849
[2025-09-25 12:38:11]  00 00 00 00                                      ....
[2025-09-25 12:38:11] --
[2025-09-25 12:38:11] 2025/09/25 12:38:11 socat[67544] N write(6, 0x5f8a4e76c000, 4) completed
[2025-09-25 12:38:11] < 2025/09/25 12:38:11.000674615  length=4 from=1410850 to=1410853
[2025-09-25 12:38:11]  00 00 00 df                                      ....
[2025-09-25 12:38:11] --
[2025-09-25 12:38:11] 2025/09/25 12:38:11 socat[67544] N write(6, 0x5f8a4e76c000, 4) completed
[2025-09-25 12:38:11] < 2025/09/25 12:38:11.000674634  length=4 from=1410854 to=1410857
[2025-09-25 12:38:11]  21 00 00 00                                      !...
[2025-09-25 12:38:11] --
[2025-09-25 12:38:11] 2025/09/25 12:38:11 socat[67544] N write(6, 0x5f8a4e76c000, 4) completed
[2025-09-25 12:38:11] < 2025/09/25 12:38:11.000674653  length=4 from=1410858 to=1410861
[2025-09-25 12:38:11]  00 00 00 00                                      ....
[2025-09-25 12:38:11] --
[2025-09-25 12:38:11] 2025/09/25 12:38:11 socat[67544] N write(6, 0x5f8a4e76c000, 4) completed
[2025-09-25 12:38:11] < 2025/09/25 12:38:11.000674671  length=4 from=1410862 to=1410865
[2025-09-25 12:38:11]  00 00 00 00                                      ....
[2025-09-25 12:38:11] --
[2025-09-25 12:38:11] 2025/09/25 12:38:11 socat[67544] N write(6, 0x5f8a4e76c000, 4) completed
[2025-09-25 12:38:11] < 2025/09/25 12:38:11.000674690  length=4 from=1410866 to=1410869
[2025-09-25 12:38:11]  00 00 00 00                                      ....
[2025-09-25 12:38:11] --
[2025-09-25 12:38:11] 2025/09/25 12:38:11 socat[67544] N write(6, 0x5f8a4e76c000, 4) completed
[2025-09-25 12:38:11] < 2025/09/25 12:38:11.000674708  length=4 from=1410870 to=1410873
[2025-09-25 12:38:11]  00 00 00 00                                      ....
[2025-09-25 12:38:11] --
[2025-09-25 12:38:11] 2025/09/25 12:38:11 socat[67544] N write(6, 0x5f8a4e76c000, 4) completed
[2025-09-25 12:38:11] < 2025/09/25 12:38:11.000674727  length=4 from=1410874 to=1410877
[2025-09-25 12:38:11]  00 00 00 00                                      ....
[2025-09-25 12:38:11] --
[2025-09-25 12:38:11] 2025/09/25 12:38:11 socat[67544] N write(6, 0x5f8a4e76c000, 4) completed
[2025-09-25 12:38:11] < 2025/09/25 12:38:11.000674745  length=4 from=1410878 to=1410881
[2025-09-25 12:38:11]  00 00 00 00                                      ....
[2025-09-25 12:38:11] --
[2025-09-25 12:38:11] 2025/09/25 12:38:11 socat[67544] N write(6, 0x5f8a4e76c000, 4) completed
[2025-09-25 12:38:11] < 2025/09/25 12:38:11.000674764  length=4 from=1410882 to=1410885
[2025-09-25 12:38:11]  00 00 00 00                                      ....
[2025-09-25 12:38:11] --
[2025-09-25 12:38:11] 2025/09/25 12:38:11 socat[67544] N write(6, 0x5f8a4e76c000, 4) completed
[2025-09-25 12:38:11] < 2025/09/25 12:38:11.000674782  length=4 from=1410886 to=1410889
[2025-09-25 12:38:11]  00 df 21 00                                      ..!.
[2025-09-25 12:38:11] --
[2025-09-25 12:38:11] 2025/09/25 12:38:11 socat[67544] N write(6, 0x5f8a4e76c000, 4) completed
[2025-09-25 12:38:11] < 2025/09/25 12:38:11.000674801  length=4 from=1410890 to=1410893
[2025-09-25 12:38:11]  00 00 00 00                                      ....
[2025-09-25 12:38:11] --
[2025-09-25 12:38:11] 2025/09/25 12:38:11 socat[67544] N write(6, 0x5f8a4e76c000, 4) completed
[2025-09-25 12:38:11] < 2025/09/25 12:38:11.000674819  length=4 from=1410894 to=1410897
[2025-09-25 12:38:11]  00 00 00 00                                      ....
[2025-09-25 12:38:11] --
[2025-09-25 12:38:11] 2025/09/25 12:38:11 socat[67544] N write(6, 0x5f8a4e76c000, 4) completed
[2025-09-25 12:38:11] < 2025/09/25 12:38:11.000674838  length=4 from=1410898 to=1410901
[2025-09-25 12:38:11]  00 00 00 00                                      ....
[2025-09-25 12:38:11] --
[2025-09-25 12:38:11] 2025/09/25 12:38:11 socat[67544] N write(6, 0x5f8a4e76c000, 4) completed
[2025-09-25 12:38:11] < 2025/09/25 12:38:11.000674856  length=4 from=1410902 to=1410905
[2025-09-25 12:38:11]  00 00 00 00                                      ....
[2025-09-25 12:38:11] --
[2025-09-25 12:38:11] 2025/09/25 12:38:11 socat[67544] N write(6, 0x5f8a4e76c000, 4) completed
[2025-09-25 12:38:11] < 2025/09/25 12:38:11.000674875  length=4 from=1410906 to=1410909
[2025-09-25 12:38:11]  00 00 00 00                                      ....
[2025-09-25 12:38:11] --
[2025-09-25 12:38:11] 2025/09/25 12:38:11 socat[67544] N write(6, 0x5f8a4e76c000, 4) completed
[2025-09-25 12:38:11] < 2025/09/25 12:38:11.000674897  length=4 from=1410910 to=1410913
[2025-09-25 12:38:11]  00 00 00 00                                      ....
[2025-09-25 12:38:11] --
[2025-09-25 12:38:11] 2025/09/25 12:38:11 socat[67544] N write(6, 0x5f8a4e76c000, 4) completed
[2025-09-25 12:38:11] < 2025/09/25 12:38:11.000674919  length=4 from=1410914 to=1410917
[2025-09-25 12:38:11]  00 00 00 00                                      ....
[2025-09-25 12:38:11] --
[2025-09-25 12:38:11] 2025/09/25 12:38:11 socat[67544] N write(6, 0x5f8a4e76c000, 4) completed
[2025-09-25 12:38:11] < 2025/09/25 12:38:11.000674938  length=4 from=1410918 to=1410921
[2025-09-25 12:38:11]  00 00 00 df                                      ....
[2025-09-25 12:38:11] --
[2025-09-25 12:38:11] 2025/09/25 12:38:11 socat[67544] N write(6, 0x5f8a4e76c000, 4) completed
[2025-09-25 12:38:11] < 2025/09/25 12:38:11.000674976  length=4 from=1410922 to=1410925
[2025-09-25 12:38:11]  21 00 00 00                                      !...
[2025-09-25 12:38:11] --
[2025-09-25 12:38:11] 2025/09/25 12:38:11 socat[67544] N write(6, 0x5f8a4e76c000, 4) completed
[2025-09-25 12:38:11] < 2025/09/25 12:38:11.000674995  length=4 from=1410926 to=1410929
[2025-09-25 12:38:11]  00 00 00 00                                      ....
[2025-09-25 12:38:11] --
[2025-09-25 12:38:11] 2025/09/25 12:38:11 socat[67544] N write(6, 0x5f8a4e76c000, 4) completed
[2025-09-25 12:38:11] < 2025/09/25 12:38:11.000675014  length=4 from=1410930 to=1410933
[2025-09-25 12:38:11]  00 00 00 00                                      ....
[2025-09-25 12:38:11] --
[2025-09-25 12:38:11] 2025/09/25 12:38:11 socat[67544] N write(6, 0x5f8a4e76c000, 4) completed
[2025-09-25 12:38:11] < 2025/09/25 12:38:11.000675033  length=4 from=1410934 to=1410937
[2025-09-25 12:38:11]  00 00 00 00                                      ....
[2025-09-25 12:38:11] --
[2025-09-25 12:38:11] 2025/09/25 12:38:11 socat[67544] N write(6, 0x5f8a4e76c000, 4) completed
[2025-09-25 12:38:11] < 2025/09/25 12:38:11.000675052  length=4 from=1410938 to=1410941
[2025-09-25 12:38:11]  00 00 00 00                                      ....
[2025-09-25 12:38:11] --
[2025-09-25 12:38:11] 2025/09/25 12:38:11 socat[67544] N write(6, 0x5f8a4e76c000, 4) completed
[2025-09-25 12:38:11] < 2025/09/25 12:38:11.000675073  length=4 from=1410942 to=1410945
[2025-09-25 12:38:11]  00 00 00 00                                      ....
[2025-09-25 12:38:11] --
[2025-09-25 12:38:11] 2025/09/25 12:38:11 socat[67544] N write(6, 0x5f8a4e76c000, 4) completed
[2025-09-25 12:38:11] < 2025/09/25 12:38:11.000675091  length=4 from=1410946 to=1410949
[2025-09-25 12:38:11]  00 00 00 00                                      ....
[2025-09-25 12:38:11] --
[2025-09-25 12:38:11] 2025/09/25 12:38:11 socat[67544] N write(6, 0x5f8a4e76c000, 4) completed
[2025-09-25 12:38:11] < 2025/09/25 12:38:11.000675123  length=4 from=1410950 to=1410953
[2025-09-25 12:38:11]  00 00 00 00                                      ....
[2025-09-25 12:38:11] --
[2025-09-25 12:38:11] 2025/09/25 12:38:11 socat[67544] N write(6, 0x5f8a4e76c000, 4) completed
[2025-09-25 12:38:11] < 2025/09/25 12:38:11.000675141  length=4 from=1410954 to=1410957
[2025-09-25 12:38:11]  00 df 21 00                                      ..!.
[2025-09-25 12:38:11] --
[2025-09-25 12:38:11] 2025/09/25 12:38:11 socat[67544] N write(6, 0x5f8a4e76c000, 4) completed
[2025-09-25 12:38:11] < 2025/09/25 12:38:11.000675160  length=4 from=1410958 to=1410961
[2025-09-25 12:38:11]  00 00 00 00                                      ....
[2025-09-25 12:38:11] --
[2025-09-25 12:38:11] 2025/09/25 12:38:11 socat[67544] N write(6, 0x5f8a4e76c000, 4) completed
[2025-09-25 12:38:11] < 2025/09/25 12:38:11.000676984  length=4 from=1410962 to=1410965
[2025-09-25 12:38:11]  00 00 00 00                                      ....
[2025-09-25 12:38:11] --
[2025-09-25 12:38:11] 2025/09/25 12:38:11 socat[67544] N write(6, 0x5f8a4e76c000, 4) completed
[2025-09-25 12:38:11] < 2025/09/25 12:38:11.000677007  length=4 from=1410966 to=1410969
[2025-09-25 12:38:11]  00 00 00 00                                      ....
[2025-09-25 12:38:11] --
[2025-09-25 12:38:11] 2025/09/25 12:38:11 socat[67544] N write(6, 0x5f8a4e76c000, 4) completed
[2025-09-25 12:38:11] < 2025/09/25 12:38:11.000677026  length=4 from=1410970 to=1410973
[2025-09-25 12:38:11]  00 00 00 00                                      ....
[2025-09-25 12:38:11] --
[2025-09-25 12:38:11] 2025/09/25 12:38:11 socat[67544] N write(6, 0x5f8a4e76c000, 4) completed
[2025-09-25 12:38:11] < 2025/09/25 12:38:11.000677045  length=4 from=1410974 to=1410977
[2025-09-25 12:38:11]  00 00 00 00                                      ....
[2025-09-25 12:38:11] --
[2025-09-25 12:38:11] 2025/09/25 12:38:11 socat[67544] N write(6, 0x5f8a4e76c000, 4) completed
[2025-09-25 12:38:11] < 2025/09/25 12:38:11.000677064  length=4 from=1410978 to=1410981
[2025-09-25 12:38:11]  00 00 00 00                                      ....
[2025-09-25 12:38:11] --
[2025-09-25 12:38:11] 2025/09/25 12:38:11 socat[67544] N write(6, 0x5f8a4e76c000, 4) completed
[2025-09-25 12:38:11] < 2025/09/25 12:38:11.000677084  length=4 from=1410982 to=1410985
[2025-09-25 12:38:11]  00 00 00 00                                      ....
[2025-09-25 12:38:11] --
[2025-09-25 12:38:11] 2025/09/25 12:38:11 socat[67544] N write(6, 0x5f8a4e76c000, 4) completed
[2025-09-25 12:38:11] < 2025/09/25 12:38:11.000677103  length=4 from=1410986 to=1410989
[2025-09-25 12:38:11]  00 00 00 df                                      ....
[2025-09-25 12:38:11] --
[2025-09-25 12:38:11] 2025/09/25 12:38:11 socat[67544] N write(6, 0x5f8a4e76c000, 4) completed
[2025-09-25 12:38:11] < 2025/09/25 12:38:11.000677122  length=4 from=1410990 to=1410993
[2025-09-25 12:38:11]  21 00 00 00                                      !...
[2025-09-25 12:38:11] --
[2025-09-25 12:38:11] 2025/09/25 12:38:11 socat[67544] N write(6, 0x5f8a4e76c000, 4) completed
[2025-09-25 12:38:11] < 2025/09/25 12:38:11.000677141  length=4 from=1410994 to=1410997
[2025-09-25 12:38:11]  00 00 00 00                                      ....
[2025-09-25 12:38:11] --
[2025-09-25 12:38:11] 2025/09/25 12:38:11 socat[67544] N write(6, 0x5f8a4e76c000, 4) completed
[2025-09-25 12:38:11] < 2025/09/25 12:38:11.000677160  length=4 from=1410998 to=1411001
[2025-09-25 12:38:11]  00 00 00 00                                      ....
[2025-09-25 12:38:11] --
[2025-09-25 12:38:11] 2025/09/25 12:38:11 socat[67544] N write(6, 0x5f8a4e76c000, 4) completed
[2025-09-25 12:38:11] < 2025/09/25 12:38:11.000677179  length=4 from=1411002 to=1411005
[2025-09-25 12:38:11]  00 00 00 00                                      ....
[2025-09-25 12:38:11] --
[2025-09-25 12:38:11] 2025/09/25 12:38:11 socat[67544] N write(6, 0x5f8a4e76c000, 4) completed
[2025-09-25 12:38:11] < 2025/09/25 12:38:11.000677203  length=4 from=1411006 to=1411009
[2025-09-25 12:38:11]  00 00 00 00                                      ....
[2025-09-25 12:38:11] --
[2025-09-25 12:38:11] 2025/09/25 12:38:11 socat[67544] N write(6, 0x5f8a4e76c000, 4) completed
[2025-09-25 12:38:11] < 2025/09/25 12:38:11.000677222  length=4 from=1411010 to=1411013
[2025-09-25 12:38:11]  00 00 00 00                                      ....
[2025-09-25 12:38:11] --
[2025-09-25 12:38:11] 2025/09/25 12:38:11 socat[67544] N write(6, 0x5f8a4e76c000, 4) completed
[2025-09-25 12:38:11] < 2025/09/25 12:38:11.000677241  length=4 from=1411014 to=1411017
[2025-09-25 12:38:11]  00 00 00 00                                      ....
[2025-09-25 12:38:11] --
[2025-09-25 12:38:11] 2025/09/25 12:38:11 socat[67544] N write(6, 0x5f8a4e76c000, 4) completed
[2025-09-25 12:38:11] < 2025/09/25 12:38:11.000677261  length=4 from=1411018 to=1411021
[2025-09-25 12:38:11]  00 00 00 00                                      ....
[2025-09-25 12:38:11] --
[2025-09-25 12:38:11] 2025/09/25 12:38:11 socat[67544] N write(6, 0x5f8a4e76c000, 4) completed
[2025-09-25 12:38:11] < 2025/09/25 12:38:11.000677280  length=4 from=1411022 to=1411025
[2025-09-25 12:38:11]  00 df 21 00                                      ..!.
[2025-09-25 12:38:11] --
[2025-09-25 12:38:11] 2025/09/25 12:38:11 socat[67544] N write(6, 0x5f8a4e76c000, 4) completed
[2025-09-25 12:38:11] < 2025/09/25 12:38:11.000677299  length=4 from=1411026 to=1411029
[2025-09-25 12:38:11]  00 00 00 00                                      ....
[2025-09-25 12:38:11] --
[2025-09-25 12:38:11] 2025/09/25 12:38:11 socat[67544] N write(6, 0x5f8a4e76c000, 4) completed
[2025-09-25 12:38:11] < 2025/09/25 12:38:11.000677317  length=4 from=1411030 to=1411033
[2025-09-25 12:38:11]  00 00 00 00                                      ....
[2025-09-25 12:38:11] --
[2025-09-25 12:38:11] 2025/09/25 12:38:11 socat[67544] N write(6, 0x5f8a4e76c000, 4) completed
[2025-09-25 12:38:11] < 2025/09/25 12:38:11.000677336  length=4 from=1411034 to=1411037
[2025-09-25 12:38:11]  00 00 00 00                                      ....
[2025-09-25 12:38:11] --
[2025-09-25 12:38:11] 2025/09/25 12:38:11 socat[67544] N write(6, 0x5f8a4e76c000, 4) completed
[2025-09-25 12:38:11] < 2025/09/25 12:38:11.000677354  length=4 from=1411038 to=1411041
[2025-09-25 12:38:11]  00 00 00 00                                      ....
[2025-09-25 12:38:11] --
[2025-09-25 12:38:11] 2025/09/25 12:38:11 socat[67544] N write(6, 0x5f8a4e76c000, 4) completed
[2025-09-25 12:38:11] < 2025/09/25 12:38:11.000677373  length=4 from=1411042 to=1411045
[2025-09-25 12:38:11]  00 00 00 00                                      ....
[2025-09-25 12:38:11] --
[2025-09-25 12:38:11] 2025/09/25 12:38:11 socat[67544] N write(6, 0x5f8a4e76c000, 4) completed
[2025-09-25 12:38:11] < 2025/09/25 12:38:11.000677391  length=4 from=1411046 to=1411049
[2025-09-25 12:38:11]  00 00 00 00                                      ....
[2025-09-25 12:38:11] --
[2025-09-25 12:38:11] 2025/09/25 12:38:11 socat[67544] N write(6, 0x5f8a4e76c000, 4) completed
[2025-09-25 12:38:11] < 2025/09/25 12:38:11.000677410  length=4 from=1411050 to=1411053
[2025-09-25 12:38:11]  00 00 00 00                                      ....
[2025-09-25 12:38:11] --
[2025-09-25 12:38:11] 2025/09/25 12:38:11 socat[67544] N write(6, 0x5f8a4e76c000, 4) completed
[2025-09-25 12:38:11] < 2025/09/25 12:38:11.000677428  length=4 from=1411054 to=1411057
[2025-09-25 12:38:11]  00 00 00 df                                      ....
[2025-09-25 12:38:11] --
[2025-09-25 12:38:11] 2025/09/25 12:38:11 socat[67544] N write(6, 0x5f8a4e76c000, 4) completed
[2025-09-25 12:38:11] < 2025/09/25 12:38:11.000677446  length=4 from=1411058 to=1411061
[2025-09-25 12:38:11]  21 00 00 00                                      !...
[2025-09-25 12:38:11] --
[2025-09-25 12:38:11] 2025/09/25 12:38:11 socat[67544] N write(6, 0x5f8a4e76c000, 4) completed
[2025-09-25 12:38:11] < 2025/09/25 12:38:11.000677465  length=4 from=1411062 to=1411065
[2025-09-25 12:38:11]  00 00 00 00                                      ....
[2025-09-25 12:38:11] --
[2025-09-25 12:38:11] 2025/09/25 12:38:11 socat[67544] N write(6, 0x5f8a4e76c000, 4) completed
[2025-09-25 12:38:11] < 2025/09/25 12:38:11.000677483  length=4 from=1411066 to=1411069
[2025-09-25 12:38:11]  00 00 00 00                                      ....
[2025-09-25 12:38:11] --
[2025-09-25 12:38:11] 2025/09/25 12:38:11 socat[67544] N write(6, 0x5f8a4e76c000, 4) completed
[2025-09-25 12:38:11] < 2025/09/25 12:38:11.000677502  length=4 from=1411070 to=1411073
[2025-09-25 12:38:11]  00 00 00 00                                      ....
[2025-09-25 12:38:11] --
[2025-09-25 12:38:11] 2025/09/25 12:38:11 socat[67544] N write(6, 0x5f8a4e76c000, 4) completed
[2025-09-25 12:38:11] < 2025/09/25 12:38:11.000677520  length=4 from=1411074 to=1411077
[2025-09-25 12:38:11]  00 00 00 00                                      ....
[2025-09-25 12:38:11] --
[2025-09-25 12:38:11] 2025/09/25 12:38:11 socat[67544] N write(6, 0x5f8a4e76c000, 4) completed
[2025-09-25 12:38:11] < 2025/09/25 12:38:11.000677539  length=4 from=1411078 to=1411081
[2025-09-25 12:38:11]  00 00 00 00                                      ....
[2025-09-25 12:38:11] --
[2025-09-25 12:38:11] 2025/09/25 12:38:11 socat[67544] N write(6, 0x5f8a4e76c000, 4) completed
[2025-09-25 12:38:11] < 2025/09/25 12:38:11.000677557  length=4 from=1411082 to=1411085
[2025-09-25 12:38:11]  00 00 00 00                                      ....
[2025-09-25 12:38:11] --
[2025-09-25 12:38:11] 2025/09/25 12:38:11 socat[67544] N write(6, 0x5f8a4e76c000, 4) completed
[2025-09-25 12:38:11] < 2025/09/25 12:38:11.000677576  length=4 from=1411086 to=1411089
[2025-09-25 12:38:11]  00 00 00 00                                      ....
[2025-09-25 12:38:11] --
[2025-09-25 12:38:11] 2025/09/25 12:38:11 socat[67544] N write(6, 0x5f8a4e76c000, 4) completed
[2025-09-25 12:38:11] < 2025/09/25 12:38:11.000748262  length=4 from=1411090 to=1411093
[2025-09-25 12:38:11]  00 df 21 00                                      ..!.
[2025-09-25 12:38:11] --
[2025-09-25 12:38:11] 2025/09/25 12:38:11 socat[67544] N write(6, 0x5f8a4e76c000, 4) completed
[2025-09-25 12:38:11] < 2025/09/25 12:38:11.000748350  length=4 from=1411094 to=1411097
[2025-09-25 12:38:11]  00 00 00 00                                      ....
[2025-09-25 12:38:11] --
[2025-09-25 12:38:11] 2025/09/25 12:38:11 socat[67544] N write(6, 0x5f8a4e76c000, 4) completed
[2025-09-25 12:38:11] < 2025/09/25 12:38:11.000748373  length=4 from=1411098 to=1411101
[2025-09-25 12:38:11]  00 00 00 00                                      ....
[2025-09-25 12:38:11] --
[2025-09-25 12:38:11] 2025/09/25 12:38:11 socat[67544] N write(6, 0x5f8a4e76c000, 4) completed
[2025-09-25 12:38:11] < 2025/09/25 12:38:11.000748395  length=4 from=1411102 to=1411105
[2025-09-25 12:38:11]  00 00 00 00                                      ....
[2025-09-25 12:38:11] --
[2025-09-25 12:38:11] 2025/09/25 12:38:11 socat[67544] N write(6, 0x5f8a4e76c000, 4) completed
[2025-09-25 12:38:11] < 2025/09/25 12:38:11.000748417  length=4 from=1411106 to=1411109
[2025-09-25 12:38:11]  00 00 00 00                                      ....
[2025-09-25 12:38:11] --
[2025-09-25 12:38:11] 2025/09/25 12:38:11 socat[67544] N write(6, 0x5f8a4e76c000, 4) completed
[2025-09-25 12:38:11] < 2025/09/25 12:38:11.000748438  length=4 from=1411110 to=1411113
[2025-09-25 12:38:11]  00 00 00 00                                      ....
[2025-09-25 12:38:11] --
[2025-09-25 12:38:11] 2025/09/25 12:38:11 socat[67544] N write(6, 0x5f8a4e76c000, 4) completed
[2025-09-25 12:38:11] < 2025/09/25 12:38:11.000748462  length=4 from=1411114 to=1411117
[2025-09-25 12:38:11]  00 00 00 00                                      ....
[2025-09-25 12:38:11] --
[2025-09-25 12:38:11] 2025/09/25 12:38:11 socat[67544] N write(6, 0x5f8a4e76c000, 4) completed
[2025-09-25 12:38:11] < 2025/09/25 12:38:11.000748484  length=4 from=1411118 to=1411121
[2025-09-25 12:38:11]  00 00 00 00                                      ....
[2025-09-25 12:38:11] --
[2025-09-25 12:38:11] 2025/09/25 12:38:11 socat[67544] N write(6, 0x5f8a4e76c000, 4) completed
[2025-09-25 12:38:11] < 2025/09/25 12:38:11.000748505  length=4 from=1411122 to=1411125
[2025-09-25 12:38:11]  00 00 00 df                                      ....
[2025-09-25 12:38:11] --
[2025-09-25 12:38:11] 2025/09/25 12:38:11 socat[67544] N write(6, 0x5f8a4e76c000, 4) completed
[2025-09-25 12:38:11] < 2025/09/25 12:38:11.000748527  length=4 from=1411126 to=1411129
[2025-09-25 12:38:11]  21 00 00 00                                      !...
[2025-09-25 12:38:11] --
[2025-09-25 12:38:11] 2025/09/25 12:38:11 socat[67544] N write(6, 0x5f8a4e76c000, 4) completed
[2025-09-25 12:38:11] < 2025/09/25 12:38:11.000748551  length=4 from=1411130 to=1411133
[2025-09-25 12:38:11]  00 00 00 00                                      ....
[2025-09-25 12:38:11] --
[2025-09-25 12:38:11] 2025/09/25 12:38:11 socat[67544] N write(6, 0x5f8a4e76c000, 4) completed
[2025-09-25 12:38:11] < 2025/09/25 12:38:11.000748573  length=4 from=1411134 to=1411137
[2025-09-25 12:38:11]  00 00 00 00                                      ....
[2025-09-25 12:38:11] --
[2025-09-25 12:38:11] 2025/09/25 12:38:11 socat[67544] N write(6, 0x5f8a4e76c000, 4) completed
[2025-09-25 12:38:11] < 2025/09/25 12:38:11.000748594  length=4 from=1411138 to=1411141
[2025-09-25 12:38:11]  00 00 00 00                                      ....
[2025-09-25 12:38:11] --
[2025-09-25 12:38:11] 2025/09/25 12:38:11 socat[67544] N write(6, 0x5f8a4e76c000, 4) completed
[2025-09-25 12:38:11] < 2025/09/25 12:38:11.000748616  length=4 from=1411142 to=1411145
[2025-09-25 12:38:11]  00 00 00 00                                      ....
[2025-09-25 12:38:11] --
[2025-09-25 12:38:11] 2025/09/25 12:38:11 socat[67544] N write(6, 0x5f8a4e76c000, 4) completed
[2025-09-25 12:38:11] < 2025/09/25 12:38:11.000748637  length=4 from=1411146 to=1411149
[2025-09-25 12:38:11]  00 00 00 00                                      ....
[2025-09-25 12:38:11] --
[2025-09-25 12:38:11] 2025/09/25 12:38:11 socat[67544] N write(6, 0x5f8a4e76c000, 4) completed
[2025-09-25 12:38:11] < 2025/09/25 12:38:11.000748659  length=4 from=1411150 to=1411153
[2025-09-25 12:38:11]  00 00 00 00                                      ....
[2025-09-25 12:38:11] --
[2025-09-25 12:38:11] 2025/09/25 12:38:11 socat[67544] N write(6, 0x5f8a4e76c000, 4) completed
[2025-09-25 12:38:11] < 2025/09/25 12:38:11.000748680  length=4 from=1411154 to=1411157
[2025-09-25 12:38:11]  00 00 00 00                                      ....
[2025-09-25 12:38:11] --
[2025-09-25 12:38:11] 2025/09/25 12:38:11 socat[67544] N write(6, 0x5f8a4e76c000, 4) completed
[2025-09-25 12:38:11] < 2025/09/25 12:38:11.000748702  length=4 from=1411158 to=1411161
[2025-09-25 12:38:11]  00 df 21 00                                      ..!.
[2025-09-25 12:38:11] --
[2025-09-25 12:38:11] 2025/09/25 12:38:11 socat[67544] N write(6, 0x5f8a4e76c000, 4) completed
[2025-09-25 12:38:11] < 2025/09/25 12:38:11.000748723  length=4 from=1411162 to=1411165
[2025-09-25 12:38:11]  00 00 00 00                                      ....
[2025-09-25 12:38:11] --
[2025-09-25 12:38:11] 2025/09/25 12:38:11 socat[67544] N write(6, 0x5f8a4e76c000, 4) completed
[2025-09-25 12:38:11] < 2025/09/25 12:38:11.000748744  length=4 from=1411166 to=1411169
[2025-09-25 12:38:11]  00 00 00 00                                      ....
[2025-09-25 12:38:11] --
[2025-09-25 12:38:11] 2025/09/25 12:38:11 socat[67544] N write(6, 0x5f8a4e76c000, 4) completed
[2025-09-25 12:38:11] < 2025/09/25 12:38:11.000748765  length=4 from=1411170 to=1411173
[2025-09-25 12:38:11]  00 00 00 00                                      ....
[2025-09-25 12:38:11] --
[2025-09-25 12:38:11] 2025/09/25 12:38:11 socat[67544] N write(6, 0x5f8a4e76c000, 4) completed
[2025-09-25 12:38:11] < 2025/09/25 12:38:11.000748790  length=4 from=1411174 to=1411177
[2025-09-25 12:38:11]  00 00 00 00                                      ....
[2025-09-25 12:38:11] --
[2025-09-25 12:38:11] 2025/09/25 12:38:11 socat[67544] N write(6, 0x5f8a4e76c000, 4) completed
[2025-09-25 12:38:11] < 2025/09/25 12:38:11.000748812  length=4 from=1411178 to=1411181
[2025-09-25 12:38:11]  00 00 00 00                                      ....
[2025-09-25 12:38:11] --
[2025-09-25 12:38:11] 2025/09/25 12:38:11 socat[67544] N write(6, 0x5f8a4e76c000, 4) completed
[2025-09-25 12:38:11] < 2025/09/25 12:38:11.000748833  length=4 from=1411182 to=1411185
[2025-09-25 12:38:11]  00 00 00 00                                      ....
[2025-09-25 12:38:11] --
[2025-09-25 12:38:11] 2025/09/25 12:38:11 socat[67544] N write(6, 0x5f8a4e76c000, 4) completed
[2025-09-25 12:38:11] < 2025/09/25 12:38:11.000748854  length=4 from=1411186 to=1411189
[2025-09-25 12:38:11]  00 00 00 00                                      ....
[2025-09-25 12:38:11] --
[2025-09-25 12:38:11] 2025/09/25 12:38:11 socat[67544] N write(6, 0x5f8a4e76c000, 4) completed
[2025-09-25 12:38:11] < 2025/09/25 12:38:11.000748875  length=4 from=1411190 to=1411193
[2025-09-25 12:38:11]  00 00 00 df                                      ....
[2025-09-25 12:38:11] --
[2025-09-25 12:38:11] 2025/09/25 12:38:11 socat[67544] N write(6, 0x5f8a4e76c000, 4) completed
[2025-09-25 12:38:11] < 2025/09/25 12:38:11.000748897  length=4 from=1411194 to=1411197
[2025-09-25 12:38:11]  21 00 00 00                                      !...
[2025-09-25 12:38:11] --
[2025-09-25 12:38:11] 2025/09/25 12:38:11 socat[67544] N write(6, 0x5f8a4e76c000, 4) completed
[2025-09-25 12:38:11] < 2025/09/25 12:38:11.000748918  length=4 from=1411198 to=1411201
[2025-09-25 12:38:11]  00 00 00 00                                      ....
[2025-09-25 12:38:11] --
[2025-09-25 12:38:11] 2025/09/25 12:38:11 socat[67544] N write(6, 0x5f8a4e76c000, 4) completed
[2025-09-25 12:38:11] < 2025/09/25 12:38:11.000748939  length=4 from=1411202 to=1411205
[2025-09-25 12:38:11]  00 00 00 00                                      ....
[2025-09-25 12:38:11] --
[2025-09-25 12:38:11] 2025/09/25 12:38:11 socat[67544] N write(6, 0x5f8a4e76c000, 4) completed
[2025-09-25 12:38:11] < 2025/09/25 12:38:11.000748976  length=4 from=1411206 to=1411209
[2025-09-25 12:38:11]  00 00 00 00                                      ....
[2025-09-25 12:38:11] --
[2025-09-25 12:38:11] 2025/09/25 12:38:11 socat[67544] N write(6, 0x5f8a4e76c000, 4) completed
[2025-09-25 12:38:11] < 2025/09/25 12:38:11.000748998  length=4 from=1411210 to=1411213
[2025-09-25 12:38:11]  00 00 00 00                                      ....
[2025-09-25 12:38:11] --
[2025-09-25 12:38:11] 2025/09/25 12:38:11 socat[67544] N write(6, 0x5f8a4e76c000, 4) completed
[2025-09-25 12:38:11] < 2025/09/25 12:38:11.000749022  length=4 from=1411214 to=1411217
[2025-09-25 12:38:11]  00 00 00 00                                      ....
[2025-09-25 12:38:11] --
[2025-09-25 12:38:11] 2025/09/25 12:38:11 socat[67544] N write(6, 0x5f8a4e76c000, 4) completed
[2025-09-25 12:38:11] < 2025/09/25 12:38:11.000749042  length=4 from=1411218 to=1411221
[2025-09-25 12:38:11]  00 00 00 00                                      ....
[2025-09-25 12:38:11] --
[2025-09-25 12:38:11] 2025/09/25 12:38:11 socat[67544] N write(6, 0x5f8a4e76c000, 4) completed
[2025-09-25 12:38:11] < 2025/09/25 12:38:11.000749063  length=4 from=1411222 to=1411225
[2025-09-25 12:38:11]  00 00 00 00                                      ....
[2025-09-25 12:38:11] --
[2025-09-25 12:38:11] 2025/09/25 12:38:11 socat[67544] N write(6, 0x5f8a4e76c000, 4) completed
[2025-09-25 12:38:11] < 2025/09/25 12:38:11.000749084  length=4 from=1411226 to=1411229
[2025-09-25 12:38:11]  00 df 21 00                                      ..!.
[2025-09-25 12:38:11] --
[2025-09-25 12:38:11] 2025/09/25 12:38:11 socat[67544] N write(6, 0x5f8a4e76c000, 4) completed
[2025-09-25 12:38:11] < 2025/09/25 12:38:11.000749104  length=4 from=1411230 to=1411233
[2025-09-25 12:38:11]  00 00 00 00                                      ....
[2025-09-25 12:38:11] --
[2025-09-25 12:38:11] 2025/09/25 12:38:11 socat[67544] N write(6, 0x5f8a4e76c000, 4) completed
[2025-09-25 12:38:11] < 2025/09/25 12:38:11.000749125  length=4 from=1411234 to=1411237
[2025-09-25 12:38:11]  00 00 00 00                                      ....
[2025-09-25 12:38:11] --
[2025-09-25 12:38:11] 2025/09/25 12:38:11 socat[67544] N write(6, 0x5f8a4e76c000, 4) completed
[2025-09-25 12:38:11] < 2025/09/25 12:38:11.000749146  length=4 from=1411238 to=1411241
[2025-09-25 12:38:11]  00 00 00 00                                      ....
[2025-09-25 12:38:11] --
[2025-09-25 12:38:11] 2025/09/25 12:38:11 socat[67544] N write(6, 0x5f8a4e76c000, 4) completed
[2025-09-25 12:38:11] < 2025/09/25 12:38:11.000749167  length=4 from=1411242 to=1411245
[2025-09-25 12:38:11]  00 00 00 00                                      ....
[2025-09-25 12:38:11] --
[2025-09-25 12:38:11] 2025/09/25 12:38:11 socat[67544] N write(6, 0x5f8a4e76c000, 4) completed
[2025-09-25 12:38:11] < 2025/09/25 12:38:11.000749187  length=4 from=1411246 to=1411249
[2025-09-25 12:38:11]  00 00 00 00                                      ....
[2025-09-25 12:38:11] --
[2025-09-25 12:38:11] 2025/09/25 12:38:11 socat[67544] N write(6, 0x5f8a4e76c000, 4) completed
[2025-09-25 12:38:11] < 2025/09/25 12:38:11.000749208  length=4 from=1411250 to=1411253
[2025-09-25 12:38:11]  00 00 00 00                                      ....
[2025-09-25 12:38:11] --
[2025-09-25 12:38:11] 2025/09/25 12:38:11 socat[67544] N write(6, 0x5f8a4e76c000, 4) completed
[2025-09-25 12:38:11] < 2025/09/25 12:38:11.000749229  length=4 from=1411254 to=1411257
[2025-09-25 12:38:11]  00 00 00 00                                      ....
[2025-09-25 12:38:11] --
[2025-09-25 12:38:11] 2025/09/25 12:38:11 socat[67544] N write(6, 0x5f8a4e76c000, 4) completed
[2025-09-25 12:38:11] < 2025/09/25 12:38:11.000749250  length=4 from=1411258 to=1411261
[2025-09-25 12:38:11]  00 00 00 df                                      ....
[2025-09-25 12:38:11] --
[2025-09-25 12:38:11] 2025/09/25 12:38:11 socat[67544] N write(6, 0x5f8a4e76c000, 4) completed
[2025-09-25 12:38:11] < 2025/09/25 12:38:11.000749271  length=4 from=1411262 to=1411265
[2025-09-25 12:38:11]  21 00 00 00                                      !...
[2025-09-25 12:38:11] --
[2025-09-25 12:38:11] 2025/09/25 12:38:11 socat[67544] N write(6, 0x5f8a4e76c000, 4) completed
[2025-09-25 12:38:11] < 2025/09/25 12:38:11.000749292  length=4 from=1411266 to=1411269
[2025-09-25 12:38:11]  00 00 00 00                                      ....
[2025-09-25 12:38:11] --
[2025-09-25 12:38:11] 2025/09/25 12:38:11 socat[67544] N write(6, 0x5f8a4e76c000, 4) completed
[2025-09-25 12:38:11] < 2025/09/25 12:38:11.000749312  length=4 from=1411270 to=1411273
[2025-09-25 12:38:11]  00 00 00 00                                      ....
[2025-09-25 12:38:11] --
[2025-09-25 12:38:11] 2025/09/25 12:38:11 socat[67544] N write(6, 0x5f8a4e76c000, 4) completed
[2025-09-25 12:38:11] < 2025/09/25 12:38:11.000749333  length=4 from=1411274 to=1411277
[2025-09-25 12:38:11]  00 00 00 00                                      ....
[2025-09-25 12:38:11] --
[2025-09-25 12:38:11] 2025/09/25 12:38:11 socat[67544] N write(6, 0x5f8a4e76c000, 4) completed
[2025-09-25 12:38:11] < 2025/09/25 12:38:11.000749354  length=4 from=1411278 to=1411281
[2025-09-25 12:38:11]  00 00 00 00                                      ....
[2025-09-25 12:38:11] --
[2025-09-25 12:38:11] 2025/09/25 12:38:11 socat[67544] N write(6, 0x5f8a4e76c000, 4) completed
[2025-09-25 12:38:11] < 2025/09/25 12:38:11.000749375  length=4 from=1411282 to=1411285
[2025-09-25 12:38:11]  00 00 00 00                                      ....
[2025-09-25 12:38:11] --
[2025-09-25 12:38:11] 2025/09/25 12:38:11 socat[67544] N write(6, 0x5f8a4e76c000, 4) completed
[2025-09-25 12:38:11] < 2025/09/25 12:38:11.000749395  length=4 from=1411286 to=1411289
[2025-09-25 12:38:11]  00 00 00 00                                      ....
[2025-09-25 12:38:11] --
[2025-09-25 12:38:11] 2025/09/25 12:38:11 socat[67544] N write(6, 0x5f8a4e76c000, 4) completed
[2025-09-25 12:38:11] < 2025/09/25 12:38:11.000749416  length=4 from=1411290 to=1411293
[2025-09-25 12:38:11]  00 00 00 00                                      ....
[2025-09-25 12:38:11] --
[2025-09-25 12:38:11] 2025/09/25 12:38:11 socat[67544] N write(6, 0x5f8a4e76c000, 4) completed
[2025-09-25 12:38:11] < 2025/09/25 12:38:11.000749437  length=4 from=1411294 to=1411297
[2025-09-25 12:38:11]  00 df 21 00                                      ..!.
[2025-09-25 12:38:11] --
[2025-09-25 12:38:11] 2025/09/25 12:38:11 socat[67544] N write(6, 0x5f8a4e76c000, 4) completed
[2025-09-25 12:38:11] < 2025/09/25 12:38:11.000749457  length=4 from=1411298 to=1411301
[2025-09-25 12:38:11]  00 00 00 00                                      ....
[2025-09-25 12:38:11] --
[2025-09-25 12:38:11] 2025/09/25 12:38:11 socat[67544] N write(6, 0x5f8a4e76c000, 4) completed
[2025-09-25 12:38:11] < 2025/09/25 12:38:11.000749478  length=4 from=1411302 to=1411305
[2025-09-25 12:38:11]  00 00 00 00                                      ....
[2025-09-25 12:38:11] --
[2025-09-25 12:38:11] 2025/09/25 12:38:11 socat[67544] N write(6, 0x5f8a4e76c000, 4) completed
[2025-09-25 12:38:11] < 2025/09/25 12:38:11.000749499  length=4 from=1411306 to=1411309
[2025-09-25 12:38:11]  00 00 00 00                                      ....
[2025-09-25 12:38:11] --
[2025-09-25 12:38:11] 2025/09/25 12:38:11 socat[67544] N write(6, 0x5f8a4e76c000, 4) completed
[2025-09-25 12:38:11] < 2025/09/25 12:38:11.000749520  length=4 from=1411310 to=1411313
[2025-09-25 12:38:11]  00 00 00 00                                      ....
[2025-09-25 12:38:11] --
[2025-09-25 12:38:11] 2025/09/25 12:38:11 socat[67544] N write(6, 0x5f8a4e76c000, 4) completed
[2025-09-25 12:38:11] < 2025/09/25 12:38:11.000749540  length=4 from=1411314 to=1411317
[2025-09-25 12:38:11]  00 00 00 00                                      ....
[2025-09-25 12:38:11] --
[2025-09-25 12:38:11] 2025/09/25 12:38:11 socat[67544] N write(6, 0x5f8a4e76c000, 4) completed
[2025-09-25 12:38:11] < 2025/09/25 12:38:11.000749561  length=4 from=1411318 to=1411321
[2025-09-25 12:38:11]  00 00 00 00                                      ....
[2025-09-25 12:38:11] --
[2025-09-25 12:38:11] 2025/09/25 12:38:11 socat[67544] N write(6, 0x5f8a4e76c000, 4) completed
[2025-09-25 12:38:11] < 2025/09/25 12:38:11.000749582  length=4 from=1411322 to=1411325
[2025-09-25 12:38:11]  00 00 00 00                                      ....
[2025-09-25 12:38:11] --
[2025-09-25 12:38:11] 2025/09/25 12:38:11 socat[67544] N write(6, 0x5f8a4e76c000, 4) completed
[2025-09-25 12:38:11] < 2025/09/25 12:38:11.000749602  length=4 from=1411326 to=1411329
[2025-09-25 12:38:11]  00 00 00 df                                      ....
[2025-09-25 12:38:11] --
[2025-09-25 12:38:11] 2025/09/25 12:38:11 socat[67544] N write(6, 0x5f8a4e76c000, 4) completed
[2025-09-25 12:38:11] < 2025/09/25 12:38:11.000749623  length=4 from=1411330 to=1411333
[2025-09-25 12:38:11]  21 00 00 00                                      !...
[2025-09-25 12:38:11] --
[2025-09-25 12:38:11] 2025/09/25 12:38:11 socat[67544] N write(6, 0x5f8a4e76c000, 4) completed
[2025-09-25 12:38:11] < 2025/09/25 12:38:11.000749644  length=4 from=1411334 to=1411337
[2025-09-25 12:38:11]  00 00 00 00                                      ....
[2025-09-25 12:38:11] --
[2025-09-25 12:38:11] 2025/09/25 12:38:11 socat[67544] N write(6, 0x5f8a4e76c000, 4) completed
[2025-09-25 12:38:11] < 2025/09/25 12:38:11.000749665  length=4 from=1411338 to=1411341
[2025-09-25 12:38:11]  00 00 00 00                                      ....
[2025-09-25 12:38:11] --
[2025-09-25 12:38:11] 2025/09/25 12:38:11 socat[67544] N write(6, 0x5f8a4e76c000, 4) completed
[2025-09-25 12:38:11] < 2025/09/25 12:38:11.000749686  length=4 from=1411342 to=1411345
[2025-09-25 12:38:11]  00 00 00 00                                      ....
[2025-09-25 12:38:11] --
[2025-09-25 12:38:11] 2025/09/25 12:38:11 socat[67544] N write(6, 0x5f8a4e76c000, 4) completed
[2025-09-25 12:38:11] < 2025/09/25 12:38:11.000819909  length=4 from=1411346 to=1411349
[2025-09-25 12:38:11]  00 00 00 00                                      ....
[2025-09-25 12:38:11] --
[2025-09-25 12:38:11] 2025/09/25 12:38:11 socat[67544] N write(6, 0x5f8a4e76c000, 4) completed
[2025-09-25 12:38:11] < 2025/09/25 12:38:11.000820006  length=4 from=1411350 to=1411353
[2025-09-25 12:38:11]  00 00 00 00                                      ....
[2025-09-25 12:38:11] --
[2025-09-25 12:38:11] 2025/09/25 12:38:11 socat[67544] N write(6, 0x5f8a4e76c000, 4) completed
[2025-09-25 12:38:11] < 2025/09/25 12:38:11.000820028  length=4 from=1411354 to=1411357
[2025-09-25 12:38:11]  00 00 00 00                                      ....
[2025-09-25 12:38:11] --
[2025-09-25 12:38:11] 2025/09/25 12:38:11 socat[67544] N write(6, 0x5f8a4e76c000, 4) completed
[2025-09-25 12:38:11] < 2025/09/25 12:38:11.000820050  length=4 from=1411358 to=1411361
[2025-09-25 12:38:11]  00 00 00 00                                      ....
[2025-09-25 12:38:11] --
[2025-09-25 12:38:11] 2025/09/25 12:38:11 socat[67544] N write(6, 0x5f8a4e76c000, 4) completed
[2025-09-25 12:38:11] < 2025/09/25 12:38:11.000820071  length=4 from=1411362 to=1411365
[2025-09-25 12:38:11]  00 df 21 00                                      ..!.
[2025-09-25 12:38:11] --
[2025-09-25 12:38:11] 2025/09/25 12:38:11 socat[67544] N write(6, 0x5f8a4e76c000, 4) completed
[2025-09-25 12:38:11] < 2025/09/25 12:38:11.000820092  length=4 from=1411366 to=1411369
[2025-09-25 12:38:11]  00 00 00 00                                      ....
[2025-09-25 12:38:11] --
[2025-09-25 12:38:11] 2025/09/25 12:38:11 socat[67544] N write(6, 0x5f8a4e76c000, 4) completed
[2025-09-25 12:38:11] < 2025/09/25 12:38:11.000820112  length=4 from=1411370 to=1411373
[2025-09-25 12:38:11]  00 00 00 00                                      ....
[2025-09-25 12:38:11] --
[2025-09-25 12:38:11] 2025/09/25 12:38:11 socat[67544] N write(6, 0x5f8a4e76c000, 4) completed
[2025-09-25 12:38:11] < 2025/09/25 12:38:11.000820133  length=4 from=1411374 to=1411377
[2025-09-25 12:38:11]  00 00 00 00                                      ....
[2025-09-25 12:38:11] --
[2025-09-25 12:38:11] 2025/09/25 12:38:11 socat[67544] N write(6, 0x5f8a4e76c000, 4) completed
[2025-09-25 12:38:11] < 2025/09/25 12:38:11.000820154  length=4 from=1411378 to=1411381
[2025-09-25 12:38:11]  00 00 00 00                                      ....
[2025-09-25 12:38:11] --
[2025-09-25 12:38:11] 2025/09/25 12:38:11 socat[67544] N write(6, 0x5f8a4e76c000, 4) completed
[2025-09-25 12:38:11] < 2025/09/25 12:38:11.000820175  length=4 from=1411382 to=1411385
[2025-09-25 12:38:11]  00 00 00 00                                      ....
[2025-09-25 12:38:11] --
[2025-09-25 12:38:11] 2025/09/25 12:38:11 socat[67544] N write(6, 0x5f8a4e76c000, 4) completed
[2025-09-25 12:38:11] < 2025/09/25 12:38:11.000820196  length=4 from=1411386 to=1411389
[2025-09-25 12:38:11]  00 00 00 00                                      ....
[2025-09-25 12:38:11] --
[2025-09-25 12:38:11] 2025/09/25 12:38:11 socat[67544] N write(6, 0x5f8a4e76c000, 4) completed
[2025-09-25 12:38:11] < 2025/09/25 12:38:11.000820217  length=4 from=1411390 to=1411393
[2025-09-25 12:38:11]  00 00 00 00                                      ....
[2025-09-25 12:38:11] --
[2025-09-25 12:38:11] 2025/09/25 12:38:11 socat[67544] N write(6, 0x5f8a4e76c000, 4) completed
[2025-09-25 12:38:11] < 2025/09/25 12:38:11.000820237  length=4 from=1411394 to=1411397
[2025-09-25 12:38:11]  00 06 10 c9                                      ....
[2025-09-25 12:38:11] --
[2025-09-25 12:38:11] 2025/09/25 12:38:11 socat[67544] N write(6, 0x5f8a4e76c000, 4) completed
[2025-09-25 12:38:11] < 2025/09/25 12:38:11.000820258  length=4 from=1411398 to=1411401
[2025-09-25 12:38:11]  21 00 00 00                                      !...
[2025-09-25 12:38:11] --
[2025-09-25 12:38:11] 2025/09/25 12:38:11 socat[67544] N write(6, 0x5f8a4e76c000, 4) completed
[2025-09-25 12:38:11] < 2025/09/25 12:38:11.000820279  length=4 from=1411402 to=1411405
[2025-09-25 12:38:11]  00 00 00 06                                      ....
[2025-09-25 12:38:11] --
[2025-09-25 12:38:11] 2025/09/25 12:38:11 socat[67544] N write(6, 0x5f8a4e76c000, 4) completed
[2025-09-25 12:38:11] < 2025/09/25 12:38:11.000820300  length=4 from=1411406 to=1411409
[2025-09-25 12:38:11]  10 00 01 00                                      ....
[2025-09-25 12:38:11] --
[2025-09-25 12:38:11] 2025/09/25 12:38:11 socat[67544] N write(6, 0x5f8a4e76c000, 4) completed
[2025-09-25 12:38:11] < 2025/09/25 12:38:11.000820320  length=4 from=1411410 to=1411413
[2025-09-25 12:38:11]  00 00 00 00                                      ....
[2025-09-25 12:38:11] --
[2025-09-25 12:38:11] 2025/09/25 12:38:11 socat[67544] N write(6, 0x5f8a4e76c000, 4) completed
[2025-09-25 12:38:11] < 2025/09/25 12:38:11.000820341  length=4 from=1411414 to=1411417
[2025-09-25 12:38:11]  00 00 00 00                                      ....
[2025-09-25 12:38:11] --
[2025-09-25 12:38:11] 2025/09/25 12:38:11 socat[67544] N write(6, 0x5f8a4e76c000, 4) completed
[2025-09-25 12:38:11] < 2025/09/25 12:38:11.000820362  length=4 from=1411418 to=1411421
[2025-09-25 12:38:11]  00 00 00 00                                      ....
[2025-09-25 12:38:11] --
[2025-09-25 12:38:11] 2025/09/25 12:38:11 socat[67544] N write(6, 0x5f8a4e76c000, 4) completed
[2025-09-25 12:38:11] < 2025/09/25 12:38:11.000820383  length=4 from=1411422 to=1411425
[2025-09-25 12:38:11]  00 00 00 00                                      ....
[2025-09-25 12:38:11] --
[2025-09-25 12:38:11] 2025/09/25 12:38:11 socat[67544] N write(6, 0x5f8a4e76c000, 4) completed
[2025-09-25 12:38:11] < 2025/09/25 12:38:11.000820404  length=4 from=1411426 to=1411429
[2025-09-25 12:38:11]  00 00 00 00                                      ....
[2025-09-25 12:38:11] --
[2025-09-25 12:38:11] 2025/09/25 12:38:11 socat[67544] N write(6, 0x5f8a4e76c000, 4) completed
[2025-09-25 12:38:11] < 2025/09/25 12:38:11.000820427  length=4 from=1411430 to=1411433
[2025-09-25 12:38:11]  00 c8 21 00                                      ..!.
[2025-09-25 12:38:11] --
[2025-09-25 12:38:11] 2025/09/25 12:38:11 socat[67544] N write(6, 0x5f8a4e76c000, 4) completed
[2025-09-25 12:38:11] < 2025/09/25 12:38:11.000820448  length=4 from=1411434 to=1411437
[2025-09-25 12:38:11]  00 00 00 00                                      ....
[2025-09-25 12:38:11] --
[2025-09-25 12:38:11] 2025/09/25 12:38:11 socat[67544] N write(6, 0x5f8a4e76c000, 4) completed
[2025-09-25 12:38:11] < 2025/09/25 12:38:11.000820468  length=4 from=1411438 to=1411441
[2025-09-25 12:38:11]  00 00 00 00                                      ....
[2025-09-25 12:38:11] --
[2025-09-25 12:38:11] 2025/09/25 12:38:11 socat[67544] N write(6, 0x5f8a4e76c000, 4) completed
[2025-09-25 12:38:11] < 2025/09/25 12:38:11.000820489  length=4 from=1411442 to=1411445
[2025-09-25 12:38:11]  00 00 00 00                                      ....
[2025-09-25 12:38:11] --
[2025-09-25 12:38:11] 2025/09/25 12:38:11 socat[67544] N write(6, 0x5f8a4e76c000, 4) completed
[2025-09-25 12:38:11] < 2025/09/25 12:38:11.000820510  length=4 from=1411446 to=1411449
[2025-09-25 12:38:11]  00 00 00 00                                      ....
[2025-09-25 12:38:11] --
[2025-09-25 12:38:11] 2025/09/25 12:38:11 socat[67544] N write(6, 0x5f8a4e76c000, 4) completed
[2025-09-25 12:38:11] < 2025/09/25 12:38:11.000820531  length=4 from=1411450 to=1411453
[2025-09-25 12:38:11]  00 00 00 00                                      ....
[2025-09-25 12:38:11] --
[2025-09-25 12:38:11] 2025/09/25 12:38:11 socat[67544] N write(6, 0x5f8a4e76c000, 4) completed
[2025-09-25 12:38:11] < 2025/09/25 12:38:11.000820552  length=4 from=1411454 to=1411457
[2025-09-25 12:38:11]  00 00 00 00                                      ....
[2025-09-25 12:38:11] --
[2025-09-25 12:38:11] 2025/09/25 12:38:11 socat[67544] N write(6, 0x5f8a4e76c000, 4) completed
[2025-09-25 12:38:11] < 2025/09/25 12:38:11.000820572  length=4 from=1411458 to=1411461
[2025-09-25 12:38:11]  00 00 00 00                                      ....
[2025-09-25 12:38:11] --
[2025-09-25 12:38:11] 2025/09/25 12:38:11 socat[67544] N write(6, 0x5f8a4e76c000, 4) completed
[2025-09-25 12:38:11] < 2025/09/25 12:38:11.000820593  length=4 from=1411462 to=1411465
[2025-09-25 12:38:11]  00 00 00 df                                      ....
[2025-09-25 12:38:11] --
[2025-09-25 12:38:11] 2025/09/25 12:38:11 socat[67544] N write(6, 0x5f8a4e76c000, 4) completed
[2025-09-25 12:38:11] < 2025/09/25 12:38:11.000820614  length=4 from=1411466 to=1411469
[2025-09-25 12:38:11]  21 00 00 00                                      !...
[2025-09-25 12:38:11] --
[2025-09-25 12:38:11] 2025/09/25 12:38:11 socat[67544] N write(6, 0x5f8a4e76c000, 4) completed
[2025-09-25 12:38:11] < 2025/09/25 12:38:11.000820635  length=4 from=1411470 to=1411473
[2025-09-25 12:38:11]  00 00 00 00                                      ....
[2025-09-25 12:38:11] --
[2025-09-25 12:38:11] 2025/09/25 12:38:11 socat[67544] N write(6, 0x5f8a4e76c000, 4) completed
[2025-09-25 12:38:11] < 2025/09/25 12:38:11.000820659  length=4 from=1411474 to=1411477
[2025-09-25 12:38:11]  00 00 00 00                                      ....
[2025-09-25 12:38:11] --
[2025-09-25 12:38:11] 2025/09/25 12:38:11 socat[67544] N write(6, 0x5f8a4e76c000, 4) completed
[2025-09-25 12:38:11] < 2025/09/25 12:38:11.000820679  length=4 from=1411478 to=1411481
[2025-09-25 12:38:11]  00 00 00 00                                      ....
[2025-09-25 12:38:11] --
[2025-09-25 12:38:11] 2025/09/25 12:38:11 socat[67544] N write(6, 0x5f8a4e76c000, 4) completed
[2025-09-25 12:38:11] < 2025/09/25 12:38:11.000820700  length=4 from=1411482 to=1411485
[2025-09-25 12:38:11]  00 00 00 00                                      ....
[2025-09-25 12:38:11] --
[2025-09-25 12:38:11] 2025/09/25 12:38:11 socat[67544] N write(6, 0x5f8a4e76c000, 4) completed
[2025-09-25 12:38:11] < 2025/09/25 12:38:11.000820721  length=4 from=1411486 to=1411489
[2025-09-25 12:38:11]  00 00 00 00                                      ....
[2025-09-25 12:38:11] --
[2025-09-25 12:38:11] 2025/09/25 12:38:11 socat[67544] N write(6, 0x5f8a4e76c000, 4) completed
[2025-09-25 12:38:11] < 2025/09/25 12:38:11.000820742  length=4 from=1411490 to=1411493
[2025-09-25 12:38:11]  00 00 00 00                                      ....
[2025-09-25 12:38:11] --
[2025-09-25 12:38:11] 2025/09/25 12:38:11 socat[67544] N write(6, 0x5f8a4e76c000, 4) completed
[2025-09-25 12:38:11] < 2025/09/25 12:38:11.000820763  length=4 from=1411494 to=1411497
[2025-09-25 12:38:11]  00 00 00 00                                      ....
[2025-09-25 12:38:11] --
[2025-09-25 12:38:11] 2025/09/25 12:38:11 socat[67544] N write(6, 0x5f8a4e76c000, 4) completed
[2025-09-25 12:38:11] < 2025/09/25 12:38:11.000820784  length=4 from=1411498 to=1411501
[2025-09-25 12:38:11]  00 df 21 00                                      ..!.
[2025-09-25 12:38:11] --
[2025-09-25 12:38:11] 2025/09/25 12:38:11 socat[67544] N write(6, 0x5f8a4e76c000, 4) completed
[2025-09-25 12:38:11] < 2025/09/25 12:38:11.000820804  length=4 from=1411502 to=1411505
[2025-09-25 12:38:11]  00 00 00 00                                      ....
[2025-09-25 12:38:11] --
[2025-09-25 12:38:11] 2025/09/25 12:38:11 socat[67544] N write(6, 0x5f8a4e76c000, 4) completed
[2025-09-25 12:38:11] < 2025/09/25 12:38:11.000820825  length=4 from=1411506 to=1411509
[2025-09-25 12:38:11]  00 00 00 00                                      ....
[2025-09-25 12:38:11] --
[2025-09-25 12:38:11] 2025/09/25 12:38:11 socat[67544] N write(6, 0x5f8a4e76c000, 4) completed
[2025-09-25 12:38:11] < 2025/09/25 12:38:11.000820846  length=4 from=1411510 to=1411513
[2025-09-25 12:38:11]  00 00 00 00                                      ....
[2025-09-25 12:38:11] --
[2025-09-25 12:38:11] 2025/09/25 12:38:11 socat[67544] N write(6, 0x5f8a4e76c000, 4) completed
[2025-09-25 12:38:11] < 2025/09/25 12:38:11.000820867  length=4 from=1411514 to=1411517
[2025-09-25 12:38:11]  00 00 00 00                                      ....
[2025-09-25 12:38:11] --
[2025-09-25 12:38:11] 2025/09/25 12:38:11 socat[67544] N write(6, 0x5f8a4e76c000, 4) completed
[2025-09-25 12:38:11] < 2025/09/25 12:38:11.000820888  length=4 from=1411518 to=1411521
[2025-09-25 12:38:11]  00 00 00 00                                      ....
[2025-09-25 12:38:11] --
[2025-09-25 12:38:11] 2025/09/25 12:38:11 socat[67544] N write(6, 0x5f8a4e76c000, 4) completed
[2025-09-25 12:38:11] < 2025/09/25 12:38:11.000820909  length=4 from=1411522 to=1411525
[2025-09-25 12:38:11]  00 00 00 00                                      ....
[2025-09-25 12:38:11] --
[2025-09-25 12:38:11] 2025/09/25 12:38:11 socat[67544] N write(6, 0x5f8a4e76c000, 4) completed
[2025-09-25 12:38:11] < 2025/09/25 12:38:11.000820930  length=4 from=1411526 to=1411529
[2025-09-25 12:38:11]  00 00 00 00                                      ....
[2025-09-25 12:38:11] --
[2025-09-25 12:38:11] 2025/09/25 12:38:11 socat[67544] N write(6, 0x5f8a4e76c000, 4) completed
[2025-09-25 12:38:11] < 2025/09/25 12:38:11.000820950  length=4 from=1411530 to=1411533
[2025-09-25 12:38:11]  00 00 00 df                                      ....
[2025-09-25 12:38:11] --
[2025-09-25 12:38:11] 2025/09/25 12:38:11 socat[67544] N write(6, 0x5f8a4e76c000, 4) completed
[2025-09-25 12:38:11] < 2025/09/25 12:38:11.000820975  length=4 from=1411534 to=1411537
[2025-09-25 12:38:11]  21 00 00 00                                      !...
[2025-09-25 12:38:11] --
[2025-09-25 12:38:11] 2025/09/25 12:38:11 socat[67544] N write(6, 0x5f8a4e76c000, 4) completed
[2025-09-25 12:38:11] < 2025/09/25 12:38:11.000820996  length=4 from=1411538 to=1411541
[2025-09-25 12:38:11]  00 00 00 00                                      ....
[2025-09-25 12:38:11] --
[2025-09-25 12:38:11] 2025/09/25 12:38:11 socat[67544] N write(6, 0x5f8a4e76c000, 4) completed
[2025-09-25 12:38:11] < 2025/09/25 12:38:11.000821017  length=4 from=1411542 to=1411545
[2025-09-25 12:38:11]  00 00 00 00                                      ....
[2025-09-25 12:38:11] --
[2025-09-25 12:38:11] 2025/09/25 12:38:11 socat[67544] N write(6, 0x5f8a4e76c000, 4) completed
[2025-09-25 12:38:11] < 2025/09/25 12:38:11.000821038  length=4 from=1411546 to=1411549
[2025-09-25 12:38:11]  00 00 00 00                                      ....
[2025-09-25 12:38:11] --
[2025-09-25 12:38:11] 2025/09/25 12:38:11 socat[67544] N write(6, 0x5f8a4e76c000, 4) completed
[2025-09-25 12:38:11] < 2025/09/25 12:38:11.000821058  length=4 from=1411550 to=1411553
[2025-09-25 12:38:11]  00 00 00 00                                      ....
[2025-09-25 12:38:11] --
[2025-09-25 12:38:11] 2025/09/25 12:38:11 socat[67544] N write(6, 0x5f8a4e76c000, 4) completed
[2025-09-25 12:38:11] < 2025/09/25 12:38:11.000821079  length=4 from=1411554 to=1411557
[2025-09-25 12:38:11]  00 00 00 00                                      ....
[2025-09-25 12:38:11] --
[2025-09-25 12:38:11] 2025/09/25 12:38:11 socat[67544] N write(6, 0x5f8a4e76c000, 4) completed
[2025-09-25 12:38:11] < 2025/09/25 12:38:11.000821100  length=4 from=1411558 to=1411561
[2025-09-25 12:38:11]  00 00 00 00                                      ....
[2025-09-25 12:38:11] --
[2025-09-25 12:38:11] 2025/09/25 12:38:11 socat[67544] N write(6, 0x5f8a4e76c000, 4) completed
[2025-09-25 12:38:11] < 2025/09/25 12:38:11.000821121  length=4 from=1411562 to=1411565
[2025-09-25 12:38:11]  00 00 00 00                                      ....
[2025-09-25 12:38:11] --
[2025-09-25 12:38:11] 2025/09/25 12:38:11 socat[67544] N write(6, 0x5f8a4e76c000, 4) completed
[2025-09-25 12:38:11] < 2025/09/25 12:38:11.000821142  length=4 from=1411566 to=1411569
[2025-09-25 12:38:11]  00 df 21 00                                      ..!.
[2025-09-25 12:38:11] --
[2025-09-25 12:38:11] 2025/09/25 12:38:11 socat[67544] N write(6, 0x5f8a4e76c000, 4) completed
[2025-09-25 12:38:11] < 2025/09/25 12:38:11.000821162  length=4 from=1411570 to=1411573
[2025-09-25 12:38:11]  00 00 00 00                                      ....
[2025-09-25 12:38:11] --
[2025-09-25 12:38:11] 2025/09/25 12:38:11 socat[67544] N write(6, 0x5f8a4e76c000, 4) completed
[2025-09-25 12:38:11] < 2025/09/25 12:38:11.000821183  length=4 from=1411574 to=1411577
[2025-09-25 12:38:11]  00 00 00 00                                      ....
[2025-09-25 12:38:11] --
[2025-09-25 12:38:11] 2025/09/25 12:38:11 socat[67544] N write(6, 0x5f8a4e76c000, 4) completed
[2025-09-25 12:38:11] < 2025/09/25 12:38:11.000821204  length=4 from=1411578 to=1411581
[2025-09-25 12:38:11]  00 00 00 00                                      ....
[2025-09-25 12:38:11] --
[2025-09-25 12:38:11] 2025/09/25 12:38:11 socat[67544] N write(6, 0x5f8a4e76c000, 4) completed
[2025-09-25 12:38:11] < 2025/09/25 12:38:11.000821225  length=4 from=1411582 to=1411585
[2025-09-25 12:38:11]  00 00 00 00                                      ....
[2025-09-25 12:38:11] --
[2025-09-25 12:38:11] 2025/09/25 12:38:11 socat[67544] N write(6, 0x5f8a4e76c000, 4) completed
[2025-09-25 12:38:11] < 2025/09/25 12:38:11.000821245  length=4 from=1411586 to=1411589
[2025-09-25 12:38:11]  00 00 00 00                                      ....
[2025-09-25 12:38:11] --
[2025-09-25 12:38:11] 2025/09/25 12:38:11 socat[67544] N write(6, 0x5f8a4e76c000, 4) completed
[2025-09-25 12:38:11] < 2025/09/25 12:38:11.000821266  length=4 from=1411590 to=1411593
[2025-09-25 12:38:11]  00 00 00 00                                      ....
[2025-09-25 12:38:11] --
[2025-09-25 12:38:11] 2025/09/25 12:38:11 socat[67544] N write(6, 0x5f8a4e76c000, 4) completed
[2025-09-25 12:38:11] < 2025/09/25 12:38:11.000821287  length=4 from=1411594 to=1411597
[2025-09-25 12:38:11]  00 00 00 00                                      ....
[2025-09-25 12:38:11] --
[2025-09-25 12:38:11] 2025/09/25 12:38:11 socat[67544] N write(6, 0x5f8a4e76c000, 4) completed
[2025-09-25 12:38:11] < 2025/09/25 12:38:11.000821309  length=4 from=1411598 to=1411601
[2025-09-25 12:38:11]  00 00 00 df                                      ....
[2025-09-25 12:38:11] --
[2025-09-25 12:38:11] 2025/09/25 12:38:11 socat[67544] N write(6, 0x5f8a4e76c000, 4) completed
[2025-09-25 12:38:11] < 2025/09/25 12:38:11.000893677  length=4 from=1411602 to=1411605
[2025-09-25 12:38:11]  21 00 00 00                                      !...
[2025-09-25 12:38:11] --
[2025-09-25 12:38:11] 2025/09/25 12:38:11 socat[67544] N write(6, 0x5f8a4e76c000, 4) completed
[2025-09-25 12:38:11] < 2025/09/25 12:38:11.000893753  length=4 from=1411606 to=1411609
[2025-09-25 12:38:11]  00 00 00 00                                      ....
[2025-09-25 12:38:11] --
[2025-09-25 12:38:11] 2025/09/25 12:38:11 socat[67544] N write(6, 0x5f8a4e76c000, 4) completed
[2025-09-25 12:38:11] < 2025/09/25 12:38:11.000893773  length=4 from=1411610 to=1411613
[2025-09-25 12:38:11]  00 00 00 00                                      ....
[2025-09-25 12:38:11] --
[2025-09-25 12:38:11] 2025/09/25 12:38:11 socat[67544] N write(6, 0x5f8a4e76c000, 4) completed
[2025-09-25 12:38:11] < 2025/09/25 12:38:11.000893794  length=4 from=1411614 to=1411617
[2025-09-25 12:38:11]  00 00 00 00                                      ....
[2025-09-25 12:38:11] --
[2025-09-25 12:38:11] 2025/09/25 12:38:11 socat[67544] N write(6, 0x5f8a4e76c000, 4) completed
[2025-09-25 12:38:11] < 2025/09/25 12:38:11.000893813  length=4 from=1411618 to=1411621
[2025-09-25 12:38:11]  00 00 00 00                                      ....
[2025-09-25 12:38:11] --
[2025-09-25 12:38:11] 2025/09/25 12:38:11 socat[67544] N write(6, 0x5f8a4e76c000, 4) completed
[2025-09-25 12:38:11] < 2025/09/25 12:38:11.000893834  length=4 from=1411622 to=1411625
[2025-09-25 12:38:11]  00 00 00 00                                      ....
[2025-09-25 12:38:11] --
[2025-09-25 12:38:11] 2025/09/25 12:38:11 socat[67544] N write(6, 0x5f8a4e76c000, 4) completed
[2025-09-25 12:38:11] < 2025/09/25 12:38:11.000893852  length=4 from=1411626 to=1411629
[2025-09-25 12:38:11]  00 00 00 00                                      ....
[2025-09-25 12:38:11] --
[2025-09-25 12:38:11] 2025/09/25 12:38:11 socat[67544] N write(6, 0x5f8a4e76c000, 4) completed
[2025-09-25 12:38:11] < 2025/09/25 12:38:11.000893871  length=4 from=1411630 to=1411633
[2025-09-25 12:38:11]  00 00 00 00                                      ....
[2025-09-25 12:38:11] --
[2025-09-25 12:38:11] 2025/09/25 12:38:11 socat[67544] N write(6, 0x5f8a4e76c000, 4) completed
[2025-09-25 12:38:11] < 2025/09/25 12:38:11.000893890  length=4 from=1411634 to=1411637
[2025-09-25 12:38:11]  00 df 21 00                                      ..!.
[2025-09-25 12:38:11] --
[2025-09-25 12:38:11] 2025/09/25 12:38:11 socat[67544] N write(6, 0x5f8a4e76c000, 4) completed
[2025-09-25 12:38:11] < 2025/09/25 12:38:11.000893908  length=4 from=1411638 to=1411641
[2025-09-25 12:38:11]  00 00 00 00                                      ....
[2025-09-25 12:38:11] --
[2025-09-25 12:38:11] 2025/09/25 12:38:11 socat[67544] N write(6, 0x5f8a4e76c000, 4) completed
[2025-09-25 12:38:11] < 2025/09/25 12:38:11.000893927  length=4 from=1411642 to=1411645
[2025-09-25 12:38:11]  00 00 00 00                                      ....
[2025-09-25 12:38:11] --
[2025-09-25 12:38:11] 2025/09/25 12:38:11 socat[67544] N write(6, 0x5f8a4e76c000, 4) completed
[2025-09-25 12:38:11] < 2025/09/25 12:38:11.000893945  length=4 from=1411646 to=1411649
[2025-09-25 12:38:11]  00 00 00 00                                      ....
[2025-09-25 12:38:11] --
[2025-09-25 12:38:11] 2025/09/25 12:38:11 socat[67544] N write(6, 0x5f8a4e76c000, 4) completed
[2025-09-25 12:38:11] < 2025/09/25 12:38:11.000893990  length=4 from=1411650 to=1411653
[2025-09-25 12:38:11]  00 00 00 00                                      ....
[2025-09-25 12:38:11] --
[2025-09-25 12:38:11] 2025/09/25 12:38:11 socat[67544] N write(6, 0x5f8a4e76c000, 4) completed
[2025-09-25 12:38:11] < 2025/09/25 12:38:11.000894009  length=4 from=1411654 to=1411657
[2025-09-25 12:38:11]  00 00 00 00                                      ....
[2025-09-25 12:38:11] --
[2025-09-25 12:38:11] 2025/09/25 12:38:11 socat[67544] N write(6, 0x5f8a4e76c000, 4) completed
[2025-09-25 12:38:11] < 2025/09/25 12:38:11.000894028  length=4 from=1411658 to=1411661
[2025-09-25 12:38:11]  00 00 00 00                                      ....
[2025-09-25 12:38:11] --
[2025-09-25 12:38:11] 2025/09/25 12:38:11 socat[67544] N write(6, 0x5f8a4e76c000, 4) completed
[2025-09-25 12:38:11] < 2025/09/25 12:38:11.000894046  length=4 from=1411662 to=1411665
[2025-09-25 12:38:11]  00 00 00 00                                      ....
[2025-09-25 12:38:11] --
[2025-09-25 12:38:11] 2025/09/25 12:38:11 socat[67544] N write(6, 0x5f8a4e76c000, 4) completed
[2025-09-25 12:38:11] < 2025/09/25 12:38:11.000894065  length=4 from=1411666 to=1411669
[2025-09-25 12:38:11]  00 00 00 df                                      ....
[2025-09-25 12:38:11] --
[2025-09-25 12:38:11] 2025/09/25 12:38:11 socat[67544] N write(6, 0x5f8a4e76c000, 4) completed
[2025-09-25 12:38:11] < 2025/09/25 12:38:11.000894083  length=4 from=1411670 to=1411673
[2025-09-25 12:38:11]  21 00 00 00                                      !...
[2025-09-25 12:38:11] --
[2025-09-25 12:38:11] 2025/09/25 12:38:11 socat[67544] N write(6, 0x5f8a4e76c000, 4) completed
[2025-09-25 12:38:11] < 2025/09/25 12:38:11.000894104  length=4 from=1411674 to=1411677
[2025-09-25 12:38:11]  00 00 00 00                                      ....
[2025-09-25 12:38:11] --
[2025-09-25 12:38:11] 2025/09/25 12:38:11 socat[67544] N write(6, 0x5f8a4e76c000, 4) completed
[2025-09-25 12:38:11] < 2025/09/25 12:38:11.000894123  length=4 from=1411678 to=1411681
[2025-09-25 12:38:11]  00 00 00 00                                      ....
[2025-09-25 12:38:11] --
[2025-09-25 12:38:11] 2025/09/25 12:38:11 socat[67544] N write(6, 0x5f8a4e76c000, 4) completed
[2025-09-25 12:38:11] < 2025/09/25 12:38:11.000894142  length=4 from=1411682 to=1411685
[2025-09-25 12:38:11]  00 00 00 00                                      ....
[2025-09-25 12:38:11] --
[2025-09-25 12:38:11] 2025/09/25 12:38:11 socat[67544] N write(6, 0x5f8a4e76c000, 4) completed
[2025-09-25 12:38:11] < 2025/09/25 12:38:11.000894163  length=4 from=1411686 to=1411689
[2025-09-25 12:38:11]  00 00 00 00                                      ....
[2025-09-25 12:38:11] --
[2025-09-25 12:38:11] 2025/09/25 12:38:11 socat[67544] N write(6, 0x5f8a4e76c000, 4) completed
[2025-09-25 12:38:11] < 2025/09/25 12:38:11.000894181  length=4 from=1411690 to=1411693
[2025-09-25 12:38:11]  00 00 00 00                                      ....
[2025-09-25 12:38:11] --
[2025-09-25 12:38:11] 2025/09/25 12:38:11 socat[67544] N write(6, 0x5f8a4e76c000, 4) completed
[2025-09-25 12:38:11] < 2025/09/25 12:38:11.000894200  length=4 from=1411694 to=1411697
[2025-09-25 12:38:11]  00 00 00 00                                      ....
[2025-09-25 12:38:11] --
[2025-09-25 12:38:11] 2025/09/25 12:38:11 socat[67544] N write(6, 0x5f8a4e76c000, 4) completed
[2025-09-25 12:38:11] < 2025/09/25 12:38:11.000894218  length=4 from=1411698 to=1411701
[2025-09-25 12:38:11]  00 00 00 00                                      ....
[2025-09-25 12:38:11] --
[2025-09-25 12:38:11] 2025/09/25 12:38:11 socat[67544] N write(6, 0x5f8a4e76c000, 4) completed
[2025-09-25 12:38:11] < 2025/09/25 12:38:11.000894236  length=4 from=1411702 to=1411705
[2025-09-25 12:38:11]  00 df 21 00                                      ..!.
[2025-09-25 12:38:11] --
[2025-09-25 12:38:11] 2025/09/25 12:38:11 socat[67544] N write(6, 0x5f8a4e76c000, 4) completed
[2025-09-25 12:38:11] < 2025/09/25 12:38:11.000894255  length=4 from=1411706 to=1411709
[2025-09-25 12:38:11]  00 00 00 00                                      ....
[2025-09-25 12:38:11] --
[2025-09-25 12:38:11] 2025/09/25 12:38:11 socat[67544] N write(6, 0x5f8a4e76c000, 4) completed
[2025-09-25 12:38:11] < 2025/09/25 12:38:11.000894273  length=4 from=1411710 to=1411713
[2025-09-25 12:38:11]  00 00 00 00                                      ....
[2025-09-25 12:38:11] --
[2025-09-25 12:38:11] 2025/09/25 12:38:11 socat[67544] N write(6, 0x5f8a4e76c000, 4) completed
[2025-09-25 12:38:11] < 2025/09/25 12:38:11.000894292  length=4 from=1411714 to=1411717
[2025-09-25 12:38:11]  00 00 00 00                                      ....
[2025-09-25 12:38:11] --
[2025-09-25 12:38:11] 2025/09/25 12:38:11 socat[67544] N write(6, 0x5f8a4e76c000, 4) completed
[2025-09-25 12:38:11] < 2025/09/25 12:38:11.000894310  length=4 from=1411718 to=1411721
[2025-09-25 12:38:11]  00 00 00 00                                      ....
[2025-09-25 12:38:11] --
[2025-09-25 12:38:11] 2025/09/25 12:38:11 socat[67544] N write(6, 0x5f8a4e76c000, 4) completed
[2025-09-25 12:38:11] < 2025/09/25 12:38:11.000894329  length=4 from=1411722 to=1411725
[2025-09-25 12:38:11]  00 00 00 00                                      ....
[2025-09-25 12:38:11] --
[2025-09-25 12:38:11] 2025/09/25 12:38:11 socat[67544] N write(6, 0x5f8a4e76c000, 4) completed
[2025-09-25 12:38:11] < 2025/09/25 12:38:11.000894348  length=4 from=1411726 to=1411729
[2025-09-25 12:38:11]  00 00 00 00                                      ....
[2025-09-25 12:38:11] --
[2025-09-25 12:38:11] 2025/09/25 12:38:11 socat[67544] N write(6, 0x5f8a4e76c000, 4) completed
[2025-09-25 12:38:11] < 2025/09/25 12:38:11.000894366  length=4 from=1411730 to=1411733
[2025-09-25 12:38:11]  00 00 00 00                                      ....
[2025-09-25 12:38:11] --
[2025-09-25 12:38:11] 2025/09/25 12:38:11 socat[67544] N write(6, 0x5f8a4e76c000, 4) completed
[2025-09-25 12:38:11] < 2025/09/25 12:38:11.000894387  length=4 from=1411734 to=1411737
[2025-09-25 12:38:11]  00 00 00 df                                      ....
[2025-09-25 12:38:11] --
[2025-09-25 12:38:11] 2025/09/25 12:38:11 socat[67544] N write(6, 0x5f8a4e76c000, 4) completed
[2025-09-25 12:38:11] < 2025/09/25 12:38:11.000894405  length=4 from=1411738 to=1411741
[2025-09-25 12:38:11]  21 00 00 00                                      !...
[2025-09-25 12:38:11] --
[2025-09-25 12:38:11] 2025/09/25 12:38:11 socat[67544] N write(6, 0x5f8a4e76c000, 4) completed
[2025-09-25 12:38:11] < 2025/09/25 12:38:11.000894423  length=4 from=1411742 to=1411745
[2025-09-25 12:38:11]  00 00 00 00                                      ....
[2025-09-25 12:38:11] --
[2025-09-25 12:38:11] 2025/09/25 12:38:11 socat[67544] N write(6, 0x5f8a4e76c000, 4) completed
[2025-09-25 12:38:11] < 2025/09/25 12:38:11.000894446  length=4 from=1411746 to=1411749
[2025-09-25 12:38:11]  00 00 00 00                                      ....
[2025-09-25 12:38:11] --
[2025-09-25 12:38:11] 2025/09/25 12:38:11 socat[67544] N write(6, 0x5f8a4e76c000, 4) completed
[2025-09-25 12:38:11] < 2025/09/25 12:38:11.000894464  length=4 from=1411750 to=1411753
[2025-09-25 12:38:11]  00 00 00 00                                      ....
[2025-09-25 12:38:11] --
[2025-09-25 12:38:11] 2025/09/25 12:38:11 socat[67544] N write(6, 0x5f8a4e76c000, 4) completed
[2025-09-25 12:38:11] < 2025/09/25 12:38:11.000894483  length=4 from=1411754 to=1411757
[2025-09-25 12:38:11]  00 00 00 00                                      ....
[2025-09-25 12:38:11] --
[2025-09-25 12:38:11] 2025/09/25 12:38:11 socat[67544] N write(6, 0x5f8a4e76c000, 4) completed
[2025-09-25 12:38:11] < 2025/09/25 12:38:11.000894501  length=4 from=1411758 to=1411761
[2025-09-25 12:38:11]  00 00 00 00                                      ....
[2025-09-25 12:38:11] --
[2025-09-25 12:38:11] 2025/09/25 12:38:11 socat[67544] N write(6, 0x5f8a4e76c000, 4) completed
[2025-09-25 12:38:11] < 2025/09/25 12:38:11.000894520  length=4 from=1411762 to=1411765
[2025-09-25 12:38:11]  00 00 00 00                                      ....
[2025-09-25 12:38:11] --
[2025-09-25 12:38:11] 2025/09/25 12:38:11 socat[67544] N write(6, 0x5f8a4e76c000, 4) completed
[2025-09-25 12:38:11] < 2025/09/25 12:38:11.000894538  length=4 from=1411766 to=1411769
[2025-09-25 12:38:11]  00 00 00 00                                      ....
[2025-09-25 12:38:11] --
[2025-09-25 12:38:11] 2025/09/25 12:38:11 socat[67544] N write(6, 0x5f8a4e76c000, 4) completed
[2025-09-25 12:38:11] < 2025/09/25 12:38:11.000894557  length=4 from=1411770 to=1411773
[2025-09-25 12:38:11]  00 df 21 00                                      ..!.
[2025-09-25 12:38:11] --
[2025-09-25 12:38:11] 2025/09/25 12:38:11 socat[67544] N write(6, 0x5f8a4e76c000, 4) completed
[2025-09-25 12:38:11] < 2025/09/25 12:38:11.000894576  length=4 from=1411774 to=1411777
[2025-09-25 12:38:11]  00 00 00 00                                      ....
[2025-09-25 12:38:11] --
[2025-09-25 12:38:11] 2025/09/25 12:38:11 socat[67544] N write(6, 0x5f8a4e76c000, 4) completed
[2025-09-25 12:38:11] < 2025/09/25 12:38:11.000894594  length=4 from=1411778 to=1411781
[2025-09-25 12:38:11]  00 00 00 00                                      ....
[2025-09-25 12:38:11] --
[2025-09-25 12:38:11] 2025/09/25 12:38:11 socat[67544] N write(6, 0x5f8a4e76c000, 4) completed
[2025-09-25 12:38:11] < 2025/09/25 12:38:11.000894613  length=4 from=1411782 to=1411785
[2025-09-25 12:38:11]  00 00 00 00                                      ....
[2025-09-25 12:38:11] --
[2025-09-25 12:38:11] 2025/09/25 12:38:11 socat[67544] N write(6, 0x5f8a4e76c000, 4) completed
[2025-09-25 12:38:11] < 2025/09/25 12:38:11.000894631  length=4 from=1411786 to=1411789
[2025-09-25 12:38:11]  00 00 00 00                                      ....
[2025-09-25 12:38:11] --
[2025-09-25 12:38:11] 2025/09/25 12:38:11 socat[67544] N write(6, 0x5f8a4e76c000, 4) completed
[2025-09-25 12:38:11] < 2025/09/25 12:38:11.000894650  length=4 from=1411790 to=1411793
[2025-09-25 12:38:11]  00 00 00 00                                      ....
[2025-09-25 12:38:11] --
[2025-09-25 12:38:11] 2025/09/25 12:38:11 socat[67544] N write(6, 0x5f8a4e76c000, 4) completed
[2025-09-25 12:38:11] < 2025/09/25 12:38:11.000894668  length=4 from=1411794 to=1411797
[2025-09-25 12:38:11]  00 00 00 00                                      ....
[2025-09-25 12:38:11] --
[2025-09-25 12:38:11] 2025/09/25 12:38:11 socat[67544] N write(6, 0x5f8a4e76c000, 4) completed
[2025-09-25 12:38:11] < 2025/09/25 12:38:11.000894687  length=4 from=1411798 to=1411801
[2025-09-25 12:38:11]  00 00 00 00                                      ....
[2025-09-25 12:38:11] --
[2025-09-25 12:38:11] 2025/09/25 12:38:11 socat[67544] N write(6, 0x5f8a4e76c000, 4) completed
[2025-09-25 12:38:11] < 2025/09/25 12:38:11.000894705  length=4 from=1411802 to=1411805
[2025-09-25 12:38:11]  00 00 00 df                                      ....
[2025-09-25 12:38:11] --
[2025-09-25 12:38:11] 2025/09/25 12:38:11 socat[67544] N write(6, 0x5f8a4e76c000, 4) completed
[2025-09-25 12:38:11] < 2025/09/25 12:38:11.000894724  length=4 from=1411806 to=1411809
[2025-09-25 12:38:11]  21 00 00 00                                      !...
[2025-09-25 12:38:11] --
[2025-09-25 12:38:11] 2025/09/25 12:38:11 socat[67544] N write(6, 0x5f8a4e76c000, 4) completed
[2025-09-25 12:38:11] < 2025/09/25 12:38:11.000894742  length=4 from=1411810 to=1411813
[2025-09-25 12:38:11]  00 00 00 00                                      ....
[2025-09-25 12:38:11] --
[2025-09-25 12:38:11] 2025/09/25 12:38:11 socat[67544] N write(6, 0x5f8a4e76c000, 4) completed
[2025-09-25 12:38:11] < 2025/09/25 12:38:11.000894761  length=4 from=1411814 to=1411817
[2025-09-25 12:38:11]  00 00 00 00                                      ....
[2025-09-25 12:38:11] --
[2025-09-25 12:38:11] 2025/09/25 12:38:11 socat[67544] N write(6, 0x5f8a4e76c000, 4) completed
[2025-09-25 12:38:11] < 2025/09/25 12:38:11.000894779  length=4 from=1411818 to=1411821
[2025-09-25 12:38:11]  00 00 00 00                                      ....
[2025-09-25 12:38:11] --
[2025-09-25 12:38:11] 2025/09/25 12:38:11 socat[67544] N write(6, 0x5f8a4e76c000, 4) completed
[2025-09-25 12:38:11] < 2025/09/25 12:38:11.000894798  length=4 from=1411822 to=1411825
[2025-09-25 12:38:11]  00 00 00 00                                      ....
[2025-09-25 12:38:11] --
[2025-09-25 12:38:11] 2025/09/25 12:38:11 socat[67544] N write(6, 0x5f8a4e76c000, 4) completed
[2025-09-25 12:38:11] < 2025/09/25 12:38:11.000894816  length=4 from=1411826 to=1411829
[2025-09-25 12:38:11]  00 00 00 00                                      ....
[2025-09-25 12:38:11] --
[2025-09-25 12:38:11] 2025/09/25 12:38:11 socat[67544] N write(6, 0x5f8a4e76c000, 4) completed
[2025-09-25 12:38:11] < 2025/09/25 12:38:11.000894835  length=4 from=1411830 to=1411833
[2025-09-25 12:38:11]  00 00 00 00                                      ....
[2025-09-25 12:38:11] --
[2025-09-25 12:38:11] 2025/09/25 12:38:11 socat[67544] N write(6, 0x5f8a4e76c000, 4) completed
[2025-09-25 12:38:11] < 2025/09/25 12:38:11.000894853  length=4 from=1411834 to=1411837
[2025-09-25 12:38:11]  00 00 00 00                                      ....
[2025-09-25 12:38:11] --
[2025-09-25 12:38:11] 2025/09/25 12:38:11 socat[67544] N write(6, 0x5f8a4e76c000, 4) completed
[2025-09-25 12:38:11] < 2025/09/25 12:38:11.000894871  length=4 from=1411838 to=1411841
[2025-09-25 12:38:11]  00 df 21 00                                      ..!.
[2025-09-25 12:38:11] --
[2025-09-25 12:38:11] 2025/09/25 12:38:11 socat[67544] N write(6, 0x5f8a4e76c000, 4) completed
[2025-09-25 12:38:11] < 2025/09/25 12:38:11.000894890  length=4 from=1411842 to=1411845
[2025-09-25 12:38:11]  00 00 00 00                                      ....
[2025-09-25 12:38:11] --
[2025-09-25 12:38:11] 2025/09/25 12:38:11 socat[67544] N write(6, 0x5f8a4e76c000, 4) completed
[2025-09-25 12:38:11] < 2025/09/25 12:38:11.000894909  length=4 from=1411846 to=1411849
[2025-09-25 12:38:11]  00 00 00 00                                      ....
[2025-09-25 12:38:11] --
[2025-09-25 12:38:11] 2025/09/25 12:38:11 socat[67544] N write(6, 0x5f8a4e76c000, 4) completed
[2025-09-25 12:38:11] < 2025/09/25 12:38:11.000894927  length=4 from=1411850 to=1411853
[2025-09-25 12:38:11]  00 00 00 00                                      ....
[2025-09-25 12:38:11] --
[2025-09-25 12:38:11] 2025/09/25 12:38:11 socat[67544] N write(6, 0x5f8a4e76c000, 4) completed
[2025-09-25 12:38:11] < 2025/09/25 12:38:11.000894946  length=4 from=1411854 to=1411857
[2025-09-25 12:38:11]  00 00 00 00                                      ....
[2025-09-25 12:38:11] --
[2025-09-25 12:38:11] 2025/09/25 12:38:11 socat[67544] N write(6, 0x5f8a4e76c000, 4) completed
[2025-09-25 12:38:11] < 2025/09/25 12:38:11.000966903  length=4 from=1411858 to=1411861
[2025-09-25 12:38:11]  00 00 00 00                                      ....
[2025-09-25 12:38:11] --
[2025-09-25 12:38:11] 2025/09/25 12:38:11 socat[67544] N write(6, 0x5f8a4e76c000, 4) completed
[2025-09-25 12:38:11] < 2025/09/25 12:38:11.000967006  length=4 from=1411862 to=1411865
[2025-09-25 12:38:11]  00 00 00 00                                      ....
[2025-09-25 12:38:11] --
[2025-09-25 12:38:11] 2025/09/25 12:38:11 socat[67544] N write(6, 0x5f8a4e76c000, 4) completed
[2025-09-25 12:38:11] < 2025/09/25 12:38:11.000967032  length=4 from=1411866 to=1411869
[2025-09-25 12:38:11]  00 00 00 00                                      ....
[2025-09-25 12:38:11] --
[2025-09-25 12:38:11] 2025/09/25 12:38:11 socat[67544] N write(6, 0x5f8a4e76c000, 4) completed
[2025-09-25 12:38:11] < 2025/09/25 12:38:11.000967052  length=4 from=1411870 to=1411873
[2025-09-25 12:38:11]  00 00 00 df                                      ....
[2025-09-25 12:38:11] --
[2025-09-25 12:38:11] 2025/09/25 12:38:11 socat[67544] N write(6, 0x5f8a4e76c000, 4) completed
[2025-09-25 12:38:11] < 2025/09/25 12:38:11.000967089  length=4 from=1411874 to=1411877
[2025-09-25 12:38:11]  21 00 00 00                                      !...
[2025-09-25 12:38:11] --
[2025-09-25 12:38:11] 2025/09/25 12:38:11 socat[67544] N write(6, 0x5f8a4e76c000, 4) completed
[2025-09-25 12:38:11] < 2025/09/25 12:38:11.000967119  length=4 from=1411878 to=1411881
[2025-09-25 12:38:11]  00 00 00 00                                      ....
[2025-09-25 12:38:11] --
[2025-09-25 12:38:11] 2025/09/25 12:38:11 socat[67544] N write(6, 0x5f8a4e76c000, 4) completed
[2025-09-25 12:38:11] < 2025/09/25 12:38:11.000967142  length=4 from=1411882 to=1411885
[2025-09-25 12:38:11]  00 00 00 00                                      ....
[2025-09-25 12:38:11] --
[2025-09-25 12:38:11] 2025/09/25 12:38:11 socat[67544] N write(6, 0x5f8a4e76c000, 4) completed
[2025-09-25 12:38:11] < 2025/09/25 12:38:11.000967164  length=4 from=1411886 to=1411889
[2025-09-25 12:38:11]  00 00 00 00                                      ....
[2025-09-25 12:38:11] --
[2025-09-25 12:38:11] 2025/09/25 12:38:11 socat[67544] N write(6, 0x5f8a4e76c000, 4) completed
[2025-09-25 12:38:11] < 2025/09/25 12:38:11.000967187  length=4 from=1411890 to=1411893
[2025-09-25 12:38:11]  00 00 00 00                                      ....
[2025-09-25 12:38:11] --
[2025-09-25 12:38:11] 2025/09/25 12:38:11 socat[67544] N write(6, 0x5f8a4e76c000, 4) completed
[2025-09-25 12:38:11] < 2025/09/25 12:38:11.000967217  length=4 from=1411894 to=1411897
[2025-09-25 12:38:11]  00 00 00 00                                      ....
[2025-09-25 12:38:11] --
[2025-09-25 12:38:11] 2025/09/25 12:38:11 socat[67544] N write(6, 0x5f8a4e76c000, 4) completed
[2025-09-25 12:38:11] < 2025/09/25 12:38:11.000967255  length=4 from=1411898 to=1411901
[2025-09-25 12:38:11]  00 00 00 00                                      ....
[2025-09-25 12:38:11] --
[2025-09-25 12:38:11] 2025/09/25 12:38:11 socat[67544] N write(6, 0x5f8a4e76c000, 4) completed
[2025-09-25 12:38:11] < 2025/09/25 12:38:11.000967279  length=4 from=1411902 to=1411905
[2025-09-25 12:38:11]  00 00 00 00                                      ....
[2025-09-25 12:38:11] --
[2025-09-25 12:38:11] 2025/09/25 12:38:11 socat[67544] N write(6, 0x5f8a4e76c000, 4) completed
[2025-09-25 12:38:11] < 2025/09/25 12:38:11.000967302  length=4 from=1411906 to=1411909
[2025-09-25 12:38:11]  00 df 21 00                                      ..!.
[2025-09-25 12:38:11] --
[2025-09-25 12:38:11] 2025/09/25 12:38:11 socat[67544] N write(6, 0x5f8a4e76c000, 4) completed
[2025-09-25 12:38:11] < 2025/09/25 12:38:11.000967332  length=4 from=1411910 to=1411913
[2025-09-25 12:38:11]  00 00 00 00                                      ....
[2025-09-25 12:38:11] --
[2025-09-25 12:38:11] 2025/09/25 12:38:11 socat[67544] N write(6, 0x5f8a4e76c000, 4) completed
[2025-09-25 12:38:11] < 2025/09/25 12:38:11.000967356  length=4 from=1411914 to=1411917
[2025-09-25 12:38:11]  00 00 00 00                                      ....
[2025-09-25 12:38:11] --
[2025-09-25 12:38:11] 2025/09/25 12:38:11 socat[67544] N write(6, 0x5f8a4e76c000, 4) completed
[2025-09-25 12:38:11] < 2025/09/25 12:38:11.000967386  length=4 from=1411918 to=1411921
[2025-09-25 12:38:11]  00 00 00 00                                      ....
[2025-09-25 12:38:11] --
[2025-09-25 12:38:11] 2025/09/25 12:38:11 socat[67544] N write(6, 0x5f8a4e76c000, 4) completed
[2025-09-25 12:38:11] < 2025/09/25 12:38:11.000967419  length=4 from=1411922 to=1411925
[2025-09-25 12:38:11]  00 00 00 00                                      ....
[2025-09-25 12:38:11] --
[2025-09-25 12:38:11] 2025/09/25 12:38:11 socat[67544] N write(6, 0x5f8a4e76c000, 4) completed
[2025-09-25 12:38:11] < 2025/09/25 12:38:11.000967449  length=4 from=1411926 to=1411929
[2025-09-25 12:38:11]  00 00 00 00                                      ....
[2025-09-25 12:38:11] --
[2025-09-25 12:38:11] 2025/09/25 12:38:11 socat[67544] N write(6, 0x5f8a4e76c000, 4) completed
[2025-09-25 12:38:11] < 2025/09/25 12:38:11.000967478  length=4 from=1411930 to=1411933
[2025-09-25 12:38:11]  00 00 00 00                                      ....
[2025-09-25 12:38:11] --
[2025-09-25 12:38:11] 2025/09/25 12:38:11 socat[67544] N write(6, 0x5f8a4e76c000, 4) completed
[2025-09-25 12:38:11] < 2025/09/25 12:38:11.000967515  length=4 from=1411934 to=1411937
[2025-09-25 12:38:11]  00 00 00 00                                      ....
[2025-09-25 12:38:11] --
[2025-09-25 12:38:11] 2025/09/25 12:38:11 socat[67544] N write(6, 0x5f8a4e76c000, 4) completed
[2025-09-25 12:38:11] < 2025/09/25 12:38:11.000967538  length=4 from=1411938 to=1411941
[2025-09-25 12:38:11]  00 00 00 df                                      ....
[2025-09-25 12:38:11] --
[2025-09-25 12:38:11] 2025/09/25 12:38:11 socat[67544] N write(6, 0x5f8a4e76c000, 4) completed
[2025-09-25 12:38:11] < 2025/09/25 12:38:11.000967567  length=4 from=1411942 to=1411945
[2025-09-25 12:38:11]  21 00 00 00                                      !...
[2025-09-25 12:38:11] --
[2025-09-25 12:38:11] 2025/09/25 12:38:11 socat[67544] N write(6, 0x5f8a4e76c000, 4) completed
[2025-09-25 12:38:11] < 2025/09/25 12:38:11.000967591  length=4 from=1411946 to=1411949
[2025-09-25 12:38:11]  00 00 00 00                                      ....
[2025-09-25 12:38:11] --
[2025-09-25 12:38:11] 2025/09/25 12:38:11 socat[67544] N write(6, 0x5f8a4e76c000, 4) completed
[2025-09-25 12:38:11] < 2025/09/25 12:38:11.000967611  length=4 from=1411950 to=1411953
[2025-09-25 12:38:11]  00 00 00 00                                      ....
[2025-09-25 12:38:11] --
[2025-09-25 12:38:11] 2025/09/25 12:38:11 socat[67544] N write(6, 0x5f8a4e76c000, 4) completed
[2025-09-25 12:38:11] < 2025/09/25 12:38:11.000967631  length=4 from=1411954 to=1411957
[2025-09-25 12:38:11]  00 00 00 00                                      ....
[2025-09-25 12:38:11] --
[2025-09-25 12:38:11] 2025/09/25 12:38:11 socat[67544] N write(6, 0x5f8a4e76c000, 4) completed
[2025-09-25 12:38:11] < 2025/09/25 12:38:11.000967652  length=4 from=1411958 to=1411961
[2025-09-25 12:38:11]  00 00 00 00                                      ....
[2025-09-25 12:38:11] --
[2025-09-25 12:38:11] 2025/09/25 12:38:11 socat[67544] N write(6, 0x5f8a4e76c000, 4) completed
[2025-09-25 12:38:11] < 2025/09/25 12:38:11.000967682  length=4 from=1411962 to=1411965
[2025-09-25 12:38:11]  00 00 00 00                                      ....
[2025-09-25 12:38:11] --
[2025-09-25 12:38:11] 2025/09/25 12:38:11 socat[67544] N write(6, 0x5f8a4e76c000, 4) completed
[2025-09-25 12:38:11] < 2025/09/25 12:38:11.000967703  length=4 from=1411966 to=1411969
[2025-09-25 12:38:11]  00 00 00 00                                      ....
[2025-09-25 12:38:11] --
[2025-09-25 12:38:11] 2025/09/25 12:38:11 socat[67544] N write(6, 0x5f8a4e76c000, 4) completed
[2025-09-25 12:38:11] < 2025/09/25 12:38:11.000967723  length=4 from=1411970 to=1411973
[2025-09-25 12:38:11]  00 00 00 00                                      ....
[2025-09-25 12:38:11] --
[2025-09-25 12:38:11] 2025/09/25 12:38:11 socat[67544] N write(6, 0x5f8a4e76c000, 4) completed
[2025-09-25 12:38:11] < 2025/09/25 12:38:11.000967743  length=4 from=1411974 to=1411977
[2025-09-25 12:38:11]  00 df 21 00                                      ..!.
[2025-09-25 12:38:11] --
[2025-09-25 12:38:11] 2025/09/25 12:38:11 socat[67544] N write(6, 0x5f8a4e76c000, 4) completed
[2025-09-25 12:38:11] < 2025/09/25 12:38:11.000967765  length=4 from=1411978 to=1411981
[2025-09-25 12:38:11]  00 00 00 00                                      ....
[2025-09-25 12:38:11] --
[2025-09-25 12:38:11] 2025/09/25 12:38:11 socat[67544] N write(6, 0x5f8a4e76c000, 4) completed
[2025-09-25 12:38:11] < 2025/09/25 12:38:11.000967787  length=4 from=1411982 to=1411985
[2025-09-25 12:38:11]  00 00 00 00                                      ....
[2025-09-25 12:38:11] --
[2025-09-25 12:38:11] 2025/09/25 12:38:11 socat[67544] N write(6, 0x5f8a4e76c000, 4) completed
[2025-09-25 12:38:11] < 2025/09/25 12:38:11.000967815  length=4 from=1411986 to=1411989
[2025-09-25 12:38:11]  00 00 00 00                                      ....
[2025-09-25 12:38:11] --
[2025-09-25 12:38:11] 2025/09/25 12:38:11 socat[67544] N write(6, 0x5f8a4e76c000, 4) completed
[2025-09-25 12:38:11] < 2025/09/25 12:38:11.000967836  length=4 from=1411990 to=1411993
[2025-09-25 12:38:11]  00 00 00 00                                      ....
[2025-09-25 12:38:11] --
[2025-09-25 12:38:11] 2025/09/25 12:38:11 socat[67544] N write(6, 0x5f8a4e76c000, 4) completed
[2025-09-25 12:38:11] < 2025/09/25 12:38:11.000967856  length=4 from=1411994 to=1411997
[2025-09-25 12:38:11]  00 00 00 00                                      ....
[2025-09-25 12:38:11] --
[2025-09-25 12:38:11] 2025/09/25 12:38:11 socat[67544] N write(6, 0x5f8a4e76c000, 4) completed
[2025-09-25 12:38:11] < 2025/09/25 12:38:11.000967885  length=4 from=1411998 to=1412001
[2025-09-25 12:38:11]  00 00 00 00                                      ....
[2025-09-25 12:38:11] --
[2025-09-25 12:38:11] 2025/09/25 12:38:11 socat[67544] N write(6, 0x5f8a4e76c000, 4) completed
[2025-09-25 12:38:11] < 2025/09/25 12:38:11.000967905  length=4 from=1412002 to=1412005
[2025-09-25 12:38:11]  00 00 00 00                                      ....
[2025-09-25 12:38:11] --
[2025-09-25 12:38:11] 2025/09/25 12:38:11 socat[67544] N write(6, 0x5f8a4e76c000, 4) completed
[2025-09-25 12:38:11] < 2025/09/25 12:38:11.000967926  length=4 from=1412006 to=1412009
[2025-09-25 12:38:11]  00 00 00 df                                      ....
[2025-09-25 12:38:11] --
[2025-09-25 12:38:11] 2025/09/25 12:38:11 socat[67544] N write(6, 0x5f8a4e76c000, 4) completed
[2025-09-25 12:38:11] < 2025/09/25 12:38:11.000967946  length=4 from=1412010 to=1412013
[2025-09-25 12:38:11]  21 00 00 00                                      !...
[2025-09-25 12:38:11] --
[2025-09-25 12:38:11] 2025/09/25 12:38:11 socat[67544] N write(6, 0x5f8a4e76c000, 4) completed
[2025-09-25 12:38:11] < 2025/09/25 12:38:11.000967977  length=4 from=1412014 to=1412017
[2025-09-25 12:38:11]  00 00 00 00                                      ....
[2025-09-25 12:38:11] --
[2025-09-25 12:38:11] 2025/09/25 12:38:11 socat[67544] N write(6, 0x5f8a4e76c000, 4) completed
[2025-09-25 12:38:11] < 2025/09/25 12:38:11.000967998  length=4 from=1412018 to=1412021
[2025-09-25 12:38:11]  00 00 00 00                                      ....
[2025-09-25 12:38:11] --
[2025-09-25 12:38:11] 2025/09/25 12:38:11 socat[67544] N write(6, 0x5f8a4e76c000, 4) completed
[2025-09-25 12:38:11] < 2025/09/25 12:38:11.000968018  length=4 from=1412022 to=1412025
[2025-09-25 12:38:11]  00 00 00 00                                      ....
[2025-09-25 12:38:11] --
[2025-09-25 12:38:11] 2025/09/25 12:38:11 socat[67544] N write(6, 0x5f8a4e76c000, 4) completed
[2025-09-25 12:38:11] < 2025/09/25 12:38:11.000968040  length=4 from=1412026 to=1412029
[2025-09-25 12:38:11]  00 00 00 00                                      ....
[2025-09-25 12:38:11] --
[2025-09-25 12:38:11] 2025/09/25 12:38:11 socat[67544] N write(6, 0x5f8a4e76c000, 4) completed
[2025-09-25 12:38:11] < 2025/09/25 12:38:11.000968077  length=4 from=1412030 to=1412033
[2025-09-25 12:38:11]  00 00 00 00                                      ....
[2025-09-25 12:38:11] --
[2025-09-25 12:38:11] 2025/09/25 12:38:11 socat[67544] N write(6, 0x5f8a4e76c000, 4) completed
[2025-09-25 12:38:11] < 2025/09/25 12:38:11.000968114  length=4 from=1412034 to=1412037
[2025-09-25 12:38:11]  00 00 00 00                                      ....
[2025-09-25 12:38:11] --
[2025-09-25 12:38:11] 2025/09/25 12:38:11 socat[67544] N write(6, 0x5f8a4e76c000, 4) completed
[2025-09-25 12:38:11] < 2025/09/25 12:38:11.000968144  length=4 from=1412038 to=1412041
[2025-09-25 12:38:11]  00 00 00 00                                      ....
[2025-09-25 12:38:11] --
[2025-09-25 12:38:11] 2025/09/25 12:38:11 socat[67544] N write(6, 0x5f8a4e76c000, 4) completed
[2025-09-25 12:38:11] < 2025/09/25 12:38:11.000968182  length=4 from=1412042 to=1412045
[2025-09-25 12:38:11]  00 df 21 00                                      ..!.
[2025-09-25 12:38:11] --
[2025-09-25 12:38:11] 2025/09/25 12:38:11 socat[67544] N write(6, 0x5f8a4e76c000, 4) completed
[2025-09-25 12:38:11] < 2025/09/25 12:38:11.000968219  length=4 from=1412046 to=1412049
[2025-09-25 12:38:11]  00 00 00 00                                      ....
[2025-09-25 12:38:11] --
[2025-09-25 12:38:11] 2025/09/25 12:38:11 socat[67544] N write(6, 0x5f8a4e76c000, 4) completed
[2025-09-25 12:38:11] < 2025/09/25 12:38:11.000968256  length=4 from=1412050 to=1412053
[2025-09-25 12:38:11]  00 00 00 00                                      ....
[2025-09-25 12:38:11] --
[2025-09-25 12:38:11] 2025/09/25 12:38:11 socat[67544] N write(6, 0x5f8a4e76c000, 4) completed
[2025-09-25 12:38:11] < 2025/09/25 12:38:11.000968287  length=4 from=1412054 to=1412057
[2025-09-25 12:38:11]  00 00 00 00                                      ....
[2025-09-25 12:38:11] --
[2025-09-25 12:38:11] 2025/09/25 12:38:11 socat[67544] N write(6, 0x5f8a4e76c000, 4) completed
[2025-09-25 12:38:11] < 2025/09/25 12:38:11.000968324  length=4 from=1412058 to=1412061
[2025-09-25 12:38:11]  00 00 00 00                                      ....
[2025-09-25 12:38:11] --
[2025-09-25 12:38:11] 2025/09/25 12:38:11 socat[67544] N write(6, 0x5f8a4e76c000, 4) completed
[2025-09-25 12:38:11] < 2025/09/25 12:38:11.000968354  length=4 from=1412062 to=1412065
[2025-09-25 12:38:11]  00 00 00 00                                      ....
[2025-09-25 12:38:11] --
[2025-09-25 12:38:11] 2025/09/25 12:38:11 socat[67544] N write(6, 0x5f8a4e76c000, 4) completed
[2025-09-25 12:38:11] < 2025/09/25 12:38:11.000968391  length=4 from=1412066 to=1412069
[2025-09-25 12:38:11]  00 00 00 00                                      ....
[2025-09-25 12:38:11] --
[2025-09-25 12:38:11] 2025/09/25 12:38:11 socat[67544] N write(6, 0x5f8a4e76c000, 4) completed
[2025-09-25 12:38:11] < 2025/09/25 12:38:11.000968428  length=4 from=1412070 to=1412073
[2025-09-25 12:38:11]  00 00 00 00                                      ....
[2025-09-25 12:38:11] --
[2025-09-25 12:38:11] 2025/09/25 12:38:11 socat[67544] N write(6, 0x5f8a4e76c000, 4) completed
[2025-09-25 12:38:11] < 2025/09/25 12:38:11.000968465  length=4 from=1412074 to=1412077
[2025-09-25 12:38:11]  00 00 00 df                                      ....
[2025-09-25 12:38:11] --
[2025-09-25 12:38:11] 2025/09/25 12:38:11 socat[67544] N write(6, 0x5f8a4e76c000, 4) completed
[2025-09-25 12:38:11] < 2025/09/25 12:38:11.000968502  length=4 from=1412078 to=1412081
[2025-09-25 12:38:11]  21 00 00 00                                      !...
[2025-09-25 12:38:11] --
[2025-09-25 12:38:11] 2025/09/25 12:38:11 socat[67544] N write(6, 0x5f8a4e76c000, 4) completed
[2025-09-25 12:38:11] < 2025/09/25 12:38:11.000968533  length=4 from=1412082 to=1412085
[2025-09-25 12:38:11]  00 00 00 00                                      ....
[2025-09-25 12:38:11] --
[2025-09-25 12:38:11] 2025/09/25 12:38:11 socat[67544] N write(6, 0x5f8a4e76c000, 4) completed
[2025-09-25 12:38:11] < 2025/09/25 12:38:11.000968562  length=4 from=1412086 to=1412089
[2025-09-25 12:38:11]  00 00 00 00                                      ....
[2025-09-25 12:38:11] --
[2025-09-25 12:38:11] 2025/09/25 12:38:11 socat[67544] N write(6, 0x5f8a4e76c000, 4) completed
[2025-09-25 12:38:11] < 2025/09/25 12:38:11.000968582  length=4 from=1412090 to=1412093
[2025-09-25 12:38:11]  00 00 00 00                                      ....
[2025-09-25 12:38:11] --
[2025-09-25 12:38:11] 2025/09/25 12:38:11 socat[67544] N write(6, 0x5f8a4e76c000, 4) completed
[2025-09-25 12:38:11] < 2025/09/25 12:38:11.000968602  length=4 from=1412094 to=1412097
[2025-09-25 12:38:11]  00 00 00 00                                      ....
[2025-09-25 12:38:11] --
[2025-09-25 12:38:11] 2025/09/25 12:38:11 socat[67544] N write(6, 0x5f8a4e76c000, 4) completed
[2025-09-25 12:38:11] < 2025/09/25 12:38:11.000968622  length=4 from=1412098 to=1412101
[2025-09-25 12:38:11]  00 00 00 00                                      ....
[2025-09-25 12:38:11] --
[2025-09-25 12:38:11] 2025/09/25 12:38:11 socat[67544] N write(6, 0x5f8a4e76c000, 4) completed
[2025-09-25 12:38:11] < 2025/09/25 12:38:11.000968651  length=4 from=1412102 to=1412105
[2025-09-25 12:38:11]  00 00 00 00                                      ....
[2025-09-25 12:38:11] --
[2025-09-25 12:38:11] 2025/09/25 12:38:11 socat[67544] N write(6, 0x5f8a4e76c000, 4) completed
[2025-09-25 12:38:11] < 2025/09/25 12:38:11.000968671  length=4 from=1412106 to=1412109
[2025-09-25 12:38:11]  00 00 00 00                                      ....
[2025-09-25 12:38:11] --
[2025-09-25 12:38:11] 2025/09/25 12:38:11 socat[67544] N write(6, 0x5f8a4e76c000, 4) completed
[2025-09-25 12:38:11] < 2025/09/25 12:38:11.000968692  length=4 from=1412110 to=1412113
[2025-09-25 12:38:11]  00 df 21 00                                      ..!.
[2025-09-25 12:38:11] --
[2025-09-25 12:38:11] 2025/09/25 12:38:11 socat[67544] N write(6, 0x5f8a4e76c000, 4) completed
[2025-09-25 12:38:12] < 2025/09/25 12:38:12.000039864  length=4 from=1412114 to=1412117
[2025-09-25 12:38:12]  00 00 00 00                                      ....
[2025-09-25 12:38:12] --
[2025-09-25 12:38:12] 2025/09/25 12:38:12 socat[67544] N write(6, 0x5f8a4e76c000, 4) completed
[2025-09-25 12:38:12] < 2025/09/25 12:38:12.000039967  length=4 from=1412118 to=1412121
[2025-09-25 12:38:12]  00 00 00 00                                      ....
[2025-09-25 12:38:12] --
[2025-09-25 12:38:12] 2025/09/25 12:38:12 socat[67544] N write(6, 0x5f8a4e76c000, 4) completed
[2025-09-25 12:38:12] < 2025/09/25 12:38:12.000040019  length=4 from=1412122 to=1412125
[2025-09-25 12:38:12]  00 00 00 00                                      ....
[2025-09-25 12:38:12] --
[2025-09-25 12:38:12] 2025/09/25 12:38:12 socat[67544] N write(6, 0x5f8a4e76c000, 4) completed
[2025-09-25 12:38:12] < 2025/09/25 12:38:12.000040059  length=4 from=1412126 to=1412129
[2025-09-25 12:38:12]  00 00 00 00                                      ....
[2025-09-25 12:38:12] --
[2025-09-25 12:38:12] 2025/09/25 12:38:12 socat[67544] N write(6, 0x5f8a4e76c000, 4) completed
[2025-09-25 12:38:12] < 2025/09/25 12:38:12.000040084  length=4 from=1412130 to=1412133
[2025-09-25 12:38:12]  00 00 00 00                                      ....
[2025-09-25 12:38:12] --
[2025-09-25 12:38:12] 2025/09/25 12:38:12 socat[67544] N write(6, 0x5f8a4e76c000, 4) completed
[2025-09-25 12:38:12] < 2025/09/25 12:38:12.000040169  length=4 from=1412134 to=1412137
[2025-09-25 12:38:12]  00 00 00 00                                      ....
[2025-09-25 12:38:12] --
[2025-09-25 12:38:12] 2025/09/25 12:38:12 socat[67544] N write(6, 0x5f8a4e76c000, 4) completed
[2025-09-25 12:38:12] < 2025/09/25 12:38:12.000040229  length=4 from=1412138 to=1412141
[2025-09-25 12:38:12]  00 00 00 00                                      ....
[2025-09-25 12:38:12] --
[2025-09-25 12:38:12] 2025/09/25 12:38:12 socat[67544] N write(6, 0x5f8a4e76c000, 4) completed
[2025-09-25 12:38:12] < 2025/09/25 12:38:12.000040441  length=4 from=1412142 to=1412145
[2025-09-25 12:38:12]  00 00 00 df                                      ....
[2025-09-25 12:38:12] --
[2025-09-25 12:38:12] 2025/09/25 12:38:12 socat[67544] N write(6, 0x5f8a4e76c000, 4) completed
[2025-09-25 12:38:12] < 2025/09/25 12:38:12.000040466  length=4 from=1412146 to=1412149
[2025-09-25 12:38:12]  21 00 00 00                                      !...
[2025-09-25 12:38:12] --
[2025-09-25 12:38:12] 2025/09/25 12:38:12 socat[67544] N write(6, 0x5f8a4e76c000, 4) completed
[2025-09-25 12:38:12] < 2025/09/25 12:38:12.000040492  length=4 from=1412150 to=1412153
[2025-09-25 12:38:12]  00 00 00 00                                      ....
[2025-09-25 12:38:12] --
[2025-09-25 12:38:12] 2025/09/25 12:38:12 socat[67544] N write(6, 0x5f8a4e76c000, 4) completed
[2025-09-25 12:38:12] < 2025/09/25 12:38:12.000040517  length=4 from=1412154 to=1412157
[2025-09-25 12:38:12]  00 00 00 00                                      ....
[2025-09-25 12:38:12] --
[2025-09-25 12:38:12] 2025/09/25 12:38:12 socat[67544] N write(6, 0x5f8a4e76c000, 4) completed
[2025-09-25 12:38:12] < 2025/09/25 12:38:12.000040541  length=4 from=1412158 to=1412161
[2025-09-25 12:38:12]  00 00 00 00                                      ....
[2025-09-25 12:38:12] --
[2025-09-25 12:38:12] 2025/09/25 12:38:12 socat[67544] N write(6, 0x5f8a4e76c000, 4) completed
[2025-09-25 12:38:12] < 2025/09/25 12:38:12.000040717  length=4 from=1412162 to=1412165
[2025-09-25 12:38:12]  00 00 00 00                                      ....
[2025-09-25 12:38:12] --
[2025-09-25 12:38:12] 2025/09/25 12:38:12 socat[67544] N write(6, 0x5f8a4e76c000, 4) completed
[2025-09-25 12:38:12] < 2025/09/25 12:38:12.000040745  length=4 from=1412166 to=1412169
[2025-09-25 12:38:12]  00 00 00 00                                      ....
[2025-09-25 12:38:12] --
[2025-09-25 12:38:12] 2025/09/25 12:38:12 socat[67544] N write(6, 0x5f8a4e76c000, 4) completed
[2025-09-25 12:38:12] < 2025/09/25 12:38:12.000040767  length=4 from=1412170 to=1412173
[2025-09-25 12:38:12]  00 00 00 00                                      ....
[2025-09-25 12:38:12] --
[2025-09-25 12:38:12] 2025/09/25 12:38:12 socat[67544] N write(6, 0x5f8a4e76c000, 4) completed
[2025-09-25 12:38:12] < 2025/09/25 12:38:12.000040894  length=4 from=1412174 to=1412177
[2025-09-25 12:38:12]  00 00 00 00                                      ....
[2025-09-25 12:38:12] --
[2025-09-25 12:38:12] 2025/09/25 12:38:12 socat[67544] N write(6, 0x5f8a4e76c000, 4) completed
[2025-09-25 12:38:12] < 2025/09/25 12:38:12.000040920  length=4 from=1412178 to=1412181
[2025-09-25 12:38:12]  00 df 21 00                                      ..!.
[2025-09-25 12:38:12] --
[2025-09-25 12:38:12] 2025/09/25 12:38:12 socat[67544] N write(6, 0x5f8a4e76c000, 4) completed
[2025-09-25 12:38:12] < 2025/09/25 12:38:12.000040942  length=4 from=1412182 to=1412185
[2025-09-25 12:38:12]  00 00 00 00                                      ....
[2025-09-25 12:38:12] --
[2025-09-25 12:38:12] 2025/09/25 12:38:12 socat[67544] N write(6, 0x5f8a4e76c000, 4) completed
[2025-09-25 12:38:12] < 2025/09/25 12:38:12.000040979  length=4 from=1412186 to=1412189
[2025-09-25 12:38:12]  00 00 00 00                                      ....
[2025-09-25 12:38:12] --
[2025-09-25 12:38:12] 2025/09/25 12:38:12 socat[67544] N write(6, 0x5f8a4e76c000, 4) completed
[2025-09-25 12:38:12] < 2025/09/25 12:38:12.000041001  length=4 from=1412190 to=1412193
[2025-09-25 12:38:12]  00 00 00 00                                      ....
[2025-09-25 12:38:12] --
[2025-09-25 12:38:12] 2025/09/25 12:38:12 socat[67544] N write(6, 0x5f8a4e76c000, 4) completed
[2025-09-25 12:38:12] < 2025/09/25 12:38:12.000041023  length=4 from=1412194 to=1412197
[2025-09-25 12:38:12]  00 00 00 00                                      ....
[2025-09-25 12:38:12] --
[2025-09-25 12:38:12] 2025/09/25 12:38:12 socat[67544] N write(6, 0x5f8a4e76c000, 4) completed
[2025-09-25 12:38:12] < 2025/09/25 12:38:12.000041045  length=4 from=1412198 to=1412201
[2025-09-25 12:38:12]  00 00 00 00                                      ....
[2025-09-25 12:38:12] --
[2025-09-25 12:38:12] 2025/09/25 12:38:12 socat[67544] N write(6, 0x5f8a4e76c000, 4) completed
[2025-09-25 12:38:12] < 2025/09/25 12:38:12.000041067  length=4 from=1412202 to=1412205
[2025-09-25 12:38:12]  00 00 00 00                                      ....
[2025-09-25 12:38:12] --
[2025-09-25 12:38:12] 2025/09/25 12:38:12 socat[67544] N write(6, 0x5f8a4e76c000, 4) completed
[2025-09-25 12:38:12] < 2025/09/25 12:38:12.000041089  length=4 from=1412206 to=1412209
[2025-09-25 12:38:12]  00 00 00 00                                      ....
[2025-09-25 12:38:12] --
[2025-09-25 12:38:12] 2025/09/25 12:38:12 socat[67544] N write(6, 0x5f8a4e76c000, 4) completed
[2025-09-25 12:38:12] < 2025/09/25 12:38:12.000041119  length=4 from=1412210 to=1412213
[2025-09-25 12:38:12]  00 00 00 df                                      ....
[2025-09-25 12:38:12] --
[2025-09-25 12:38:12] 2025/09/25 12:38:12 socat[67544] N write(6, 0x5f8a4e76c000, 4) completed
[2025-09-25 12:38:12] < 2025/09/25 12:38:12.000041292  length=4 from=1412214 to=1412217
[2025-09-25 12:38:12]  21 00 00 00                                      !...
[2025-09-25 12:38:12] --
[2025-09-25 12:38:12] 2025/09/25 12:38:12 socat[67544] N write(6, 0x5f8a4e76c000, 4) completed
[2025-09-25 12:38:12] < 2025/09/25 12:38:12.000041320  length=4 from=1412218 to=1412221
[2025-09-25 12:38:12]  00 00 00 00                                      ....
[2025-09-25 12:38:12] --
[2025-09-25 12:38:12] 2025/09/25 12:38:12 socat[67544] N write(6, 0x5f8a4e76c000, 4) completed
[2025-09-25 12:38:12] < 2025/09/25 12:38:12.000041342  length=4 from=1412222 to=1412225
[2025-09-25 12:38:12]  00 00 00 00                                      ....
[2025-09-25 12:38:12] --
[2025-09-25 12:38:12] 2025/09/25 12:38:12 socat[67544] N write(6, 0x5f8a4e76c000, 4) completed
[2025-09-25 12:38:12] < 2025/09/25 12:38:12.000041424  length=4 from=1412226 to=1412229
[2025-09-25 12:38:12]  00 00 00 00                                      ....
[2025-09-25 12:38:12] --
[2025-09-25 12:38:12] 2025/09/25 12:38:12 socat[67544] N write(6, 0x5f8a4e76c000, 4) completed
[2025-09-25 12:38:12] < 2025/09/25 12:38:12.000041446  length=4 from=1412230 to=1412233
[2025-09-25 12:38:12]  00 00 00 00                                      ....
[2025-09-25 12:38:12] --
[2025-09-25 12:38:12] 2025/09/25 12:38:12 socat[67544] N write(6, 0x5f8a4e76c000, 4) completed
[2025-09-25 12:38:12] < 2025/09/25 12:38:12.000041467  length=4 from=1412234 to=1412237
[2025-09-25 12:38:12]  00 00 00 00                                      ....
[2025-09-25 12:38:12] --
[2025-09-25 12:38:12] 2025/09/25 12:38:12 socat[67544] N write(6, 0x5f8a4e76c000, 4) completed
[2025-09-25 12:38:12] < 2025/09/25 12:38:12.000041572  length=4 from=1412238 to=1412241
[2025-09-25 12:38:12]  00 00 00 00                                      ....
[2025-09-25 12:38:12] --
[2025-09-25 12:38:12] 2025/09/25 12:38:12 socat[67544] N write(6, 0x5f8a4e76c000, 4) completed
[2025-09-25 12:38:12] < 2025/09/25 12:38:12.000041595  length=4 from=1412242 to=1412245
[2025-09-25 12:38:12]  00 00 00 00                                      ....
[2025-09-25 12:38:12] --
[2025-09-25 12:38:12] 2025/09/25 12:38:12 socat[67544] N write(6, 0x5f8a4e76c000, 4) completed
[2025-09-25 12:38:12] < 2025/09/25 12:38:12.000041616  length=4 from=1412246 to=1412249
[2025-09-25 12:38:12]  00 df 21 00                                      ..!.
[2025-09-25 12:38:12] --
[2025-09-25 12:38:12] 2025/09/25 12:38:12 socat[67544] N write(6, 0x5f8a4e76c000, 4) completed
[2025-09-25 12:38:12] < 2025/09/25 12:38:12.000041638  length=4 from=1412250 to=1412253
[2025-09-25 12:38:12]  00 00 00 00                                      ....
[2025-09-25 12:38:12] --
[2025-09-25 12:38:12] 2025/09/25 12:38:12 socat[67544] N write(6, 0x5f8a4e76c000, 4) completed
[2025-09-25 12:38:12] < 2025/09/25 12:38:12.000041659  length=4 from=1412254 to=1412257
[2025-09-25 12:38:12]  00 00 00 00                                      ....
[2025-09-25 12:38:12] --
[2025-09-25 12:38:12] 2025/09/25 12:38:12 socat[67544] N write(6, 0x5f8a4e76c000, 4) completed
[2025-09-25 12:38:12] < 2025/09/25 12:38:12.000041681  length=4 from=1412258 to=1412261
[2025-09-25 12:38:12]  00 00 00 00                                      ....
[2025-09-25 12:38:12] --
[2025-09-25 12:38:12] 2025/09/25 12:38:12 socat[67544] N write(6, 0x5f8a4e76c000, 4) completed
[2025-09-25 12:38:12] < 2025/09/25 12:38:12.000041703  length=4 from=1412262 to=1412265
[2025-09-25 12:38:12]  00 00 00 00                                      ....
[2025-09-25 12:38:12] --
[2025-09-25 12:38:12] 2025/09/25 12:38:12 socat[67544] N write(6, 0x5f8a4e76c000, 4) completed
[2025-09-25 12:38:12] < 2025/09/25 12:38:12.000041724  length=4 from=1412266 to=1412269
[2025-09-25 12:38:12]  00 00 00 00                                      ....
[2025-09-25 12:38:12] --
[2025-09-25 12:38:12] 2025/09/25 12:38:12 socat[67544] N write(6, 0x5f8a4e76c000, 4) completed
[2025-09-25 12:38:12] < 2025/09/25 12:38:12.000041745  length=4 from=1412270 to=1412273
[2025-09-25 12:38:12]  00 00 00 00                                      ....
[2025-09-25 12:38:12] --
[2025-09-25 12:38:12] 2025/09/25 12:38:12 socat[67544] N write(6, 0x5f8a4e76c000, 4) completed
[2025-09-25 12:38:12] < 2025/09/25 12:38:12.000041767  length=4 from=1412274 to=1412277
[2025-09-25 12:38:12]  00 00 00 00                                      ....
[2025-09-25 12:38:12] --
[2025-09-25 12:38:12] 2025/09/25 12:38:12 socat[67544] N write(6, 0x5f8a4e76c000, 4) completed
[2025-09-25 12:38:12] < 2025/09/25 12:38:12.000041789  length=4 from=1412278 to=1412281
[2025-09-25 12:38:12]  00 00 00 df                                      ....
[2025-09-25 12:38:12] --
[2025-09-25 12:38:12] 2025/09/25 12:38:12 socat[67544] N write(6, 0x5f8a4e76c000, 4) completed
[2025-09-25 12:38:12] < 2025/09/25 12:38:12.000041810  length=4 from=1412282 to=1412285
[2025-09-25 12:38:12]  21 00 00 00                                      !...
[2025-09-25 12:38:12] --
[2025-09-25 12:38:12] 2025/09/25 12:38:12 socat[67544] N write(6, 0x5f8a4e76c000, 4) completed
[2025-09-25 12:38:12] < 2025/09/25 12:38:12.000041831  length=4 from=1412286 to=1412289
[2025-09-25 12:38:12]  00 00 00 00                                      ....
[2025-09-25 12:38:12] --
[2025-09-25 12:38:12] 2025/09/25 12:38:12 socat[67544] N write(6, 0x5f8a4e76c000, 4) completed
[2025-09-25 12:38:12] < 2025/09/25 12:38:12.000041853  length=4 from=1412290 to=1412293
[2025-09-25 12:38:12]  00 00 00 00                                      ....
[2025-09-25 12:38:12] --
[2025-09-25 12:38:12] 2025/09/25 12:38:12 socat[67544] N write(6, 0x5f8a4e76c000, 4) completed
[2025-09-25 12:38:12] < 2025/09/25 12:38:12.000041875  length=4 from=1412294 to=1412297
[2025-09-25 12:38:12]  00 00 00 00                                      ....
[2025-09-25 12:38:12] --
[2025-09-25 12:38:12] 2025/09/25 12:38:12 socat[67544] N write(6, 0x5f8a4e76c000, 4) completed
[2025-09-25 12:38:12] < 2025/09/25 12:38:12.000041896  length=4 from=1412298 to=1412301
[2025-09-25 12:38:12]  00 00 00 00                                      ....
[2025-09-25 12:38:12] --
[2025-09-25 12:38:12] 2025/09/25 12:38:12 socat[67544] N write(6, 0x5f8a4e76c000, 4) completed
[2025-09-25 12:38:12] < 2025/09/25 12:38:12.000041919  length=4 from=1412302 to=1412305
[2025-09-25 12:38:12]  00 00 00 00                                      ....
[2025-09-25 12:38:12] --
[2025-09-25 12:38:12] 2025/09/25 12:38:12 socat[67544] N write(6, 0x5f8a4e76c000, 4) completed
[2025-09-25 12:38:12] < 2025/09/25 12:38:12.000041940  length=4 from=1412306 to=1412309
[2025-09-25 12:38:12]  00 00 00 00                                      ....
[2025-09-25 12:38:12] --
[2025-09-25 12:38:12] 2025/09/25 12:38:12 socat[67544] N write(6, 0x5f8a4e76c000, 4) completed
[2025-09-25 12:38:12] < 2025/09/25 12:38:12.000041978  length=4 from=1412310 to=1412313
[2025-09-25 12:38:12]  00 00 00 00                                      ....
[2025-09-25 12:38:12] --
[2025-09-25 12:38:12] 2025/09/25 12:38:12 socat[67544] N write(6, 0x5f8a4e76c000, 4) completed
[2025-09-25 12:38:12] < 2025/09/25 12:38:12.000042000  length=4 from=1412314 to=1412317
[2025-09-25 12:38:12]  00 df 21 00                                      ..!.
[2025-09-25 12:38:12] --
[2025-09-25 12:38:12] 2025/09/25 12:38:12 socat[67544] N write(6, 0x5f8a4e76c000, 4) completed
[2025-09-25 12:38:12] < 2025/09/25 12:38:12.000042022  length=4 from=1412318 to=1412321
[2025-09-25 12:38:12]  00 00 00 00                                      ....
[2025-09-25 12:38:12] --
[2025-09-25 12:38:12] 2025/09/25 12:38:12 socat[67544] N write(6, 0x5f8a4e76c000, 4) completed
[2025-09-25 12:38:12] < 2025/09/25 12:38:12.000042044  length=4 from=1412322 to=1412325
[2025-09-25 12:38:12]  00 00 00 00                                      ....
[2025-09-25 12:38:12] --
[2025-09-25 12:38:12] 2025/09/25 12:38:12 socat[67544] N write(6, 0x5f8a4e76c000, 4) completed
[2025-09-25 12:38:12] < 2025/09/25 12:38:12.000042068  length=4 from=1412326 to=1412329
[2025-09-25 12:38:12]  00 00 00 00                                      ....
[2025-09-25 12:38:12] --
[2025-09-25 12:38:12] 2025/09/25 12:38:12 socat[67544] N write(6, 0x5f8a4e76c000, 4) completed
[2025-09-25 12:38:12] < 2025/09/25 12:38:12.000042089  length=4 from=1412330 to=1412333
[2025-09-25 12:38:12]  00 00 00 00                                      ....
[2025-09-25 12:38:12] --
[2025-09-25 12:38:12] 2025/09/25 12:38:12 socat[67544] N write(6, 0x5f8a4e76c000, 4) completed
[2025-09-25 12:38:12] < 2025/09/25 12:38:12.000042110  length=4 from=1412334 to=1412337
[2025-09-25 12:38:12]  00 00 00 00                                      ....
[2025-09-25 12:38:12] --
[2025-09-25 12:38:12] 2025/09/25 12:38:12 socat[67544] N write(6, 0x5f8a4e76c000, 4) completed
[2025-09-25 12:38:12] < 2025/09/25 12:38:12.000042131  length=4 from=1412338 to=1412341
[2025-09-25 12:38:12]  00 00 00 00                                      ....
[2025-09-25 12:38:12] --
[2025-09-25 12:38:12] 2025/09/25 12:38:12 socat[67544] N write(6, 0x5f8a4e76c000, 4) completed
[2025-09-25 12:38:12] < 2025/09/25 12:38:12.000042152  length=4 from=1412342 to=1412345
[2025-09-25 12:38:12]  00 00 00 00                                      ....
[2025-09-25 12:38:12] --
[2025-09-25 12:38:12] 2025/09/25 12:38:12 socat[67544] N write(6, 0x5f8a4e76c000, 4) completed
[2025-09-25 12:38:12] < 2025/09/25 12:38:12.000042173  length=4 from=1412346 to=1412349
[2025-09-25 12:38:12]  00 00 00 df                                      ....
[2025-09-25 12:38:12] --
[2025-09-25 12:38:12] 2025/09/25 12:38:12 socat[67544] N write(6, 0x5f8a4e76c000, 4) completed
[2025-09-25 12:38:12] < 2025/09/25 12:38:12.000042194  length=4 from=1412350 to=1412353
[2025-09-25 12:38:12]  21 00 00 00                                      !...
[2025-09-25 12:38:12] --
[2025-09-25 12:38:12] 2025/09/25 12:38:12 socat[67544] N write(6, 0x5f8a4e76c000, 4) completed
[2025-09-25 12:38:12] < 2025/09/25 12:38:12.000042215  length=4 from=1412354 to=1412357
[2025-09-25 12:38:12]  00 00 00 00                                      ....
[2025-09-25 12:38:12] --
[2025-09-25 12:38:12] 2025/09/25 12:38:12 socat[67544] N write(6, 0x5f8a4e76c000, 4) completed
[2025-09-25 12:38:12] < 2025/09/25 12:38:12.000042236  length=4 from=1412358 to=1412361
[2025-09-25 12:38:12]  00 00 00 00                                      ....
[2025-09-25 12:38:12] --
[2025-09-25 12:38:12] 2025/09/25 12:38:12 socat[67544] N write(6, 0x5f8a4e76c000, 4) completed
[2025-09-25 12:38:12] < 2025/09/25 12:38:12.000042257  length=4 from=1412362 to=1412365
[2025-09-25 12:38:12]  00 00 00 00                                      ....
[2025-09-25 12:38:12] --
[2025-09-25 12:38:12] 2025/09/25 12:38:12 socat[67544] N write(6, 0x5f8a4e76c000, 4) completed
[2025-09-25 12:38:12] < 2025/09/25 12:38:12.000042278  length=4 from=1412366 to=1412369
[2025-09-25 12:38:12]  00 00 00 00                                      ....
[2025-09-25 12:38:12] --
[2025-09-25 12:38:12] 2025/09/25 12:38:12 socat[67544] N write(6, 0x5f8a4e76c000, 4) completed
[2025-09-25 12:38:12] < 2025/09/25 12:38:12.000113143  length=4 from=1412370 to=1412373
[2025-09-25 12:38:12]  00 00 00 00                                      ....
[2025-09-25 12:38:12] --
[2025-09-25 12:38:12] 2025/09/25 12:38:12 socat[67544] N write(6, 0x5f8a4e76c000, 4) completed
[2025-09-25 12:38:12] < 2025/09/25 12:38:12.000113217  length=4 from=1412374 to=1412377
[2025-09-25 12:38:12]  00 00 00 00                                      ....
[2025-09-25 12:38:12] --
[2025-09-25 12:38:12] 2025/09/25 12:38:12 socat[67544] N write(6, 0x5f8a4e76c000, 4) completed
[2025-09-25 12:38:12] < 2025/09/25 12:38:12.000113237  length=4 from=1412378 to=1412381
[2025-09-25 12:38:12]  00 00 00 00                                      ....
[2025-09-25 12:38:12] --
[2025-09-25 12:38:12] 2025/09/25 12:38:12 socat[67544] N write(6, 0x5f8a4e76c000, 4) completed
[2025-09-25 12:38:12] < 2025/09/25 12:38:12.000113256  length=4 from=1412382 to=1412385
[2025-09-25 12:38:12]  00 df 21 00                                      ..!.
[2025-09-25 12:38:12] --
[2025-09-25 12:38:12] 2025/09/25 12:38:12 socat[67544] N write(6, 0x5f8a4e76c000, 4) completed
[2025-09-25 12:38:12] < 2025/09/25 12:38:12.000113278  length=4 from=1412386 to=1412389
[2025-09-25 12:38:12]  00 00 00 00                                      ....
[2025-09-25 12:38:12] --
[2025-09-25 12:38:12] 2025/09/25 12:38:12 socat[67544] N write(6, 0x5f8a4e76c000, 4) completed
[2025-09-25 12:38:12] < 2025/09/25 12:38:12.000113297  length=4 from=1412390 to=1412393
[2025-09-25 12:38:12]  00 00 00 00                                      ....
[2025-09-25 12:38:12] --
[2025-09-25 12:38:12] 2025/09/25 12:38:12 socat[67544] N write(6, 0x5f8a4e76c000, 4) completed
[2025-09-25 12:38:12] < 2025/09/25 12:38:12.000113316  length=4 from=1412394 to=1412397
[2025-09-25 12:38:12]  00 00 00 00                                      ....
[2025-09-25 12:38:12] --
[2025-09-25 12:38:12] 2025/09/25 12:38:12 socat[67544] N write(6, 0x5f8a4e76c000, 4) completed
[2025-09-25 12:38:12] < 2025/09/25 12:38:12.000113335  length=4 from=1412398 to=1412401
[2025-09-25 12:38:12]  00 00 00 00                                      ....
[2025-09-25 12:38:12] --
[2025-09-25 12:38:12] 2025/09/25 12:38:12 socat[67544] N write(6, 0x5f8a4e76c000, 4) completed
[2025-09-25 12:38:12] < 2025/09/25 12:38:12.000113354  length=4 from=1412402 to=1412405
[2025-09-25 12:38:12]  00 00 00 00                                      ....
[2025-09-25 12:38:12] --
[2025-09-25 12:38:12] 2025/09/25 12:38:12 socat[67544] N write(6, 0x5f8a4e76c000, 4) completed
[2025-09-25 12:38:12] < 2025/09/25 12:38:12.000113374  length=4 from=1412406 to=1412409
[2025-09-25 12:38:12]  00 00 00 00                                      ....
[2025-09-25 12:38:12] --
[2025-09-25 12:38:12] 2025/09/25 12:38:12 socat[67544] N write(6, 0x5f8a4e76c000, 4) completed
[2025-09-25 12:38:12] < 2025/09/25 12:38:12.000113393  length=4 from=1412410 to=1412413
[2025-09-25 12:38:12]  00 00 00 00                                      ....
[2025-09-25 12:38:12] --
[2025-09-25 12:38:12] 2025/09/25 12:38:12 socat[67544] N write(6, 0x5f8a4e76c000, 4) completed
[2025-09-25 12:38:12] < 2025/09/25 12:38:12.000113412  length=4 from=1412414 to=1412417
[2025-09-25 12:38:12]  00 00 00 df                                      ....
[2025-09-25 12:38:12] --
[2025-09-25 12:38:12] 2025/09/25 12:38:12 socat[67544] N write(6, 0x5f8a4e76c000, 4) completed
[2025-09-25 12:38:12] < 2025/09/25 12:38:12.000113431  length=4 from=1412418 to=1412421
[2025-09-25 12:38:12]  21 00 00 00                                      !...
[2025-09-25 12:38:12] --
[2025-09-25 12:38:12] 2025/09/25 12:38:12 socat[67544] N write(6, 0x5f8a4e76c000, 4) completed
[2025-09-25 12:38:12] < 2025/09/25 12:38:12.000113453  length=4 from=1412422 to=1412425
[2025-09-25 12:38:12]  00 00 00 00                                      ....
[2025-09-25 12:38:12] --
[2025-09-25 12:38:12] 2025/09/25 12:38:12 socat[67544] N write(6, 0x5f8a4e76c000, 4) completed
[2025-09-25 12:38:12] < 2025/09/25 12:38:12.000113471  length=4 from=1412426 to=1412429
[2025-09-25 12:38:12]  00 00 00 00                                      ....
[2025-09-25 12:38:12] --
[2025-09-25 12:38:12] 2025/09/25 12:38:12 socat[67544] N write(6, 0x5f8a4e76c000, 4) completed
[2025-09-25 12:38:12] < 2025/09/25 12:38:12.000113490  length=4 from=1412430 to=1412433
[2025-09-25 12:38:12]  00 00 00 00                                      ....
[2025-09-25 12:38:12] --
[2025-09-25 12:38:12] 2025/09/25 12:38:12 socat[67544] N write(6, 0x5f8a4e76c000, 4) completed
[2025-09-25 12:38:12] < 2025/09/25 12:38:12.000113508  length=4 from=1412434 to=1412437
[2025-09-25 12:38:12]  00 00 00 00                                      ....
[2025-09-25 12:38:12] --
[2025-09-25 12:38:12] 2025/09/25 12:38:12 socat[67544] N write(6, 0x5f8a4e76c000, 4) completed
[2025-09-25 12:38:12] < 2025/09/25 12:38:12.000113526  length=4 from=1412438 to=1412441
[2025-09-25 12:38:12]  00 00 00 00                                      ....
[2025-09-25 12:38:12] --
[2025-09-25 12:38:12] 2025/09/25 12:38:12 socat[67544] N write(6, 0x5f8a4e76c000, 4) completed
[2025-09-25 12:38:12] < 2025/09/25 12:38:12.000113545  length=4 from=1412442 to=1412445
[2025-09-25 12:38:12]  00 00 00 00                                      ....
[2025-09-25 12:38:12] --
[2025-09-25 12:38:12] 2025/09/25 12:38:12 socat[67544] N write(6, 0x5f8a4e76c000, 4) completed
[2025-09-25 12:38:12] < 2025/09/25 12:38:12.000113563  length=4 from=1412446 to=1412449
[2025-09-25 12:38:12]  00 00 00 00                                      ....
[2025-09-25 12:38:12] --
[2025-09-25 12:38:12] 2025/09/25 12:38:12 socat[67544] N write(6, 0x5f8a4e76c000, 4) completed
[2025-09-25 12:38:12] < 2025/09/25 12:38:12.000113581  length=4 from=1412450 to=1412453
[2025-09-25 12:38:12]  00 df 21 00                                      ..!.
[2025-09-25 12:38:12] --
[2025-09-25 12:38:12] 2025/09/25 12:38:12 socat[67544] N write(6, 0x5f8a4e76c000, 4) completed
[2025-09-25 12:38:12] < 2025/09/25 12:38:12.000113601  length=4 from=1412454 to=1412457
[2025-09-25 12:38:12]  00 00 00 00                                      ....
[2025-09-25 12:38:12] --
[2025-09-25 12:38:12] 2025/09/25 12:38:12 socat[67544] N write(6, 0x5f8a4e76c000, 4) completed
[2025-09-25 12:38:12] < 2025/09/25 12:38:12.000113619  length=4 from=1412458 to=1412461
[2025-09-25 12:38:12]  00 00 00 00                                      ....
[2025-09-25 12:38:12] --
[2025-09-25 12:38:12] 2025/09/25 12:38:12 socat[67544] N write(6, 0x5f8a4e76c000, 4) completed
[2025-09-25 12:38:12] < 2025/09/25 12:38:12.000113638  length=4 from=1412462 to=1412465
[2025-09-25 12:38:12]  00 00 00 00                                      ....
[2025-09-25 12:38:12] --
[2025-09-25 12:38:12] 2025/09/25 12:38:12 socat[67544] N write(6, 0x5f8a4e76c000, 4) completed
[2025-09-25 12:38:12] < 2025/09/25 12:38:12.000113656  length=4 from=1412466 to=1412469
[2025-09-25 12:38:12]  00 00 00 00                                      ....
[2025-09-25 12:38:12] --
[2025-09-25 12:38:12] 2025/09/25 12:38:12 socat[67544] N write(6, 0x5f8a4e76c000, 4) completed
[2025-09-25 12:38:12] < 2025/09/25 12:38:12.000113674  length=4 from=1412470 to=1412473
[2025-09-25 12:38:12]  00 00 00 00                                      ....
[2025-09-25 12:38:12] --
[2025-09-25 12:38:12] 2025/09/25 12:38:12 socat[67544] N write(6, 0x5f8a4e76c000, 4) completed
[2025-09-25 12:38:12] < 2025/09/25 12:38:12.000113693  length=4 from=1412474 to=1412477
[2025-09-25 12:38:12]  00 00 00 00                                      ....
[2025-09-25 12:38:12] --
[2025-09-25 12:38:12] 2025/09/25 12:38:12 socat[67544] N write(6, 0x5f8a4e76c000, 4) completed
[2025-09-25 12:38:12] < 2025/09/25 12:38:12.000113711  length=4 from=1412478 to=1412481
[2025-09-25 12:38:12]  00 00 00 00                                      ....
[2025-09-25 12:38:12] --
[2025-09-25 12:38:12] 2025/09/25 12:38:12 socat[67544] N write(6, 0x5f8a4e76c000, 4) completed
[2025-09-25 12:38:12] < 2025/09/25 12:38:12.000113729  length=4 from=1412482 to=1412485
[2025-09-25 12:38:12]  00 00 00 df                                      ....
[2025-09-25 12:38:12] --
[2025-09-25 12:38:12] 2025/09/25 12:38:12 socat[67544] N write(6, 0x5f8a4e76c000, 4) completed
[2025-09-25 12:38:12] < 2025/09/25 12:38:12.000113748  length=4 from=1412486 to=1412489
[2025-09-25 12:38:12]  21 00 00 00                                      !...
[2025-09-25 12:38:12] --
[2025-09-25 12:38:12] 2025/09/25 12:38:12 socat[67544] N write(6, 0x5f8a4e76c000, 4) completed
[2025-09-25 12:38:12] < 2025/09/25 12:38:12.000113766  length=4 from=1412490 to=1412493
[2025-09-25 12:38:12]  00 00 00 00                                      ....
[2025-09-25 12:38:12] --
[2025-09-25 12:38:12] 2025/09/25 12:38:12 socat[67544] N write(6, 0x5f8a4e76c000, 4) completed
[2025-09-25 12:38:12] < 2025/09/25 12:38:12.000113784  length=4 from=1412494 to=1412497
[2025-09-25 12:38:12]  00 00 00 00                                      ....
[2025-09-25 12:38:12] --
[2025-09-25 12:38:12] 2025/09/25 12:38:12 socat[67544] N write(6, 0x5f8a4e76c000, 4) completed
[2025-09-25 12:38:12] < 2025/09/25 12:38:12.000113803  length=4 from=1412498 to=1412501
[2025-09-25 12:38:12]  00 00 00 00                                      ....
[2025-09-25 12:38:12] --
[2025-09-25 12:38:12] 2025/09/25 12:38:12 socat[67544] N write(6, 0x5f8a4e76c000, 4) completed
[2025-09-25 12:38:12] < 2025/09/25 12:38:12.000113821  length=4 from=1412502 to=1412505
[2025-09-25 12:38:12]  00 00 00 00                                      ....
[2025-09-25 12:38:12] --
[2025-09-25 12:38:12] 2025/09/25 12:38:12 socat[67544] N write(6, 0x5f8a4e76c000, 4) completed
[2025-09-25 12:38:12] < 2025/09/25 12:38:12.000113839  length=4 from=1412506 to=1412509
[2025-09-25 12:38:12]  00 00 00 00                                      ....
[2025-09-25 12:38:12] --
[2025-09-25 12:38:12] 2025/09/25 12:38:12 socat[67544] N write(6, 0x5f8a4e76c000, 4) completed
[2025-09-25 12:38:12] < 2025/09/25 12:38:12.000113858  length=4 from=1412510 to=1412513
[2025-09-25 12:38:12]  00 00 00 00                                      ....
[2025-09-25 12:38:12] --
[2025-09-25 12:38:12] 2025/09/25 12:38:12 socat[67544] N write(6, 0x5f8a4e76c000, 4) completed
[2025-09-25 12:38:12] < 2025/09/25 12:38:12.000113876  length=4 from=1412514 to=1412517
[2025-09-25 12:38:12]  00 00 00 00                                      ....
[2025-09-25 12:38:12] --
[2025-09-25 12:38:12] 2025/09/25 12:38:12 socat[67544] N write(6, 0x5f8a4e76c000, 4) completed
[2025-09-25 12:38:12] < 2025/09/25 12:38:12.000113895  length=4 from=1412518 to=1412521
[2025-09-25 12:38:12]  00 df 21 00                                      ..!.
[2025-09-25 12:38:12] --
[2025-09-25 12:38:12] 2025/09/25 12:38:12 socat[67544] N write(6, 0x5f8a4e76c000, 4) completed
[2025-09-25 12:38:12] < 2025/09/25 12:38:12.000113913  length=4 from=1412522 to=1412525
[2025-09-25 12:38:12]  00 00 00 00                                      ....
[2025-09-25 12:38:12] --
[2025-09-25 12:38:12] 2025/09/25 12:38:12 socat[67544] N write(6, 0x5f8a4e76c000, 4) completed
[2025-09-25 12:38:12] < 2025/09/25 12:38:12.000113931  length=4 from=1412526 to=1412529
[2025-09-25 12:38:12]  00 00 00 00                                      ....
[2025-09-25 12:38:12] --
[2025-09-25 12:38:12] 2025/09/25 12:38:12 socat[67544] N write(6, 0x5f8a4e76c000, 4) completed
[2025-09-25 12:38:12] < 2025/09/25 12:38:12.000113950  length=4 from=1412530 to=1412533
[2025-09-25 12:38:12]  00 00 00 00                                      ....
[2025-09-25 12:38:12] --
[2025-09-25 12:38:12] 2025/09/25 12:38:12 socat[67544] N write(6, 0x5f8a4e76c000, 4) completed
[2025-09-25 12:38:12] < 2025/09/25 12:38:12.000113974  length=4 from=1412534 to=1412537
[2025-09-25 12:38:12]  00 00 00 00                                      ....
[2025-09-25 12:38:12] --
[2025-09-25 12:38:12] 2025/09/25 12:38:12 socat[67544] N write(6, 0x5f8a4e76c000, 4) completed
[2025-09-25 12:38:12] < 2025/09/25 12:38:12.000113993  length=4 from=1412538 to=1412541
[2025-09-25 12:38:12]  00 00 00 00                                      ....
[2025-09-25 12:38:12] --
[2025-09-25 12:38:12] 2025/09/25 12:38:12 socat[67544] N write(6, 0x5f8a4e76c000, 4) completed
[2025-09-25 12:38:12] < 2025/09/25 12:38:12.000114011  length=4 from=1412542 to=1412545
[2025-09-25 12:38:12]  00 00 00 00                                      ....
[2025-09-25 12:38:12] --
[2025-09-25 12:38:12] 2025/09/25 12:38:12 socat[67544] N write(6, 0x5f8a4e76c000, 4) completed
[2025-09-25 12:38:12] < 2025/09/25 12:38:12.000114032  length=4 from=1412546 to=1412549
[2025-09-25 12:38:12]  00 00 00 00                                      ....
[2025-09-25 12:38:12] --
[2025-09-25 12:38:12] 2025/09/25 12:38:12 socat[67544] N write(6, 0x5f8a4e76c000, 4) completed
[2025-09-25 12:38:12] < 2025/09/25 12:38:12.000114051  length=4 from=1412550 to=1412553
[2025-09-25 12:38:12]  00 00 00 df                                      ....
[2025-09-25 12:38:12] --
[2025-09-25 12:38:12] 2025/09/25 12:38:12 socat[67544] N write(6, 0x5f8a4e76c000, 4) completed
[2025-09-25 12:38:12] < 2025/09/25 12:38:12.000114070  length=4 from=1412554 to=1412557
[2025-09-25 12:38:12]  21 00 00 00                                      !...
[2025-09-25 12:38:12] --
[2025-09-25 12:38:12] 2025/09/25 12:38:12 socat[67544] N write(6, 0x5f8a4e76c000, 4) completed
[2025-09-25 12:38:12] < 2025/09/25 12:38:12.000114089  length=4 from=1412558 to=1412561
[2025-09-25 12:38:12]  00 00 00 00                                      ....
[2025-09-25 12:38:12] --
[2025-09-25 12:38:12] 2025/09/25 12:38:12 socat[67544] N write(6, 0x5f8a4e76c000, 4) completed
[2025-09-25 12:38:12] < 2025/09/25 12:38:12.000114108  length=4 from=1412562 to=1412565
[2025-09-25 12:38:12]  00 00 00 00                                      ....
[2025-09-25 12:38:12] --
[2025-09-25 12:38:12] 2025/09/25 12:38:12 socat[67544] N write(6, 0x5f8a4e76c000, 4) completed
[2025-09-25 12:38:12] < 2025/09/25 12:38:12.000114128  length=4 from=1412566 to=1412569
[2025-09-25 12:38:12]  00 00 00 00                                      ....
[2025-09-25 12:38:12] --
[2025-09-25 12:38:12] 2025/09/25 12:38:12 socat[67544] N write(6, 0x5f8a4e76c000, 4) completed
[2025-09-25 12:38:12] < 2025/09/25 12:38:12.000114146  length=4 from=1412570 to=1412573
[2025-09-25 12:38:12]  00 00 00 00                                      ....
[2025-09-25 12:38:12] --
[2025-09-25 12:38:12] 2025/09/25 12:38:12 socat[67544] N write(6, 0x5f8a4e76c000, 4) completed
[2025-09-25 12:38:12] < 2025/09/25 12:38:12.000114166  length=4 from=1412574 to=1412577
[2025-09-25 12:38:12]  00 00 00 00                                      ....
[2025-09-25 12:38:12] --
[2025-09-25 12:38:12] 2025/09/25 12:38:12 socat[67544] N write(6, 0x5f8a4e76c000, 4) completed
[2025-09-25 12:38:12] < 2025/09/25 12:38:12.000114185  length=4 from=1412578 to=1412581
[2025-09-25 12:38:12]  00 00 00 00                                      ....
[2025-09-25 12:38:12] --
[2025-09-25 12:38:12] 2025/09/25 12:38:12 socat[67544] N write(6, 0x5f8a4e76c000, 4) completed
[2025-09-25 12:38:12] < 2025/09/25 12:38:12.000114204  length=4 from=1412582 to=1412585
[2025-09-25 12:38:12]  00 00 00 00                                      ....
[2025-09-25 12:38:12] --
[2025-09-25 12:38:12] 2025/09/25 12:38:12 socat[67544] N write(6, 0x5f8a4e76c000, 4) completed
[2025-09-25 12:38:12] < 2025/09/25 12:38:12.000114223  length=4 from=1412586 to=1412589
[2025-09-25 12:38:12]  00 df 21 00                                      ..!.
[2025-09-25 12:38:12] --
[2025-09-25 12:38:12] 2025/09/25 12:38:12 socat[67544] N write(6, 0x5f8a4e76c000, 4) completed
[2025-09-25 12:38:12] < 2025/09/25 12:38:12.000114242  length=4 from=1412590 to=1412593
[2025-09-25 12:38:12]  00 00 00 00                                      ....
[2025-09-25 12:38:12] --
[2025-09-25 12:38:12] 2025/09/25 12:38:12 socat[67544] N write(6, 0x5f8a4e76c000, 4) completed
[2025-09-25 12:38:12] < 2025/09/25 12:38:12.000114261  length=4 from=1412594 to=1412597
[2025-09-25 12:38:12]  00 00 00 00                                      ....
[2025-09-25 12:38:12] --
[2025-09-25 12:38:12] 2025/09/25 12:38:12 socat[67544] N write(6, 0x5f8a4e76c000, 4) completed
[2025-09-25 12:38:12] < 2025/09/25 12:38:12.000114280  length=4 from=1412598 to=1412601
[2025-09-25 12:38:12]  00 00 00 00                                      ....
[2025-09-25 12:38:12] --
[2025-09-25 12:38:12] 2025/09/25 12:38:12 socat[67544] N write(6, 0x5f8a4e76c000, 4) completed
[2025-09-25 12:38:12] < 2025/09/25 12:38:12.000114299  length=4 from=1412602 to=1412605
[2025-09-25 12:38:12]  00 00 00 00                                      ....
[2025-09-25 12:38:12] --
[2025-09-25 12:38:12] 2025/09/25 12:38:12 socat[67544] N write(6, 0x5f8a4e76c000, 4) completed
[2025-09-25 12:38:12] < 2025/09/25 12:38:12.000114318  length=4 from=1412606 to=1412609
[2025-09-25 12:38:12]  00 00 00 00                                      ....
[2025-09-25 12:38:12] --
[2025-09-25 12:38:12] 2025/09/25 12:38:12 socat[67544] N write(6, 0x5f8a4e76c000, 4) completed
[2025-09-25 12:38:12] < 2025/09/25 12:38:12.000114337  length=4 from=1412610 to=1412613
[2025-09-25 12:38:12]  00 00 00 00                                      ....
[2025-09-25 12:38:12] --
[2025-09-25 12:38:12] 2025/09/25 12:38:12 socat[67544] N write(6, 0x5f8a4e76c000, 4) completed
[2025-09-25 12:38:12] < 2025/09/25 12:38:12.000114356  length=4 from=1412614 to=1412617
[2025-09-25 12:38:12]  00 00 00 00                                      ....
[2025-09-25 12:38:12] --
[2025-09-25 12:38:12] 2025/09/25 12:38:12 socat[67544] N write(6, 0x5f8a4e76c000, 4) completed
[2025-09-25 12:38:12] < 2025/09/25 12:38:12.000114375  length=4 from=1412618 to=1412621
[2025-09-25 12:38:12]  00 00 00 df                                      ....
[2025-09-25 12:38:12] --
[2025-09-25 12:38:12] 2025/09/25 12:38:12 socat[67544] N write(6, 0x5f8a4e76c000, 4) completed
[2025-09-25 12:38:12] < 2025/09/25 12:38:12.000114405  length=4 from=1412622 to=1412625
[2025-09-25 12:38:12]  21 00 00 00                                      !...
[2025-09-25 12:38:12] --
[2025-09-25 12:38:12] 2025/09/25 12:38:12 socat[67544] N write(6, 0x5f8a4e76c000, 4) completed
[2025-09-25 12:38:12] < 2025/09/25 12:38:12.000186776  length=4 from=1412626 to=1412629
[2025-09-25 12:38:12]  00 00 00 00                                      ....
[2025-09-25 12:38:12] --
[2025-09-25 12:38:12] 2025/09/25 12:38:12 socat[67544] N write(6, 0x5f8a4e76c000, 4) completed
[2025-09-25 12:38:12] < 2025/09/25 12:38:12.000186862  length=4 from=1412630 to=1412633
[2025-09-25 12:38:12]  00 00 00 00                                      ....
[2025-09-25 12:38:12] --
[2025-09-25 12:38:12] 2025/09/25 12:38:12 socat[67544] N write(6, 0x5f8a4e76c000, 4) completed
[2025-09-25 12:38:12] < 2025/09/25 12:38:12.000186884  length=4 from=1412634 to=1412637
[2025-09-25 12:38:12]  00 00 00 00                                      ....
[2025-09-25 12:38:12] --
[2025-09-25 12:38:12] 2025/09/25 12:38:12 socat[67544] N write(6, 0x5f8a4e76c000, 4) completed
[2025-09-25 12:38:12] < 2025/09/25 12:38:12.000186904  length=4 from=1412638 to=1412641
[2025-09-25 12:38:12]  00 00 00 00                                      ....
[2025-09-25 12:38:12] --
[2025-09-25 12:38:12] 2025/09/25 12:38:12 socat[67544] N write(6, 0x5f8a4e76c000, 4) completed
[2025-09-25 12:38:12] < 2025/09/25 12:38:12.000186929  length=4 from=1412642 to=1412645
[2025-09-25 12:38:12]  00 00 00 00                                      ....
[2025-09-25 12:38:12] --
[2025-09-25 12:38:12] 2025/09/25 12:38:12 socat[67544] N write(6, 0x5f8a4e76c000, 4) completed
[2025-09-25 12:38:12] < 2025/09/25 12:38:12.000186951  length=4 from=1412646 to=1412649
[2025-09-25 12:38:12]  00 00 00 00                                      ....
[2025-09-25 12:38:12] --
[2025-09-25 12:38:12] 2025/09/25 12:38:12 socat[67544] N write(6, 0x5f8a4e76c000, 4) completed
[2025-09-25 12:38:12] < 2025/09/25 12:38:12.000186992  length=4 from=1412650 to=1412653
[2025-09-25 12:38:12]  00 00 00 00                                      ....
[2025-09-25 12:38:12] --
[2025-09-25 12:38:12] 2025/09/25 12:38:12 socat[67544] N write(6, 0x5f8a4e76c000, 4) completed
[2025-09-25 12:38:12] < 2025/09/25 12:38:12.000187027  length=4 from=1412654 to=1412657
[2025-09-25 12:38:12]  00 df 21 00                                      ..!.
[2025-09-25 12:38:12] --
[2025-09-25 12:38:12] 2025/09/25 12:38:12 socat[67544] N write(6, 0x5f8a4e76c000, 4) completed
[2025-09-25 12:38:12] < 2025/09/25 12:38:12.000187048  length=4 from=1412658 to=1412661
[2025-09-25 12:38:12]  00 00 00 00                                      ....
[2025-09-25 12:38:12] --
[2025-09-25 12:38:12] 2025/09/25 12:38:12 socat[67544] N write(6, 0x5f8a4e76c000, 4) completed
[2025-09-25 12:38:12] < 2025/09/25 12:38:12.000187069  length=4 from=1412662 to=1412665
[2025-09-25 12:38:12]  00 00 00 00                                      ....
[2025-09-25 12:38:12] --
[2025-09-25 12:38:12] 2025/09/25 12:38:12 socat[67544] N write(6, 0x5f8a4e76c000, 4) completed
[2025-09-25 12:38:12] < 2025/09/25 12:38:12.000187089  length=4 from=1412666 to=1412669
[2025-09-25 12:38:12]  00 00 00 00                                      ....
[2025-09-25 12:38:12] --
[2025-09-25 12:38:12] 2025/09/25 12:38:12 socat[67544] N write(6, 0x5f8a4e76c000, 4) completed
[2025-09-25 12:38:12] < 2025/09/25 12:38:12.000187110  length=4 from=1412670 to=1412673
[2025-09-25 12:38:12]  00 00 00 00                                      ....
[2025-09-25 12:38:12] --
[2025-09-25 12:38:12] 2025/09/25 12:38:12 socat[67544] N write(6, 0x5f8a4e76c000, 4) completed
[2025-09-25 12:38:12] < 2025/09/25 12:38:12.000187130  length=4 from=1412674 to=1412677
[2025-09-25 12:38:12]  00 00 00 00                                      ....
[2025-09-25 12:38:12] --
[2025-09-25 12:38:12] 2025/09/25 12:38:12 socat[67544] N write(6, 0x5f8a4e76c000, 4) completed
[2025-09-25 12:38:12] < 2025/09/25 12:38:12.000187150  length=4 from=1412678 to=1412681
[2025-09-25 12:38:12]  00 00 00 00                                      ....
[2025-09-25 12:38:12] --
[2025-09-25 12:38:12] 2025/09/25 12:38:12 socat[67544] N write(6, 0x5f8a4e76c000, 4) completed
[2025-09-25 12:38:12] < 2025/09/25 12:38:12.000187171  length=4 from=1412682 to=1412685
[2025-09-25 12:38:12]  00 00 00 00                                      ....
[2025-09-25 12:38:12] --
[2025-09-25 12:38:12] 2025/09/25 12:38:12 socat[67544] N write(6, 0x5f8a4e76c000, 4) completed
[2025-09-25 12:38:12] < 2025/09/25 12:38:12.000187191  length=4 from=1412686 to=1412689
[2025-09-25 12:38:12]  00 00 00 df                                      ....
[2025-09-25 12:38:12] --
[2025-09-25 12:38:12] 2025/09/25 12:38:12 socat[67544] N write(6, 0x5f8a4e76c000, 4) completed
[2025-09-25 12:38:12] < 2025/09/25 12:38:12.000187211  length=4 from=1412690 to=1412693
[2025-09-25 12:38:12]  21 00 00 00                                      !...
[2025-09-25 12:38:12] --
[2025-09-25 12:38:12] 2025/09/25 12:38:12 socat[67544] N write(6, 0x5f8a4e76c000, 4) completed
[2025-09-25 12:38:12] < 2025/09/25 12:38:12.000187231  length=4 from=1412694 to=1412697
[2025-09-25 12:38:12]  00 00 00 00                                      ....
[2025-09-25 12:38:12] --
[2025-09-25 12:38:12] 2025/09/25 12:38:12 socat[67544] N write(6, 0x5f8a4e76c000, 4) completed
[2025-09-25 12:38:12] < 2025/09/25 12:38:12.000187252  length=4 from=1412698 to=1412701
[2025-09-25 12:38:12]  00 00 00 00                                      ....
[2025-09-25 12:38:12] --
[2025-09-25 12:38:12] 2025/09/25 12:38:12 socat[67544] N write(6, 0x5f8a4e76c000, 4) completed
[2025-09-25 12:38:12] < 2025/09/25 12:38:12.000187272  length=4 from=1412702 to=1412705
[2025-09-25 12:38:12]  00 00 00 00                                      ....
[2025-09-25 12:38:12] --
[2025-09-25 12:38:12] 2025/09/25 12:38:12 socat[67544] N write(6, 0x5f8a4e76c000, 4) completed
[2025-09-25 12:38:12] < 2025/09/25 12:38:12.000187292  length=4 from=1412706 to=1412709
[2025-09-25 12:38:12]  00 00 00 00                                      ....
[2025-09-25 12:38:12] --
[2025-09-25 12:38:12] 2025/09/25 12:38:12 socat[67544] N write(6, 0x5f8a4e76c000, 4) completed
[2025-09-25 12:38:12] < 2025/09/25 12:38:12.000187313  length=4 from=1412710 to=1412713
[2025-09-25 12:38:12]  00 00 00 00                                      ....
[2025-09-25 12:38:12] --
[2025-09-25 12:38:12] 2025/09/25 12:38:12 socat[67544] N write(6, 0x5f8a4e76c000, 4) completed
[2025-09-25 12:38:12] < 2025/09/25 12:38:12.000187333  length=4 from=1412714 to=1412717
[2025-09-25 12:38:12]  00 00 00 00                                      ....
[2025-09-25 12:38:12] --
[2025-09-25 12:38:12] 2025/09/25 12:38:12 socat[67544] N write(6, 0x5f8a4e76c000, 4) completed
[2025-09-25 12:38:12] < 2025/09/25 12:38:12.000187353  length=4 from=1412718 to=1412721
[2025-09-25 12:38:12]  00 00 00 00                                      ....
[2025-09-25 12:38:12] --
[2025-09-25 12:38:12] 2025/09/25 12:38:12 socat[67544] N write(6, 0x5f8a4e76c000, 4) completed
[2025-09-25 12:38:12] < 2025/09/25 12:38:12.000187374  length=4 from=1412722 to=1412725
[2025-09-25 12:38:12]  00 df 21 00                                      ..!.
[2025-09-25 12:38:12] --
[2025-09-25 12:38:12] 2025/09/25 12:38:12 socat[67544] N write(6, 0x5f8a4e76c000, 4) completed
[2025-09-25 12:38:12] < 2025/09/25 12:38:12.000187396  length=4 from=1412726 to=1412729
[2025-09-25 12:38:12]  00 00 00 00                                      ....
[2025-09-25 12:38:12] --
[2025-09-25 12:38:12] 2025/09/25 12:38:12 socat[67544] N write(6, 0x5f8a4e76c000, 4) completed
[2025-09-25 12:38:12] < 2025/09/25 12:38:12.000187416  length=4 from=1412730 to=1412733
[2025-09-25 12:38:12]  00 00 00 00                                      ....
[2025-09-25 12:38:12] --
[2025-09-25 12:38:12] 2025/09/25 12:38:12 socat[67544] N write(6, 0x5f8a4e76c000, 4) completed
[2025-09-25 12:38:12] < 2025/09/25 12:38:12.000187436  length=4 from=1412734 to=1412737
[2025-09-25 12:38:12]  00 00 00 00                                      ....
[2025-09-25 12:38:12] --
[2025-09-25 12:38:12] 2025/09/25 12:38:12 socat[67544] N write(6, 0x5f8a4e76c000, 4) completed
[2025-09-25 12:38:12] < 2025/09/25 12:38:12.000187457  length=4 from=1412738 to=1412741
[2025-09-25 12:38:12]  00 00 00 00                                      ....
[2025-09-25 12:38:12] --
[2025-09-25 12:38:12] 2025/09/25 12:38:12 socat[67544] N write(6, 0x5f8a4e76c000, 4) completed
[2025-09-25 12:38:12] < 2025/09/25 12:38:12.000187477  length=4 from=1412742 to=1412745
[2025-09-25 12:38:12]  00 00 00 00                                      ....
[2025-09-25 12:38:12] --
[2025-09-25 12:38:12] 2025/09/25 12:38:12 socat[67544] N write(6, 0x5f8a4e76c000, 4) completed
[2025-09-25 12:38:12] < 2025/09/25 12:38:12.000187497  length=4 from=1412746 to=1412749
[2025-09-25 12:38:12]  00 00 00 00                                      ....
[2025-09-25 12:38:12] --
[2025-09-25 12:38:12] 2025/09/25 12:38:12 socat[67544] N write(6, 0x5f8a4e76c000, 4) completed
[2025-09-25 12:38:12] < 2025/09/25 12:38:12.000187518  length=4 from=1412750 to=1412753
[2025-09-25 12:38:12]  00 00 00 00                                      ....
[2025-09-25 12:38:12] --
[2025-09-25 12:38:12] 2025/09/25 12:38:12 socat[67544] N write(6, 0x5f8a4e76c000, 4) completed
[2025-09-25 12:38:12] < 2025/09/25 12:38:12.000187538  length=4 from=1412754 to=1412757
[2025-09-25 12:38:12]  00 00 00 df                                      ....
[2025-09-25 12:38:12] --
[2025-09-25 12:38:12] 2025/09/25 12:38:12 socat[67544] N write(6, 0x5f8a4e76c000, 4) completed
[2025-09-25 12:38:12] < 2025/09/25 12:38:12.000187558  length=4 from=1412758 to=1412761
[2025-09-25 12:38:12]  21 00 00 00                                      !...
[2025-09-25 12:38:12] --
[2025-09-25 12:38:12] 2025/09/25 12:38:12 socat[67544] N write(6, 0x5f8a4e76c000, 4) completed
[2025-09-25 12:38:12] < 2025/09/25 12:38:12.000187579  length=4 from=1412762 to=1412765
[2025-09-25 12:38:12]  00 00 00 00                                      ....
[2025-09-25 12:38:12] --
[2025-09-25 12:38:12] 2025/09/25 12:38:12 socat[67544] N write(6, 0x5f8a4e76c000, 4) completed
[2025-09-25 12:38:12] < 2025/09/25 12:38:12.000187599  length=4 from=1412766 to=1412769
[2025-09-25 12:38:12]  00 00 00 00                                      ....
[2025-09-25 12:38:12] --
[2025-09-25 12:38:12] 2025/09/25 12:38:12 socat[67544] N write(6, 0x5f8a4e76c000, 4) completed
[2025-09-25 12:38:12] < 2025/09/25 12:38:12.000187619  length=4 from=1412770 to=1412773
[2025-09-25 12:38:12]  00 00 00 00                                      ....
[2025-09-25 12:38:12] --
[2025-09-25 12:38:12] 2025/09/25 12:38:12 socat[67544] N write(6, 0x5f8a4e76c000, 4) completed
[2025-09-25 12:38:12] < 2025/09/25 12:38:12.000187640  length=4 from=1412774 to=1412777
[2025-09-25 12:38:12]  00 00 00 00                                      ....
[2025-09-25 12:38:12] --
[2025-09-25 12:38:12] 2025/09/25 12:38:12 socat[67544] N write(6, 0x5f8a4e76c000, 4) completed
[2025-09-25 12:38:12] < 2025/09/25 12:38:12.000187660  length=4 from=1412778 to=1412781
[2025-09-25 12:38:12]  00 00 00 00                                      ....
[2025-09-25 12:38:12] --
[2025-09-25 12:38:12] 2025/09/25 12:38:12 socat[67544] N write(6, 0x5f8a4e76c000, 4) completed
[2025-09-25 12:38:12] < 2025/09/25 12:38:12.000187680  length=4 from=1412782 to=1412785
[2025-09-25 12:38:12]  00 00 00 00                                      ....
[2025-09-25 12:38:12] --
[2025-09-25 12:38:12] 2025/09/25 12:38:12 socat[67544] N write(6, 0x5f8a4e76c000, 4) completed
[2025-09-25 12:38:12] < 2025/09/25 12:38:12.000187700  length=4 from=1412786 to=1412789
[2025-09-25 12:38:12]  00 00 00 00                                      ....
[2025-09-25 12:38:12] --
[2025-09-25 12:38:12] 2025/09/25 12:38:12 socat[67544] N write(6, 0x5f8a4e76c000, 4) completed
[2025-09-25 12:38:12] < 2025/09/25 12:38:12.000187720  length=4 from=1412790 to=1412793
[2025-09-25 12:38:12]  00 df 21 00                                      ..!.
[2025-09-25 12:38:12] --
[2025-09-25 12:38:12] 2025/09/25 12:38:12 socat[67544] N write(6, 0x5f8a4e76c000, 4) completed
[2025-09-25 12:38:12] < 2025/09/25 12:38:12.000187741  length=4 from=1412794 to=1412797
[2025-09-25 12:38:12]  00 00 00 00                                      ....
[2025-09-25 12:38:12] --
[2025-09-25 12:38:12] 2025/09/25 12:38:12 socat[67544] N write(6, 0x5f8a4e76c000, 4) completed
[2025-09-25 12:38:12] < 2025/09/25 12:38:12.000187761  length=4 from=1412798 to=1412801
[2025-09-25 12:38:12]  00 00 00 00                                      ....
[2025-09-25 12:38:12] --
[2025-09-25 12:38:12] 2025/09/25 12:38:12 socat[67544] N write(6, 0x5f8a4e76c000, 4) completed
[2025-09-25 12:38:12] < 2025/09/25 12:38:12.000187781  length=4 from=1412802 to=1412805
[2025-09-25 12:38:12]  00 00 00 00                                      ....
[2025-09-25 12:38:12] --
[2025-09-25 12:38:12] 2025/09/25 12:38:12 socat[67544] N write(6, 0x5f8a4e76c000, 4) completed
[2025-09-25 12:38:12] < 2025/09/25 12:38:12.000187802  length=4 from=1412806 to=1412809
[2025-09-25 12:38:12]  00 00 00 00                                      ....
[2025-09-25 12:38:12] --
[2025-09-25 12:38:12] 2025/09/25 12:38:12 socat[67544] N write(6, 0x5f8a4e76c000, 4) completed
[2025-09-25 12:38:12] < 2025/09/25 12:38:12.000187822  length=4 from=1412810 to=1412813
[2025-09-25 12:38:12]  00 00 00 00                                      ....
[2025-09-25 12:38:12] --
[2025-09-25 12:38:12] 2025/09/25 12:38:12 socat[67544] N write(6, 0x5f8a4e76c000, 4) completed
[2025-09-25 12:38:12] < 2025/09/25 12:38:12.000187843  length=4 from=1412814 to=1412817
[2025-09-25 12:38:12]  00 00 00 00                                      ....
[2025-09-25 12:38:12] --
[2025-09-25 12:38:12] 2025/09/25 12:38:12 socat[67544] N write(6, 0x5f8a4e76c000, 4) completed
[2025-09-25 12:38:12] < 2025/09/25 12:38:12.000187863  length=4 from=1412818 to=1412821
[2025-09-25 12:38:12]  00 00 00 00                                      ....
[2025-09-25 12:38:12] --
[2025-09-25 12:38:12] 2025/09/25 12:38:12 socat[67544] N write(6, 0x5f8a4e76c000, 4) completed
[2025-09-25 12:38:12] < 2025/09/25 12:38:12.000187883  length=4 from=1412822 to=1412825
[2025-09-25 12:38:12]  00 00 00 df                                      ....
[2025-09-25 12:38:12] --
[2025-09-25 12:38:12] 2025/09/25 12:38:12 socat[67544] N write(6, 0x5f8a4e76c000, 4) completed
[2025-09-25 12:38:12] < 2025/09/25 12:38:12.000188056  length=4 from=1412826 to=1412829
[2025-09-25 12:38:12]  21 00 00 00                                      !...
[2025-09-25 12:38:12] --
[2025-09-25 12:38:12] 2025/09/25 12:38:12 socat[67544] N write(6, 0x5f8a4e76c000, 4) completed
[2025-09-25 12:38:12] < 2025/09/25 12:38:12.000188083  length=4 from=1412830 to=1412833
[2025-09-25 12:38:12]  00 00 00 00                                      ....
[2025-09-25 12:38:12] --
[2025-09-25 12:38:12] 2025/09/25 12:38:12 socat[67544] N write(6, 0x5f8a4e76c000, 4) completed
[2025-09-25 12:38:12] < 2025/09/25 12:38:12.000188178  length=4 from=1412834 to=1412837
[2025-09-25 12:38:12]  00 00 00 00                                      ....
[2025-09-25 12:38:12] --
[2025-09-25 12:38:12] 2025/09/25 12:38:12 socat[67544] N write(6, 0x5f8a4e76c000, 4) completed
[2025-09-25 12:38:12] < 2025/09/25 12:38:12.000188202  length=4 from=1412838 to=1412841
[2025-09-25 12:38:12]  00 00 00 00                                      ....
[2025-09-25 12:38:12] --
[2025-09-25 12:38:12] 2025/09/25 12:38:12 socat[67544] N write(6, 0x5f8a4e76c000, 4) completed
[2025-09-25 12:38:12] < 2025/09/25 12:38:12.000188251  length=4 from=1412842 to=1412845
[2025-09-25 12:38:12]  00 00 00 00                                      ....
[2025-09-25 12:38:12] --
[2025-09-25 12:38:12] 2025/09/25 12:38:12 socat[67544] N write(6, 0x5f8a4e76c000, 4) completed
[2025-09-25 12:38:12] < 2025/09/25 12:38:12.000188288  length=4 from=1412846 to=1412849
[2025-09-25 12:38:12]  00 00 00 00                                      ....
[2025-09-25 12:38:12] --
[2025-09-25 12:38:12] 2025/09/25 12:38:12 socat[67544] N write(6, 0x5f8a4e76c000, 4) completed
[2025-09-25 12:38:12] < 2025/09/25 12:38:12.000188309  length=4 from=1412850 to=1412853
[2025-09-25 12:38:12]  00 00 00 00                                      ....
[2025-09-25 12:38:12] --
[2025-09-25 12:38:12] 2025/09/25 12:38:12 socat[67544] N write(6, 0x5f8a4e76c000, 4) completed
[2025-09-25 12:38:12] < 2025/09/25 12:38:12.000188329  length=4 from=1412854 to=1412857
[2025-09-25 12:38:12]  00 00 00 00                                      ....
[2025-09-25 12:38:12] --
[2025-09-25 12:38:12] 2025/09/25 12:38:12 socat[67544] N write(6, 0x5f8a4e76c000, 4) completed
[2025-09-25 12:38:12] < 2025/09/25 12:38:12.000188349  length=4 from=1412858 to=1412861
[2025-09-25 12:38:12]  00 df 21 00                                      ..!.
[2025-09-25 12:38:12] --
[2025-09-25 12:38:12] 2025/09/25 12:38:12 socat[67544] N write(6, 0x5f8a4e76c000, 4) completed
[2025-09-25 12:38:12] < 2025/09/25 12:38:12.000188369  length=4 from=1412862 to=1412865
[2025-09-25 12:38:12]  00 00 00 00                                      ....
[2025-09-25 12:38:12] --
[2025-09-25 12:38:12] 2025/09/25 12:38:12 socat[67544] N write(6, 0x5f8a4e76c000, 4) completed
[2025-09-25 12:38:12] < 2025/09/25 12:38:12.000188388  length=4 from=1412866 to=1412869
[2025-09-25 12:38:12]  00 00 00 00                                      ....
[2025-09-25 12:38:12] --
[2025-09-25 12:38:12] 2025/09/25 12:38:12 socat[67544] N write(6, 0x5f8a4e76c000, 4) completed
[2025-09-25 12:38:12] < 2025/09/25 12:38:12.000188491  length=4 from=1412870 to=1412873
[2025-09-25 12:38:12]  00 00 00 00                                      ....
[2025-09-25 12:38:12] --
[2025-09-25 12:38:12] 2025/09/25 12:38:12 socat[67544] N write(6, 0x5f8a4e76c000, 4) completed
[2025-09-25 12:38:12] < 2025/09/25 12:38:12.000188511  length=4 from=1412874 to=1412877
[2025-09-25 12:38:12]  00 00 00 00                                      ....
[2025-09-25 12:38:12] --
[2025-09-25 12:38:12] 2025/09/25 12:38:12 socat[67544] N write(6, 0x5f8a4e76c000, 4) completed
[2025-09-25 12:38:12] < 2025/09/25 12:38:12.000188531  length=4 from=1412878 to=1412881
[2025-09-25 12:38:12]  00 00 00 00                                      ....
[2025-09-25 12:38:12] --
[2025-09-25 12:38:12] 2025/09/25 12:38:12 socat[67544] N write(6, 0x5f8a4e76c000, 4) completed
[2025-09-25 12:38:12] < 2025/09/25 12:38:12.000259911  length=4 from=1412882 to=1412885
[2025-09-25 12:38:12]  00 00 00 00                                      ....
[2025-09-25 12:38:12] --
[2025-09-25 12:38:12] 2025/09/25 12:38:12 socat[67544] N write(6, 0x5f8a4e76c000, 4) completed
[2025-09-25 12:38:12] < 2025/09/25 12:38:12.000260006  length=4 from=1412886 to=1412889
[2025-09-25 12:38:12]  00 00 00 00                                      ....
[2025-09-25 12:38:12] --
[2025-09-25 12:38:12] 2025/09/25 12:38:12 socat[67544] N write(6, 0x5f8a4e76c000, 4) completed
[2025-09-25 12:38:12] < 2025/09/25 12:38:12.000260030  length=4 from=1412890 to=1412893
[2025-09-25 12:38:12]  00 00 00 df                                      ....
[2025-09-25 12:38:12] --
[2025-09-25 12:38:12] 2025/09/25 12:38:12 socat[67544] N write(6, 0x5f8a4e76c000, 4) completed
[2025-09-25 12:38:12] < 2025/09/25 12:38:12.000260055  length=4 from=1412894 to=1412897
[2025-09-25 12:38:12]  21 00 00 00                                      !...
[2025-09-25 12:38:12] --
[2025-09-25 12:38:12] 2025/09/25 12:38:12 socat[67544] N write(6, 0x5f8a4e76c000, 4) completed
[2025-09-25 12:38:12] < 2025/09/25 12:38:12.000260078  length=4 from=1412898 to=1412901
[2025-09-25 12:38:12]  00 00 00 00                                      ....
[2025-09-25 12:38:12] --
[2025-09-25 12:38:12] 2025/09/25 12:38:12 socat[67544] N write(6, 0x5f8a4e76c000, 4) completed
[2025-09-25 12:38:12] < 2025/09/25 12:38:12.000260100  length=4 from=1412902 to=1412905
[2025-09-25 12:38:12]  00 00 00 00                                      ....
[2025-09-25 12:38:12] --
[2025-09-25 12:38:12] 2025/09/25 12:38:12 socat[67544] N write(6, 0x5f8a4e76c000, 4) completed
[2025-09-25 12:38:12] < 2025/09/25 12:38:12.000260129  length=4 from=1412906 to=1412909
[2025-09-25 12:38:12]  00 00 00 00                                      ....
[2025-09-25 12:38:12] --
[2025-09-25 12:38:12] 2025/09/25 12:38:12 socat[67544] N write(6, 0x5f8a4e76c000, 4) completed
[2025-09-25 12:38:12] < 2025/09/25 12:38:12.000260153  length=4 from=1412910 to=1412913
[2025-09-25 12:38:12]  00 00 00 00                                      ....
[2025-09-25 12:38:12] --
[2025-09-25 12:38:12] 2025/09/25 12:38:12 socat[67544] N write(6, 0x5f8a4e76c000, 4) completed
[2025-09-25 12:38:12] < 2025/09/25 12:38:12.000260179  length=4 from=1412914 to=1412917
[2025-09-25 12:38:12]  00 00 00 00                                      ....
[2025-09-25 12:38:12] --
[2025-09-25 12:38:12] 2025/09/25 12:38:12 socat[67544] N write(6, 0x5f8a4e76c000, 4) completed
[2025-09-25 12:38:12] < 2025/09/25 12:38:12.000260204  length=4 from=1412918 to=1412921
[2025-09-25 12:38:12]  00 00 00 00                                      ....
[2025-09-25 12:38:12] --
[2025-09-25 12:38:12] 2025/09/25 12:38:12 socat[67544] N write(6, 0x5f8a4e76c000, 4) completed
[2025-09-25 12:38:12] < 2025/09/25 12:38:12.000260244  length=4 from=1412922 to=1412925
[2025-09-25 12:38:12]  00 00 00 00                                      ....
[2025-09-25 12:38:12] --
[2025-09-25 12:38:12] 2025/09/25 12:38:12 socat[67544] N write(6, 0x5f8a4e76c000, 4) completed
[2025-09-25 12:38:12] < 2025/09/25 12:38:12.000260278  length=4 from=1412926 to=1412929
[2025-09-25 12:38:12]  00 df 21 00                                      ..!.
[2025-09-25 12:38:12] --
[2025-09-25 12:38:12] 2025/09/25 12:38:12 socat[67544] N write(6, 0x5f8a4e76c000, 4) completed
[2025-09-25 12:38:12] < 2025/09/25 12:38:12.000260352  length=4 from=1412930 to=1412933
[2025-09-25 12:38:12]  00 00 00 00                                      ....
[2025-09-25 12:38:12] --
[2025-09-25 12:38:12] 2025/09/25 12:38:12 socat[67544] N write(6, 0x5f8a4e76c000, 4) completed
[2025-09-25 12:38:12] < 2025/09/25 12:38:12.000260420  length=4 from=1412934 to=1412937
[2025-09-25 12:38:12]  00 00 00 00                                      ....
[2025-09-25 12:38:12] --
[2025-09-25 12:38:12] 2025/09/25 12:38:12 socat[67544] N write(6, 0x5f8a4e76c000, 4) completed
[2025-09-25 12:38:12] < 2025/09/25 12:38:12.000260479  length=4 from=1412938 to=1412941
[2025-09-25 12:38:12]  00 00 00 00                                      ....
[2025-09-25 12:38:12] --
[2025-09-25 12:38:12] 2025/09/25 12:38:12 socat[67544] N write(6, 0x5f8a4e76c000, 4) completed
[2025-09-25 12:38:12] < 2025/09/25 12:38:12.000260520  length=4 from=1412942 to=1412945
[2025-09-25 12:38:12]  00 00 00 00                                      ....
[2025-09-25 12:38:12] --
[2025-09-25 12:38:12] 2025/09/25 12:38:12 socat[67544] N write(6, 0x5f8a4e76c000, 4) completed
[2025-09-25 12:38:12] < 2025/09/25 12:38:12.000261325  length=4 from=1412946 to=1412949
[2025-09-25 12:38:12]  00 00 00 00                                      ....
[2025-09-25 12:38:12] --
[2025-09-25 12:38:12] 2025/09/25 12:38:12 socat[67544] N write(6, 0x5f8a4e76c000, 4) completed
[2025-09-25 12:38:12] < 2025/09/25 12:38:12.000261353  length=4 from=1412950 to=1412953
[2025-09-25 12:38:12]  00 00 00 00                                      ....
[2025-09-25 12:38:12] --
[2025-09-25 12:38:12] 2025/09/25 12:38:12 socat[67544] N write(6, 0x5f8a4e76c000, 4) completed
[2025-09-25 12:38:12] < 2025/09/25 12:38:12.000261375  length=4 from=1412954 to=1412957
[2025-09-25 12:38:12]  00 00 00 00                                      ....
[2025-09-25 12:38:12] --
[2025-09-25 12:38:12] 2025/09/25 12:38:12 socat[67544] N write(6, 0x5f8a4e76c000, 4) completed
[2025-09-25 12:38:12] < 2025/09/25 12:38:12.000261397  length=4 from=1412958 to=1412961
[2025-09-25 12:38:12]  00 00 00 df                                      ....
[2025-09-25 12:38:12] --
[2025-09-25 12:38:12] 2025/09/25 12:38:12 socat[67544] N write(6, 0x5f8a4e76c000, 4) completed
[2025-09-25 12:38:12] < 2025/09/25 12:38:12.000261420  length=4 from=1412962 to=1412965
[2025-09-25 12:38:12]  21 00 00 00                                      !...
[2025-09-25 12:38:12] --
[2025-09-25 12:38:12] 2025/09/25 12:38:12 socat[67544] N write(6, 0x5f8a4e76c000, 4) completed
[2025-09-25 12:38:12] < 2025/09/25 12:38:12.000261443  length=4 from=1412966 to=1412969
[2025-09-25 12:38:12]  00 00 00 00                                      ....
[2025-09-25 12:38:12] --
[2025-09-25 12:38:12] 2025/09/25 12:38:12 socat[67544] N write(6, 0x5f8a4e76c000, 4) completed
[2025-09-25 12:38:12] < 2025/09/25 12:38:12.000261465  length=4 from=1412970 to=1412973
[2025-09-25 12:38:12]  00 00 00 00                                      ....
[2025-09-25 12:38:12] --
[2025-09-25 12:38:12] 2025/09/25 12:38:12 socat[67544] N write(6, 0x5f8a4e76c000, 4) completed
[2025-09-25 12:38:12] < 2025/09/25 12:38:12.000261487  length=4 from=1412974 to=1412977
[2025-09-25 12:38:12]  00 00 00 00                                      ....
[2025-09-25 12:38:12] --
[2025-09-25 12:38:12] 2025/09/25 12:38:12 socat[67544] N write(6, 0x5f8a4e76c000, 4) completed
[2025-09-25 12:38:12] < 2025/09/25 12:38:12.000261509  length=4 from=1412978 to=1412981
[2025-09-25 12:38:12]  00 00 00 00                                      ....
[2025-09-25 12:38:12] --
[2025-09-25 12:38:12] 2025/09/25 12:38:12 socat[67544] N write(6, 0x5f8a4e76c000, 4) completed
[2025-09-25 12:38:12] < 2025/09/25 12:38:12.000261531  length=4 from=1412982 to=1412985
[2025-09-25 12:38:12]  00 00 00 00                                      ....
[2025-09-25 12:38:12] --
[2025-09-25 12:38:12] 2025/09/25 12:38:12 socat[67544] N write(6, 0x5f8a4e76c000, 4) completed
[2025-09-25 12:38:12] < 2025/09/25 12:38:12.000261553  length=4 from=1412986 to=1412989
[2025-09-25 12:38:12]  00 00 00 00                                      ....
[2025-09-25 12:38:12] --
[2025-09-25 12:38:12] 2025/09/25 12:38:12 socat[67544] N write(6, 0x5f8a4e76c000, 4) completed
[2025-09-25 12:38:12] < 2025/09/25 12:38:12.000261575  length=4 from=1412990 to=1412993
[2025-09-25 12:38:12]  00 00 00 00                                      ....
[2025-09-25 12:38:12] --
[2025-09-25 12:38:12] 2025/09/25 12:38:12 socat[67544] N write(6, 0x5f8a4e76c000, 4) completed
[2025-09-25 12:38:12] < 2025/09/25 12:38:12.000261597  length=4 from=1412994 to=1412997
[2025-09-25 12:38:12]  00 df 21 00                                      ..!.
[2025-09-25 12:38:12] --
[2025-09-25 12:38:12] 2025/09/25 12:38:12 socat[67544] N write(6, 0x5f8a4e76c000, 4) completed
[2025-09-25 12:38:12] < 2025/09/25 12:38:12.000261619  length=4 from=1412998 to=1413001
[2025-09-25 12:38:12]  00 00 00 00                                      ....
[2025-09-25 12:38:12] --
[2025-09-25 12:38:12] 2025/09/25 12:38:12 socat[67544] N write(6, 0x5f8a4e76c000, 4) completed
[2025-09-25 12:38:12] < 2025/09/25 12:38:12.000261700  length=4 from=1413002 to=1413005
[2025-09-25 12:38:12]  00 00 00 00                                      ....
[2025-09-25 12:38:12] --
[2025-09-25 12:38:12] 2025/09/25 12:38:12 socat[67544] N write(6, 0x5f8a4e76c000, 4) completed
[2025-09-25 12:38:12] < 2025/09/25 12:38:12.000261729  length=4 from=1413006 to=1413009
[2025-09-25 12:38:12]  00 00 00 00                                      ....
[2025-09-25 12:38:12] --
[2025-09-25 12:38:12] 2025/09/25 12:38:12 socat[67544] N write(6, 0x5f8a4e76c000, 4) completed
[2025-09-25 12:38:12] < 2025/09/25 12:38:12.000261752  length=4 from=1413010 to=1413013
[2025-09-25 12:38:12]  00 00 00 00                                      ....
[2025-09-25 12:38:12] --
[2025-09-25 12:38:12] 2025/09/25 12:38:12 socat[67544] N write(6, 0x5f8a4e76c000, 4) completed
[2025-09-25 12:38:12] < 2025/09/25 12:38:12.000261820  length=4 from=1413014 to=1413017
[2025-09-25 12:38:12]  00 00 00 00                                      ....
[2025-09-25 12:38:12] --
[2025-09-25 12:38:12] 2025/09/25 12:38:12 socat[67544] N write(6, 0x5f8a4e76c000, 4) completed
[2025-09-25 12:38:12] < 2025/09/25 12:38:12.000261842  length=4 from=1413018 to=1413021
[2025-09-25 12:38:12]  00 00 00 00                                      ....
[2025-09-25 12:38:12] --
[2025-09-25 12:38:12] 2025/09/25 12:38:12 socat[67544] N write(6, 0x5f8a4e76c000, 4) completed
[2025-09-25 12:38:12] < 2025/09/25 12:38:12.000261864  length=4 from=1413022 to=1413025
[2025-09-25 12:38:12]  00 00 00 00                                      ....
[2025-09-25 12:38:12] --
[2025-09-25 12:38:12] 2025/09/25 12:38:12 socat[67544] N write(6, 0x5f8a4e76c000, 4) completed
[2025-09-25 12:38:12] < 2025/09/25 12:38:12.000261886  length=4 from=1413026 to=1413029
[2025-09-25 12:38:12]  00 00 00 df                                      ....
[2025-09-25 12:38:12] --
[2025-09-25 12:38:12] 2025/09/25 12:38:12 socat[67544] N write(6, 0x5f8a4e76c000, 4) completed
[2025-09-25 12:38:12] < 2025/09/25 12:38:12.000261908  length=4 from=1413030 to=1413033
[2025-09-25 12:38:12]  21 00 00 00                                      !...
[2025-09-25 12:38:12] --
[2025-09-25 12:38:12] 2025/09/25 12:38:12 socat[67544] N write(6, 0x5f8a4e76c000, 4) completed
[2025-09-25 12:38:12] < 2025/09/25 12:38:12.000261930  length=4 from=1413034 to=1413037
[2025-09-25 12:38:12]  00 00 00 00                                      ....
[2025-09-25 12:38:12] --
[2025-09-25 12:38:12] 2025/09/25 12:38:12 socat[67544] N write(6, 0x5f8a4e76c000, 4) completed
[2025-09-25 12:38:12] < 2025/09/25 12:38:12.000261951  length=4 from=1413038 to=1413041
[2025-09-25 12:38:12]  00 00 00 00                                      ....
[2025-09-25 12:38:12] --
[2025-09-25 12:38:12] 2025/09/25 12:38:12 socat[67544] N write(6, 0x5f8a4e76c000, 4) completed
[2025-09-25 12:38:12] < 2025/09/25 12:38:12.000261983  length=4 from=1413042 to=1413045
[2025-09-25 12:38:12]  00 00 00 06                                      ....
[2025-09-25 12:38:12] --
[2025-09-25 12:38:12] 2025/09/25 12:38:12 socat[67544] N write(6, 0x5f8a4e76c000, 4) completed
[2025-09-25 12:38:12] < 2025/09/25 12:38:12.000262006  length=4 from=1413046 to=1413049
[2025-09-25 12:38:12]  10 00 00 00                                      ....
[2025-09-25 12:38:12] --
[2025-09-25 12:38:12] 2025/09/25 12:38:12 socat[67544] N write(6, 0x5f8a4e76c000, 4) completed
[2025-09-25 12:38:12] < 2025/09/25 12:38:12.000262029  length=4 from=1413050 to=1413053
[2025-09-25 12:38:12]  00 00 00 06                                      ....
[2025-09-25 12:38:12] --
[2025-09-25 12:38:12] 2025/09/25 12:38:12 socat[67544] N write(6, 0x5f8a4e76c000, 4) completed
[2025-09-25 12:38:12] < 2025/09/25 12:38:12.000262051  length=4 from=1413054 to=1413057
[2025-09-25 12:38:12]  10 00 01 00                                      ....
[2025-09-25 12:38:12] --
[2025-09-25 12:38:12] 2025/09/25 12:38:12 socat[67544] N write(6, 0x5f8a4e76c000, 4) completed
[2025-09-25 12:38:12] < 2025/09/25 12:38:12.000262397  length=4 from=1413058 to=1413061
[2025-09-25 12:38:12]  00 00 00 00                                      ....
[2025-09-25 12:38:12] --
[2025-09-25 12:38:12] 2025/09/25 12:38:12 socat[67544] N write(6, 0x5f8a4e76c000, 4) completed
[2025-09-25 12:38:12] < 2025/09/25 12:38:12.000262421  length=4 from=1413062 to=1413065
[2025-09-25 12:38:12]  00 b2 21 00                                      ..!.
[2025-09-25 12:38:12] --
[2025-09-25 12:38:12] 2025/09/25 12:38:12 socat[67544] N write(6, 0x5f8a4e76c000, 4) completed
[2025-09-25 12:38:12] < 2025/09/25 12:38:12.000262443  length=4 from=1413066 to=1413069
[2025-09-25 12:38:12]  00 00 00 00                                      ....
[2025-09-25 12:38:12] --
[2025-09-25 12:38:12] 2025/09/25 12:38:12 socat[67544] N write(6, 0x5f8a4e76c000, 4) completed
[2025-09-25 12:38:12] < 2025/09/25 12:38:12.000262466  length=4 from=1413070 to=1413073
[2025-09-25 12:38:12]  00 00 00 00                                      ....
[2025-09-25 12:38:12] --
[2025-09-25 12:38:12] 2025/09/25 12:38:12 socat[67544] N write(6, 0x5f8a4e76c000, 4) completed
[2025-09-25 12:38:12] < 2025/09/25 12:38:12.000262488  length=4 from=1413074 to=1413077
[2025-09-25 12:38:12]  00 00 00 00                                      ....
[2025-09-25 12:38:12] --
[2025-09-25 12:38:12] 2025/09/25 12:38:12 socat[67544] N write(6, 0x5f8a4e76c000, 4) completed
[2025-09-25 12:38:12] < 2025/09/25 12:38:12.000262510  length=4 from=1413078 to=1413081
[2025-09-25 12:38:12]  00 00 00 00                                      ....
[2025-09-25 12:38:12] --
[2025-09-25 12:38:12] 2025/09/25 12:38:12 socat[67544] N write(6, 0x5f8a4e76c000, 4) completed
[2025-09-25 12:38:12] < 2025/09/25 12:38:12.000262532  length=4 from=1413082 to=1413085
[2025-09-25 12:38:12]  00 00 00 00                                      ....
[2025-09-25 12:38:12] --
[2025-09-25 12:38:12] 2025/09/25 12:38:12 socat[67544] N write(6, 0x5f8a4e76c000, 4) completed
[2025-09-25 12:38:12] < 2025/09/25 12:38:12.000262554  length=4 from=1413086 to=1413089
[2025-09-25 12:38:12]  00 00 00 00                                      ....
[2025-09-25 12:38:12] --
[2025-09-25 12:38:12] 2025/09/25 12:38:12 socat[67544] N write(6, 0x5f8a4e76c000, 4) completed
[2025-09-25 12:38:12] < 2025/09/25 12:38:12.000262576  length=4 from=1413090 to=1413093
[2025-09-25 12:38:12]  00 00 00 00                                      ....
[2025-09-25 12:38:12] --
[2025-09-25 12:38:12] 2025/09/25 12:38:12 socat[67544] N write(6, 0x5f8a4e76c000, 4) completed
[2025-09-25 12:38:12] < 2025/09/25 12:38:12.000262598  length=4 from=1413094 to=1413097
[2025-09-25 12:38:12]  00 00 00 df                                      ....
[2025-09-25 12:38:12] --
[2025-09-25 12:38:12] 2025/09/25 12:38:12 socat[67544] N write(6, 0x5f8a4e76c000, 4) completed
[2025-09-25 12:38:12] < 2025/09/25 12:38:12.000262621  length=4 from=1413098 to=1413101
[2025-09-25 12:38:12]  21 00 00 00                                      !...
[2025-09-25 12:38:12] --
[2025-09-25 12:38:12] 2025/09/25 12:38:12 socat[67544] N write(6, 0x5f8a4e76c000, 4) completed
[2025-09-25 12:38:12] < 2025/09/25 12:38:12.000262643  length=4 from=1413102 to=1413105
[2025-09-25 12:38:12]  00 00 00 00                                      ....
[2025-09-25 12:38:12] --
[2025-09-25 12:38:12] 2025/09/25 12:38:12 socat[67544] N write(6, 0x5f8a4e76c000, 4) completed
[2025-09-25 12:38:12] < 2025/09/25 12:38:12.000262665  length=4 from=1413106 to=1413109
[2025-09-25 12:38:12]  00 00 00 00                                      ....
[2025-09-25 12:38:12] --
[2025-09-25 12:38:12] 2025/09/25 12:38:12 socat[67544] N write(6, 0x5f8a4e76c000, 4) completed
[2025-09-25 12:38:12] < 2025/09/25 12:38:12.000262686  length=4 from=1413110 to=1413113
[2025-09-25 12:38:12]  00 00 00 00                                      ....
[2025-09-25 12:38:12] --
[2025-09-25 12:38:12] 2025/09/25 12:38:12 socat[67544] N write(6, 0x5f8a4e76c000, 4) completed
[2025-09-25 12:38:12] < 2025/09/25 12:38:12.000262708  length=4 from=1413114 to=1413117
[2025-09-25 12:38:12]  00 00 00 00                                      ....
[2025-09-25 12:38:12] --
[2025-09-25 12:38:12] 2025/09/25 12:38:12 socat[67544] N write(6, 0x5f8a4e76c000, 4) completed
[2025-09-25 12:38:12] < 2025/09/25 12:38:12.000262730  length=4 from=1413118 to=1413121
[2025-09-25 12:38:12]  00 00 00 00                                      ....
[2025-09-25 12:38:12] --
[2025-09-25 12:38:12] 2025/09/25 12:38:12 socat[67544] N write(6, 0x5f8a4e76c000, 4) completed
[2025-09-25 12:38:12] < 2025/09/25 12:38:12.000262752  length=4 from=1413122 to=1413125
[2025-09-25 12:38:12]  00 00 00 00                                      ....
[2025-09-25 12:38:12] --
[2025-09-25 12:38:12] 2025/09/25 12:38:12 socat[67544] N write(6, 0x5f8a4e76c000, 4) completed
[2025-09-25 12:38:12] < 2025/09/25 12:38:12.000262774  length=4 from=1413126 to=1413129
[2025-09-25 12:38:12]  00 00 00 00                                      ....
[2025-09-25 12:38:12] --
[2025-09-25 12:38:12] 2025/09/25 12:38:12 socat[67544] N write(6, 0x5f8a4e76c000, 4) completed
[2025-09-25 12:38:12] < 2025/09/25 12:38:12.000262796  length=4 from=1413130 to=1413133
[2025-09-25 12:38:12]  00 df 21 00                                      ..!.
[2025-09-25 12:38:12] --
[2025-09-25 12:38:12] 2025/09/25 12:38:12 socat[67544] N write(6, 0x5f8a4e76c000, 4) completed
[2025-09-25 12:38:12] < 2025/09/25 12:38:12.000262819  length=4 from=1413134 to=1413137
[2025-09-25 12:38:12]  00 00 00 00                                      ....
[2025-09-25 12:38:12] --
[2025-09-25 12:38:12] 2025/09/25 12:38:12 socat[67544] N write(6, 0x5f8a4e76c000, 4) completed
[2025-09-25 12:38:12] < 2025/09/25 12:38:12.000333121  length=4 from=1413138 to=1413141
[2025-09-25 12:38:12]  00 00 00 00                                      ....
[2025-09-25 12:38:12] --
[2025-09-25 12:38:12] 2025/09/25 12:38:12 socat[67544] N write(6, 0x5f8a4e76c000, 4) completed
[2025-09-25 12:38:12] < 2025/09/25 12:38:12.000333215  length=4 from=1413142 to=1413145
[2025-09-25 12:38:12]  00 00 00 00                                      ....
[2025-09-25 12:38:12] --
[2025-09-25 12:38:12] 2025/09/25 12:38:12 socat[67544] N write(6, 0x5f8a4e76c000, 4) completed
[2025-09-25 12:38:12] < 2025/09/25 12:38:12.000333252  length=4 from=1413146 to=1413149
[2025-09-25 12:38:12]  00 00 00 00                                      ....
[2025-09-25 12:38:12] --
[2025-09-25 12:38:12] 2025/09/25 12:38:12 socat[67544] N write(6, 0x5f8a4e76c000, 4) completed
[2025-09-25 12:38:12] < 2025/09/25 12:38:12.000333280  length=4 from=1413150 to=1413153
[2025-09-25 12:38:12]  00 00 00 00                                      ....
[2025-09-25 12:38:12] --
[2025-09-25 12:38:12] 2025/09/25 12:38:12 socat[67544] N write(6, 0x5f8a4e76c000, 4) completed
[2025-09-25 12:38:12] < 2025/09/25 12:38:12.000333308  length=4 from=1413154 to=1413157
[2025-09-25 12:38:12]  00 00 00 00                                      ....
[2025-09-25 12:38:12] --
[2025-09-25 12:38:12] 2025/09/25 12:38:12 socat[67544] N write(6, 0x5f8a4e76c000, 4) completed
[2025-09-25 12:38:12] < 2025/09/25 12:38:12.000333336  length=4 from=1413158 to=1413161
[2025-09-25 12:38:12]  00 00 00 00                                      ....
[2025-09-25 12:38:12] --
[2025-09-25 12:38:12] 2025/09/25 12:38:12 socat[67544] N write(6, 0x5f8a4e76c000, 4) completed
[2025-09-25 12:38:12] < 2025/09/25 12:38:12.000334056  length=4 from=1413162 to=1413165
[2025-09-25 12:38:12]  00 00 00 df                                      ....
[2025-09-25 12:38:12] --
[2025-09-25 12:38:12] 2025/09/25 12:38:12 socat[67544] N write(6, 0x5f8a4e76c000, 4) completed
[2025-09-25 12:38:12] < 2025/09/25 12:38:12.000334081  length=4 from=1413166 to=1413169
[2025-09-25 12:38:12]  21 00 00 00                                      !...
[2025-09-25 12:38:12] --
[2025-09-25 12:38:12] 2025/09/25 12:38:12 socat[67544] N write(6, 0x5f8a4e76c000, 4) completed
[2025-09-25 12:38:12] < 2025/09/25 12:38:12.000334100  length=4 from=1413170 to=1413173
[2025-09-25 12:38:12]  00 00 00 00                                      ....
[2025-09-25 12:38:12] --
[2025-09-25 12:38:12] 2025/09/25 12:38:12 socat[67544] N write(6, 0x5f8a4e76c000, 4) completed
[2025-09-25 12:38:12] < 2025/09/25 12:38:12.000334119  length=4 from=1413174 to=1413177
[2025-09-25 12:38:12]  00 00 00 00                                      ....
[2025-09-25 12:38:12] --
[2025-09-25 12:38:12] 2025/09/25 12:38:12 socat[67544] N write(6, 0x5f8a4e76c000, 4) completed
[2025-09-25 12:38:12] < 2025/09/25 12:38:12.000334138  length=4 from=1413178 to=1413181
[2025-09-25 12:38:12]  00 00 00 00                                      ....
[2025-09-25 12:38:12] --
[2025-09-25 12:38:12] 2025/09/25 12:38:12 socat[67544] N write(6, 0x5f8a4e76c000, 4) completed
[2025-09-25 12:38:12] < 2025/09/25 12:38:12.000334157  length=4 from=1413182 to=1413185
[2025-09-25 12:38:12]  00 00 00 00                                      ....
[2025-09-25 12:38:12] --
[2025-09-25 12:38:12] 2025/09/25 12:38:12 socat[67544] N write(6, 0x5f8a4e76c000, 4) completed
[2025-09-25 12:38:12] < 2025/09/25 12:38:12.000334175  length=4 from=1413186 to=1413189
[2025-09-25 12:38:12]  00 00 00 00                                      ....
[2025-09-25 12:38:12] --
[2025-09-25 12:38:12] 2025/09/25 12:38:12 socat[67544] N write(6, 0x5f8a4e76c000, 4) completed
[2025-09-25 12:38:12] < 2025/09/25 12:38:12.000334196  length=4 from=1413190 to=1413193
[2025-09-25 12:38:12]  00 00 00 00                                      ....
[2025-09-25 12:38:12] --
[2025-09-25 12:38:12] 2025/09/25 12:38:12 socat[67544] N write(6, 0x5f8a4e76c000, 4) completed
[2025-09-25 12:38:12] < 2025/09/25 12:38:12.000334215  length=4 from=1413194 to=1413197
[2025-09-25 12:38:12]  00 00 00 00                                      ....
[2025-09-25 12:38:12] --
[2025-09-25 12:38:12] 2025/09/25 12:38:12 socat[67544] N write(6, 0x5f8a4e76c000, 4) completed
[2025-09-25 12:38:12] < 2025/09/25 12:38:12.000334233  length=4 from=1413198 to=1413201
[2025-09-25 12:38:12]  00 df 21 00                                      ..!.
[2025-09-25 12:38:12] --
[2025-09-25 12:38:12] 2025/09/25 12:38:12 socat[67544] N write(6, 0x5f8a4e76c000, 4) completed
[2025-09-25 12:38:12] < 2025/09/25 12:38:12.000334252  length=4 from=1413202 to=1413205
[2025-09-25 12:38:12]  00 00 00 00                                      ....
[2025-09-25 12:38:12] --
[2025-09-25 12:38:12] 2025/09/25 12:38:12 socat[67544] N write(6, 0x5f8a4e76c000, 4) completed
[2025-09-25 12:38:12] < 2025/09/25 12:38:12.000334271  length=4 from=1413206 to=1413209
[2025-09-25 12:38:12]  00 00 00 00                                      ....
[2025-09-25 12:38:12] --
[2025-09-25 12:38:12] 2025/09/25 12:38:12 socat[67544] N write(6, 0x5f8a4e76c000, 4) completed
[2025-09-25 12:38:12] < 2025/09/25 12:38:12.000334290  length=4 from=1413210 to=1413213
[2025-09-25 12:38:12]  00 00 00 00                                      ....
[2025-09-25 12:38:12] --
[2025-09-25 12:38:12] 2025/09/25 12:38:12 socat[67544] N write(6, 0x5f8a4e76c000, 4) completed
[2025-09-25 12:38:12] < 2025/09/25 12:38:12.000334312  length=4 from=1413214 to=1413217
[2025-09-25 12:38:12]  00 00 00 00                                      ....
[2025-09-25 12:38:12] --
[2025-09-25 12:38:12] 2025/09/25 12:38:12 socat[67544] N write(6, 0x5f8a4e76c000, 4) completed
[2025-09-25 12:38:12] < 2025/09/25 12:38:12.000334332  length=4 from=1413218 to=1413221
[2025-09-25 12:38:12]  00 00 00 00                                      ....
[2025-09-25 12:38:12] --
[2025-09-25 12:38:12] 2025/09/25 12:38:12 socat[67544] N write(6, 0x5f8a4e76c000, 4) completed
[2025-09-25 12:38:12] < 2025/09/25 12:38:12.000334354  length=4 from=1413222 to=1413225
[2025-09-25 12:38:12]  00 00 00 00                                      ....
[2025-09-25 12:38:12] --
[2025-09-25 12:38:12] 2025/09/25 12:38:12 socat[67544] N write(6, 0x5f8a4e76c000, 4) completed
[2025-09-25 12:38:12] < 2025/09/25 12:38:12.000334401  length=4 from=1413226 to=1413229
[2025-09-25 12:38:12]  00 00 00 00                                      ....
[2025-09-25 12:38:12] --
[2025-09-25 12:38:12] 2025/09/25 12:38:12 socat[67544] N write(6, 0x5f8a4e76c000, 4) completed
[2025-09-25 12:38:12] < 2025/09/25 12:38:12.000334420  length=4 from=1413230 to=1413233
[2025-09-25 12:38:12]  00 00 00 df                                      ....
[2025-09-25 12:38:12] --
[2025-09-25 12:38:12] 2025/09/25 12:38:12 socat[67544] N write(6, 0x5f8a4e76c000, 4) completed
[2025-09-25 12:38:12] < 2025/09/25 12:38:12.000334439  length=4 from=1413234 to=1413237
[2025-09-25 12:38:12]  21 00 00 00                                      !...
[2025-09-25 12:38:12] --
[2025-09-25 12:38:12] 2025/09/25 12:38:12 socat[67544] N write(6, 0x5f8a4e76c000, 4) completed
[2025-09-25 12:38:12] < 2025/09/25 12:38:12.000334458  length=4 from=1413238 to=1413241
[2025-09-25 12:38:12]  00 00 00 00                                      ....
[2025-09-25 12:38:12] --
[2025-09-25 12:38:12] 2025/09/25 12:38:12 socat[67544] N write(6, 0x5f8a4e76c000, 4) completed
[2025-09-25 12:38:12] < 2025/09/25 12:38:12.000334477  length=4 from=1413242 to=1413245
[2025-09-25 12:38:12]  00 00 00 00                                      ....
[2025-09-25 12:38:12] --
[2025-09-25 12:38:12] 2025/09/25 12:38:12 socat[67544] N write(6, 0x5f8a4e76c000, 4) completed
[2025-09-25 12:38:12] < 2025/09/25 12:38:12.000334500  length=4 from=1413246 to=1413249
[2025-09-25 12:38:12]  00 00 00 00                                      ....
[2025-09-25 12:38:12] --
[2025-09-25 12:38:12] 2025/09/25 12:38:12 socat[67544] N write(6, 0x5f8a4e76c000, 4) completed
[2025-09-25 12:38:12] < 2025/09/25 12:38:12.000334521  length=4 from=1413250 to=1413253
[2025-09-25 12:38:12]  00 00 00 00                                      ....
[2025-09-25 12:38:12] --
[2025-09-25 12:38:12] 2025/09/25 12:38:12 socat[67544] N write(6, 0x5f8a4e76c000, 4) completed
[2025-09-25 12:38:12] < 2025/09/25 12:38:12.000334549  length=4 from=1413254 to=1413257
[2025-09-25 12:38:12]  00 00 00 00                                      ....
[2025-09-25 12:38:12] --
[2025-09-25 12:38:12] 2025/09/25 12:38:12 socat[67544] N write(6, 0x5f8a4e76c000, 4) completed
[2025-09-25 12:38:12] < 2025/09/25 12:38:12.000334569  length=4 from=1413258 to=1413261
[2025-09-25 12:38:12]  00 00 00 00                                      ....
[2025-09-25 12:38:12] --
[2025-09-25 12:38:12] 2025/09/25 12:38:12 socat[67544] N write(6, 0x5f8a4e76c000, 4) completed
[2025-09-25 12:38:12] < 2025/09/25 12:38:12.000334588  length=4 from=1413262 to=1413265
[2025-09-25 12:38:12]  00 00 00 00                                      ....
[2025-09-25 12:38:12] --
[2025-09-25 12:38:12] 2025/09/25 12:38:12 socat[67544] N write(6, 0x5f8a4e76c000, 4) completed
[2025-09-25 12:38:12] < 2025/09/25 12:38:12.000334607  length=4 from=1413266 to=1413269
[2025-09-25 12:38:12]  00 df 21 00                                      ..!.
[2025-09-25 12:38:12] --
[2025-09-25 12:38:12] 2025/09/25 12:38:12 socat[67544] N write(6, 0x5f8a4e76c000, 4) completed
[2025-09-25 12:38:12] < 2025/09/25 12:38:12.000334627  length=4 from=1413270 to=1413273
[2025-09-25 12:38:12]  00 00 00 00                                      ....
[2025-09-25 12:38:12] --
[2025-09-25 12:38:12] 2025/09/25 12:38:12 socat[67544] N write(6, 0x5f8a4e76c000, 4) completed
[2025-09-25 12:38:12] < 2025/09/25 12:38:12.000334645  length=4 from=1413274 to=1413277
[2025-09-25 12:38:12]  00 00 00 00                                      ....
[2025-09-25 12:38:12] --
[2025-09-25 12:38:12] 2025/09/25 12:38:12 socat[67544] N write(6, 0x5f8a4e76c000, 4) completed
[2025-09-25 12:38:12] < 2025/09/25 12:38:12.000334666  length=4 from=1413278 to=1413281
[2025-09-25 12:38:12]  00 00 00 00                                      ....
[2025-09-25 12:38:12] --
[2025-09-25 12:38:12] 2025/09/25 12:38:12 socat[67544] N write(6, 0x5f8a4e76c000, 4) completed
[2025-09-25 12:38:12] < 2025/09/25 12:38:12.000334725  length=4 from=1413282 to=1413285
[2025-09-25 12:38:12]  00 00 00 00                                      ....
[2025-09-25 12:38:12] --
[2025-09-25 12:38:12] 2025/09/25 12:38:12 socat[67544] N write(6, 0x5f8a4e76c000, 4) completed
[2025-09-25 12:38:12] < 2025/09/25 12:38:12.000334751  length=4 from=1413286 to=1413289
[2025-09-25 12:38:12]  00 00 00 00                                      ....
[2025-09-25 12:38:12] --
[2025-09-25 12:38:12] 2025/09/25 12:38:12 socat[67544] N write(6, 0x5f8a4e76c000, 4) completed
[2025-09-25 12:38:12] < 2025/09/25 12:38:12.000334772  length=4 from=1413290 to=1413293
[2025-09-25 12:38:12]  00 00 00 00                                      ....
[2025-09-25 12:38:12] --
[2025-09-25 12:38:12] 2025/09/25 12:38:12 socat[67544] N write(6, 0x5f8a4e76c000, 4) completed
[2025-09-25 12:38:12] < 2025/09/25 12:38:12.000334802  length=4 from=1413294 to=1413297
[2025-09-25 12:38:12]  00 00 00 00                                      ....
[2025-09-25 12:38:12] --
[2025-09-25 12:38:12] 2025/09/25 12:38:12 socat[67544] N write(6, 0x5f8a4e76c000, 4) completed
[2025-09-25 12:38:12] < 2025/09/25 12:38:12.000334821  length=4 from=1413298 to=1413301
[2025-09-25 12:38:12]  00 00 00 df                                      ....
[2025-09-25 12:38:12] --
[2025-09-25 12:38:12] 2025/09/25 12:38:12 socat[67544] N write(6, 0x5f8a4e76c000, 4) completed
[2025-09-25 12:38:12] < 2025/09/25 12:38:12.000334840  length=4 from=1413302 to=1413305
[2025-09-25 12:38:12]  21 00 00 00                                      !...
[2025-09-25 12:38:12] --
[2025-09-25 12:38:12] 2025/09/25 12:38:12 socat[67544] N write(6, 0x5f8a4e76c000, 4) completed
[2025-09-25 12:38:12] < 2025/09/25 12:38:12.000334862  length=4 from=1413306 to=1413309
[2025-09-25 12:38:12]  00 00 00 00                                      ....
[2025-09-25 12:38:12] --
[2025-09-25 12:38:12] 2025/09/25 12:38:12 socat[67544] N write(6, 0x5f8a4e76c000, 4) completed
[2025-09-25 12:38:12] < 2025/09/25 12:38:12.000334882  length=4 from=1413310 to=1413313
[2025-09-25 12:38:12]  00 00 00 00                                      ....
[2025-09-25 12:38:12] --
[2025-09-25 12:38:12] 2025/09/25 12:38:12 socat[67544] N write(6, 0x5f8a4e76c000, 4) completed
[2025-09-25 12:38:12] < 2025/09/25 12:38:12.000334903  length=4 from=1413314 to=1413317
[2025-09-25 12:38:12]  00 00 00 00                                      ....
[2025-09-25 12:38:12] --
[2025-09-25 12:38:12] 2025/09/25 12:38:12 socat[67544] N write(6, 0x5f8a4e76c000, 4) completed
[2025-09-25 12:38:12] < 2025/09/25 12:38:12.000334931  length=4 from=1413318 to=1413321
[2025-09-25 12:38:12]  00 00 00 00                                      ....
[2025-09-25 12:38:12] --
[2025-09-25 12:38:12] 2025/09/25 12:38:12 socat[67544] N write(6, 0x5f8a4e76c000, 4) completed
[2025-09-25 12:38:12] < 2025/09/25 12:38:12.000334951  length=4 from=1413322 to=1413325
[2025-09-25 12:38:12]  00 00 00 00                                      ....
[2025-09-25 12:38:12] --
[2025-09-25 12:38:12] 2025/09/25 12:38:12 socat[67544] N write(6, 0x5f8a4e76c000, 4) completed
[2025-09-25 12:38:12] < 2025/09/25 12:38:12.000336128  length=4 from=1413326 to=1413329
[2025-09-25 12:38:12]  00 00 00 00                                      ....
[2025-09-25 12:38:12] --
[2025-09-25 12:38:12] 2025/09/25 12:38:12 socat[67544] N write(6, 0x5f8a4e76c000, 4) completed
[2025-09-25 12:38:12] < 2025/09/25 12:38:12.000336149  length=4 from=1413330 to=1413333
[2025-09-25 12:38:12]  00 00 00 00                                      ....
[2025-09-25 12:38:12] --
[2025-09-25 12:38:12] 2025/09/25 12:38:12 socat[67544] N write(6, 0x5f8a4e76c000, 4) completed
[2025-09-25 12:38:12] < 2025/09/25 12:38:12.000336168  length=4 from=1413334 to=1413337
[2025-09-25 12:38:12]  00 df 21 00                                      ..!.
[2025-09-25 12:38:12] --
[2025-09-25 12:38:12] 2025/09/25 12:38:12 socat[67544] N write(6, 0x5f8a4e76c000, 4) completed
[2025-09-25 12:38:12] < 2025/09/25 12:38:12.000336189  length=4 from=1413338 to=1413341
[2025-09-25 12:38:12]  00 00 00 00                                      ....
[2025-09-25 12:38:12] --
[2025-09-25 12:38:12] 2025/09/25 12:38:12 socat[67544] N write(6, 0x5f8a4e76c000, 4) completed
[2025-09-25 12:38:12] < 2025/09/25 12:38:12.000336223  length=4 from=1413342 to=1413345
[2025-09-25 12:38:12]  00 00 00 00                                      ....
[2025-09-25 12:38:12] --
[2025-09-25 12:38:12] 2025/09/25 12:38:12 socat[67544] N write(6, 0x5f8a4e76c000, 4) completed
[2025-09-25 12:38:12] < 2025/09/25 12:38:12.000336245  length=4 from=1413346 to=1413349
[2025-09-25 12:38:12]  00 00 00 00                                      ....
[2025-09-25 12:38:12] --
[2025-09-25 12:38:12] 2025/09/25 12:38:12 socat[67544] N write(6, 0x5f8a4e76c000, 4) completed
[2025-09-25 12:38:12] < 2025/09/25 12:38:12.000336279  length=4 from=1413350 to=1413353
[2025-09-25 12:38:12]  00 00 00 00                                      ....
[2025-09-25 12:38:12] --
[2025-09-25 12:38:12] 2025/09/25 12:38:12 socat[67544] N write(6, 0x5f8a4e76c000, 4) completed
[2025-09-25 12:38:12] < 2025/09/25 12:38:12.000336302  length=4 from=1413354 to=1413357
[2025-09-25 12:38:12]  00 00 00 00                                      ....
[2025-09-25 12:38:12] --
[2025-09-25 12:38:12] 2025/09/25 12:38:12 socat[67544] N write(6, 0x5f8a4e76c000, 4) completed
[2025-09-25 12:38:12] < 2025/09/25 12:38:12.000336323  length=4 from=1413358 to=1413361
[2025-09-25 12:38:12]  00 00 00 00                                      ....
[2025-09-25 12:38:12] --
[2025-09-25 12:38:12] 2025/09/25 12:38:12 socat[67544] N write(6, 0x5f8a4e76c000, 4) completed
[2025-09-25 12:38:12] < 2025/09/25 12:38:12.000336345  length=4 from=1413362 to=1413365
[2025-09-25 12:38:12]  00 00 00 00                                      ....
[2025-09-25 12:38:12] --
[2025-09-25 12:38:12] 2025/09/25 12:38:12 socat[67544] N write(6, 0x5f8a4e76c000, 4) completed
[2025-09-25 12:38:12] < 2025/09/25 12:38:12.000336366  length=4 from=1413366 to=1413369
[2025-09-25 12:38:12]  00 00 00 df                                      ....
[2025-09-25 12:38:12] --
[2025-09-25 12:38:12] 2025/09/25 12:38:12 socat[67544] N write(6, 0x5f8a4e76c000, 4) completed
[2025-09-25 12:38:12] < 2025/09/25 12:38:12.000336387  length=4 from=1413370 to=1413373
[2025-09-25 12:38:12]  21 00 00 00                                      !...
[2025-09-25 12:38:12] --
[2025-09-25 12:38:12] 2025/09/25 12:38:12 socat[67544] N write(6, 0x5f8a4e76c000, 4) completed
[2025-09-25 12:38:12] < 2025/09/25 12:38:12.000336409  length=4 from=1413374 to=1413377
[2025-09-25 12:38:12]  00 00 00 00                                      ....
[2025-09-25 12:38:12] --
[2025-09-25 12:38:12] 2025/09/25 12:38:12 socat[67544] N write(6, 0x5f8a4e76c000, 4) completed
[2025-09-25 12:38:12] < 2025/09/25 12:38:12.000336438  length=4 from=1413378 to=1413381
[2025-09-25 12:38:12]  00 00 00 00                                      ....
[2025-09-25 12:38:12] --
[2025-09-25 12:38:12] 2025/09/25 12:38:12 socat[67544] N write(6, 0x5f8a4e76c000, 4) completed
[2025-09-25 12:38:12] < 2025/09/25 12:38:12.000336460  length=4 from=1413382 to=1413385
[2025-09-25 12:38:12]  00 00 00 00                                      ....
[2025-09-25 12:38:12] --
[2025-09-25 12:38:12] 2025/09/25 12:38:12 socat[67544] N write(6, 0x5f8a4e76c000, 4) completed
[2025-09-25 12:38:12] < 2025/09/25 12:38:12.000336497  length=4 from=1413386 to=1413389
[2025-09-25 12:38:12]  00 00 00 00                                      ....
[2025-09-25 12:38:12] --
[2025-09-25 12:38:12] 2025/09/25 12:38:12 socat[67544] N write(6, 0x5f8a4e76c000, 4) completed
[2025-09-25 12:38:12] < 2025/09/25 12:38:12.000336517  length=4 from=1413390 to=1413393
[2025-09-25 12:38:12]  00 00 00 00                                      ....
[2025-09-25 12:38:12] --
[2025-09-25 12:38:12] 2025/09/25 12:38:12 socat[67544] N write(6, 0x5f8a4e76c000, 4) completed
[2025-09-25 12:38:12] < 2025/09/25 12:38:12.000405928  length=4 from=1413394 to=1413397
[2025-09-25 12:38:12]  00 00 00 00                                      ....
[2025-09-25 12:38:12] --
[2025-09-25 12:38:12] 2025/09/25 12:38:12 socat[67544] N write(6, 0x5f8a4e76c000, 4) completed
[2025-09-25 12:38:12] < 2025/09/25 12:38:12.000406020  length=4 from=1413398 to=1413401
[2025-09-25 12:38:12]  00 00 00 00                                      ....
[2025-09-25 12:38:12] --
[2025-09-25 12:38:12] 2025/09/25 12:38:12 socat[67544] N write(6, 0x5f8a4e76c000, 4) completed
[2025-09-25 12:38:12] < 2025/09/25 12:38:12.000406043  length=4 from=1413402 to=1413405
[2025-09-25 12:38:12]  00 df 21 00                                      ..!.
[2025-09-25 12:38:12] --
[2025-09-25 12:38:12] 2025/09/25 12:38:12 socat[67544] N write(6, 0x5f8a4e76c000, 4) completed
[2025-09-25 12:38:12] < 2025/09/25 12:38:12.000406065  length=4 from=1413406 to=1413409
[2025-09-25 12:38:12]  00 00 00 00                                      ....
[2025-09-25 12:38:12] --
[2025-09-25 12:38:12] 2025/09/25 12:38:12 socat[67544] N write(6, 0x5f8a4e76c000, 4) completed
[2025-09-25 12:38:12] < 2025/09/25 12:38:12.000406087  length=4 from=1413410 to=1413413
[2025-09-25 12:38:12]  00 00 00 00                                      ....
[2025-09-25 12:38:12] --
[2025-09-25 12:38:12] 2025/09/25 12:38:12 socat[67544] N write(6, 0x5f8a4e76c000, 4) completed
[2025-09-25 12:38:12] < 2025/09/25 12:38:12.000406109  length=4 from=1413414 to=1413417
[2025-09-25 12:38:12]  00 00 00 00                                      ....
[2025-09-25 12:38:12] --
[2025-09-25 12:38:12] 2025/09/25 12:38:12 socat[67544] N write(6, 0x5f8a4e76c000, 4) completed
[2025-09-25 12:38:12] < 2025/09/25 12:38:12.000406134  length=4 from=1413418 to=1413421
[2025-09-25 12:38:12]  00 00 00 00                                      ....
[2025-09-25 12:38:12] --
[2025-09-25 12:38:12] 2025/09/25 12:38:12 socat[67544] N write(6, 0x5f8a4e76c000, 4) completed
[2025-09-25 12:38:12] < 2025/09/25 12:38:12.000406156  length=4 from=1413422 to=1413425
[2025-09-25 12:38:12]  00 00 00 00                                      ....
[2025-09-25 12:38:12] --
[2025-09-25 12:38:12] 2025/09/25 12:38:12 socat[67544] N write(6, 0x5f8a4e76c000, 4) completed
[2025-09-25 12:38:12] < 2025/09/25 12:38:12.000406178  length=4 from=1413426 to=1413429
[2025-09-25 12:38:12]  00 00 00 00                                      ....
[2025-09-25 12:38:12] --
[2025-09-25 12:38:12] 2025/09/25 12:38:12 socat[67544] N write(6, 0x5f8a4e76c000, 4) completed
[2025-09-25 12:38:12] < 2025/09/25 12:38:12.000406200  length=4 from=1413430 to=1413433
[2025-09-25 12:38:12]  00 00 00 00                                      ....
[2025-09-25 12:38:12] --
[2025-09-25 12:38:12] 2025/09/25 12:38:12 socat[67544] N write(6, 0x5f8a4e76c000, 4) completed
[2025-09-25 12:38:12] < 2025/09/25 12:38:12.000406222  length=4 from=1413434 to=1413437
[2025-09-25 12:38:12]  00 00 00 df                                      ....
[2025-09-25 12:38:12] --
[2025-09-25 12:38:12] 2025/09/25 12:38:12 socat[67544] N write(6, 0x5f8a4e76c000, 4) completed
[2025-09-25 12:38:12] < 2025/09/25 12:38:12.000406243  length=4 from=1413438 to=1413441
[2025-09-25 12:38:12]  21 00 00 00                                      !...
[2025-09-25 12:38:12] --
[2025-09-25 12:38:12] 2025/09/25 12:38:12 socat[67544] N write(6, 0x5f8a4e76c000, 4) completed
[2025-09-25 12:38:12] < 2025/09/25 12:38:12.000406267  length=4 from=1413442 to=1413445
[2025-09-25 12:38:12]  00 00 00 00                                      ....
[2025-09-25 12:38:12] --
[2025-09-25 12:38:12] 2025/09/25 12:38:12 socat[67544] N write(6, 0x5f8a4e76c000, 4) completed
[2025-09-25 12:38:12] < 2025/09/25 12:38:12.000406289  length=4 from=1413446 to=1413449
[2025-09-25 12:38:12]  00 00 00 00                                      ....
[2025-09-25 12:38:12] --
[2025-09-25 12:38:12] 2025/09/25 12:38:12 socat[67544] N write(6, 0x5f8a4e76c000, 4) completed
[2025-09-25 12:38:12] < 2025/09/25 12:38:12.000406312  length=4 from=1413450 to=1413453
[2025-09-25 12:38:12]  00 00 00 00                                      ....
[2025-09-25 12:38:12] --
[2025-09-25 12:38:12] 2025/09/25 12:38:12 socat[67544] N write(6, 0x5f8a4e76c000, 4) completed
[2025-09-25 12:38:12] < 2025/09/25 12:38:12.000406334  length=4 from=1413454 to=1413457
[2025-09-25 12:38:12]  00 00 00 00                                      ....
[2025-09-25 12:38:12] --
[2025-09-25 12:38:12] 2025/09/25 12:38:12 socat[67544] N write(6, 0x5f8a4e76c000, 4) completed
[2025-09-25 12:38:12] < 2025/09/25 12:38:12.000406356  length=4 from=1413458 to=1413461
[2025-09-25 12:38:12]  00 00 00 00                                      ....
[2025-09-25 12:38:12] --
[2025-09-25 12:38:12] 2025/09/25 12:38:12 socat[67544] N write(6, 0x5f8a4e76c000, 4) completed
[2025-09-25 12:38:12] < 2025/09/25 12:38:12.000406380  length=4 from=1413462 to=1413465
[2025-09-25 12:38:12]  00 00 00 00                                      ....
[2025-09-25 12:38:12] --
[2025-09-25 12:38:12] 2025/09/25 12:38:12 socat[67544] N write(6, 0x5f8a4e76c000, 4) completed
[2025-09-25 12:38:12] < 2025/09/25 12:38:12.000406403  length=4 from=1413466 to=1413469
[2025-09-25 12:38:12]  00 00 00 00                                      ....
[2025-09-25 12:38:12] --
[2025-09-25 12:38:12] 2025/09/25 12:38:12 socat[67544] N write(6, 0x5f8a4e76c000, 4) completed
[2025-09-25 12:38:12] < 2025/09/25 12:38:12.000407096  length=4 from=1413470 to=1413473
[2025-09-25 12:38:12]  00 df 21 00                                      ..!.
[2025-09-25 12:38:12] --
[2025-09-25 12:38:12] 2025/09/25 12:38:12 socat[67544] N write(6, 0x5f8a4e76c000, 4) completed
[2025-09-25 12:38:12] < 2025/09/25 12:38:12.000407124  length=4 from=1413474 to=1413477
[2025-09-25 12:38:12]  00 00 00 00                                      ....
[2025-09-25 12:38:12] --
[2025-09-25 12:38:12] 2025/09/25 12:38:12 socat[67544] N write(6, 0x5f8a4e76c000, 4) completed
[2025-09-25 12:38:12] < 2025/09/25 12:38:12.000407146  length=4 from=1413478 to=1413481
[2025-09-25 12:38:12]  00 00 00 00                                      ....
[2025-09-25 12:38:12] --
[2025-09-25 12:38:12] 2025/09/25 12:38:12 socat[67544] N write(6, 0x5f8a4e76c000, 4) completed
[2025-09-25 12:38:12] < 2025/09/25 12:38:12.000407170  length=4 from=1413482 to=1413485
[2025-09-25 12:38:12]  00 00 00 00                                      ....
[2025-09-25 12:38:12] --
[2025-09-25 12:38:12] 2025/09/25 12:38:12 socat[67544] N write(6, 0x5f8a4e76c000, 4) completed
[2025-09-25 12:38:12] < 2025/09/25 12:38:12.000407193  length=4 from=1413486 to=1413489
[2025-09-25 12:38:12]  00 00 00 00                                      ....
[2025-09-25 12:38:12] --
[2025-09-25 12:38:12] 2025/09/25 12:38:12 socat[67544] N write(6, 0x5f8a4e76c000, 4) completed
[2025-09-25 12:38:12] < 2025/09/25 12:38:12.000407215  length=4 from=1413490 to=1413493
[2025-09-25 12:38:12]  00 00 00 00                                      ....
[2025-09-25 12:38:12] --
[2025-09-25 12:38:12] 2025/09/25 12:38:12 socat[67544] N write(6, 0x5f8a4e76c000, 4) completed
[2025-09-25 12:38:12] < 2025/09/25 12:38:12.000407237  length=4 from=1413494 to=1413497
[2025-09-25 12:38:12]  00 00 00 00                                      ....
[2025-09-25 12:38:12] --
[2025-09-25 12:38:12] 2025/09/25 12:38:12 socat[67544] N write(6, 0x5f8a4e76c000, 4) completed
[2025-09-25 12:38:12] < 2025/09/25 12:38:12.000407259  length=4 from=1413498 to=1413501
[2025-09-25 12:38:12]  00 00 00 00                                      ....
[2025-09-25 12:38:12] --
[2025-09-25 12:38:12] 2025/09/25 12:38:12 socat[67544] N write(6, 0x5f8a4e76c000, 4) completed
[2025-09-25 12:38:12] < 2025/09/25 12:38:12.000407281  length=4 from=1413502 to=1413505
[2025-09-25 12:38:12]  00 00 00 df                                      ....
[2025-09-25 12:38:12] --
[2025-09-25 12:38:12] 2025/09/25 12:38:12 socat[67544] N write(6, 0x5f8a4e76c000, 4) completed
[2025-09-25 12:38:12] < 2025/09/25 12:38:12.000407303  length=4 from=1413506 to=1413509
[2025-09-25 12:38:12]  21 00 00 00                                      !...
[2025-09-25 12:38:12] --
[2025-09-25 12:38:12] 2025/09/25 12:38:12 socat[67544] N write(6, 0x5f8a4e76c000, 4) completed
[2025-09-25 12:38:12] < 2025/09/25 12:38:12.000407325  length=4 from=1413510 to=1413513
[2025-09-25 12:38:12]  00 00 00 00                                      ....
[2025-09-25 12:38:12] --
[2025-09-25 12:38:12] 2025/09/25 12:38:12 socat[67544] N write(6, 0x5f8a4e76c000, 4) completed
[2025-09-25 12:38:12] < 2025/09/25 12:38:12.000407347  length=4 from=1413514 to=1413517
[2025-09-25 12:38:12]  00 00 00 00                                      ....
[2025-09-25 12:38:12] --
[2025-09-25 12:38:12] 2025/09/25 12:38:12 socat[67544] N write(6, 0x5f8a4e76c000, 4) completed
[2025-09-25 12:38:12] < 2025/09/25 12:38:12.000407369  length=4 from=1413518 to=1413521
[2025-09-25 12:38:12]  00 00 00 00                                      ....
[2025-09-25 12:38:12] --
[2025-09-25 12:38:12] 2025/09/25 12:38:12 socat[67544] N write(6, 0x5f8a4e76c000, 4) completed
[2025-09-25 12:38:12] < 2025/09/25 12:38:12.000407391  length=4 from=1413522 to=1413525
[2025-09-25 12:38:12]  00 00 00 00                                      ....
[2025-09-25 12:38:12] --
[2025-09-25 12:38:12] 2025/09/25 12:38:12 socat[67544] N write(6, 0x5f8a4e76c000, 4) completed
[2025-09-25 12:38:12] < 2025/09/25 12:38:12.000407416  length=4 from=1413526 to=1413529
[2025-09-25 12:38:12]  00 00 00 00                                      ....
[2025-09-25 12:38:12] --
[2025-09-25 12:38:12] 2025/09/25 12:38:12 socat[67544] N write(6, 0x5f8a4e76c000, 4) completed
[2025-09-25 12:38:12] < 2025/09/25 12:38:12.000407438  length=4 from=1413530 to=1413533
[2025-09-25 12:38:12]  00 00 00 00                                      ....
[2025-09-25 12:38:12] --
[2025-09-25 12:38:12] 2025/09/25 12:38:12 socat[67544] N write(6, 0x5f8a4e76c000, 4) completed
[2025-09-25 12:38:12] < 2025/09/25 12:38:12.000407460  length=4 from=1413534 to=1413537
[2025-09-25 12:38:12]  00 00 00 00                                      ....
[2025-09-25 12:38:12] --
[2025-09-25 12:38:12] 2025/09/25 12:38:12 socat[67544] N write(6, 0x5f8a4e76c000, 4) completed
[2025-09-25 12:38:12] < 2025/09/25 12:38:12.000407485  length=4 from=1413538 to=1413541
[2025-09-25 12:38:12]  00 df 21 00                                      ..!.
[2025-09-25 12:38:12] --
[2025-09-25 12:38:12] 2025/09/25 12:38:12 socat[67544] N write(6, 0x5f8a4e76c000, 4) completed
[2025-09-25 12:38:12] < 2025/09/25 12:38:12.000407510  length=4 from=1413542 to=1413545
[2025-09-25 12:38:12]  00 00 00 00                                      ....
[2025-09-25 12:38:12] --
[2025-09-25 12:38:12] 2025/09/25 12:38:12 socat[67544] N write(6, 0x5f8a4e76c000, 4) completed
[2025-09-25 12:38:12] < 2025/09/25 12:38:12.000407536  length=4 from=1413546 to=1413549
[2025-09-25 12:38:12]  00 00 00 00                                      ....
[2025-09-25 12:38:12] --
[2025-09-25 12:38:12] 2025/09/25 12:38:12 socat[67544] N write(6, 0x5f8a4e76c000, 4) completed
[2025-09-25 12:38:12] < 2025/09/25 12:38:12.000407558  length=4 from=1413550 to=1413553
[2025-09-25 12:38:12]  00 00 00 00                                      ....
[2025-09-25 12:38:12] --
[2025-09-25 12:38:12] 2025/09/25 12:38:12 socat[67544] N write(6, 0x5f8a4e76c000, 4) completed
[2025-09-25 12:38:12] < 2025/09/25 12:38:12.000407582  length=4 from=1413554 to=1413557
[2025-09-25 12:38:12]  00 00 00 00                                      ....
[2025-09-25 12:38:12] --
[2025-09-25 12:38:12] 2025/09/25 12:38:12 socat[67544] N write(6, 0x5f8a4e76c000, 4) completed
[2025-09-25 12:38:12] < 2025/09/25 12:38:12.000407604  length=4 from=1413558 to=1413561
[2025-09-25 12:38:12]  00 00 00 00                                      ....
[2025-09-25 12:38:12] --
[2025-09-25 12:38:12] 2025/09/25 12:38:12 socat[67544] N write(6, 0x5f8a4e76c000, 4) completed
[2025-09-25 12:38:12] < 2025/09/25 12:38:12.000407629  length=4 from=1413562 to=1413565
[2025-09-25 12:38:12]  00 00 00 00                                      ....
[2025-09-25 12:38:12] --
[2025-09-25 12:38:12] 2025/09/25 12:38:12 socat[67544] N write(6, 0x5f8a4e76c000, 4) completed
[2025-09-25 12:38:12] < 2025/09/25 12:38:12.000407652  length=4 from=1413566 to=1413569
[2025-09-25 12:38:12]  00 00 00 00                                      ....
[2025-09-25 12:38:12] --
[2025-09-25 12:38:12] 2025/09/25 12:38:12 socat[67544] N write(6, 0x5f8a4e76c000, 4) completed
[2025-09-25 12:38:12] < 2025/09/25 12:38:12.000407674  length=4 from=1413570 to=1413573
[2025-09-25 12:38:12]  00 00 00 df                                      ....
[2025-09-25 12:38:12] --
[2025-09-25 12:38:12] 2025/09/25 12:38:12 socat[67544] N write(6, 0x5f8a4e76c000, 4) completed
[2025-09-25 12:38:12] < 2025/09/25 12:38:12.000407697  length=4 from=1413574 to=1413577
[2025-09-25 12:38:12]  21 00 00 00                                      !...
[2025-09-25 12:38:12] --
[2025-09-25 12:38:12] 2025/09/25 12:38:12 socat[67544] N write(6, 0x5f8a4e76c000, 4) completed
[2025-09-25 12:38:12] < 2025/09/25 12:38:12.000407722  length=4 from=1413578 to=1413581
[2025-09-25 12:38:12]  00 00 00 00                                      ....
[2025-09-25 12:38:12] --
[2025-09-25 12:38:12] 2025/09/25 12:38:12 socat[67544] N write(6, 0x5f8a4e76c000, 4) completed
[2025-09-25 12:38:12] < 2025/09/25 12:38:12.000407744  length=4 from=1413582 to=1413585
[2025-09-25 12:38:12]  00 00 00 00                                      ....
[2025-09-25 12:38:12] --
[2025-09-25 12:38:12] 2025/09/25 12:38:12 socat[67544] N write(6, 0x5f8a4e76c000, 4) completed
[2025-09-25 12:38:12] < 2025/09/25 12:38:12.000407766  length=4 from=1413586 to=1413589
[2025-09-25 12:38:12]  00 00 00 00                                      ....
[2025-09-25 12:38:12] --
[2025-09-25 12:38:12] 2025/09/25 12:38:12 socat[67544] N write(6, 0x5f8a4e76c000, 4) completed
[2025-09-25 12:38:12] < 2025/09/25 12:38:12.000407789  length=4 from=1413590 to=1413593
[2025-09-25 12:38:12]  00 00 00 00                                      ....
[2025-09-25 12:38:12] --
[2025-09-25 12:38:12] 2025/09/25 12:38:12 socat[67544] N write(6, 0x5f8a4e76c000, 4) completed
[2025-09-25 12:38:12] < 2025/09/25 12:38:12.000407811  length=4 from=1413594 to=1413597
[2025-09-25 12:38:12]  00 00 00 00                                      ....
[2025-09-25 12:38:12] --
[2025-09-25 12:38:12] 2025/09/25 12:38:12 socat[67544] N write(6, 0x5f8a4e76c000, 4) completed
[2025-09-25 12:38:12] < 2025/09/25 12:38:12.000407833  length=4 from=1413598 to=1413601
[2025-09-25 12:38:12]  00 00 00 00                                      ....
[2025-09-25 12:38:12] --
[2025-09-25 12:38:12] 2025/09/25 12:38:12 socat[67544] N write(6, 0x5f8a4e76c000, 4) completed
[2025-09-25 12:38:12] < 2025/09/25 12:38:12.000407859  length=4 from=1413602 to=1413605
[2025-09-25 12:38:12]  00 00 00 00                                      ....
[2025-09-25 12:38:12] --
[2025-09-25 12:38:12] 2025/09/25 12:38:12 socat[67544] N write(6, 0x5f8a4e76c000, 4) completed
[2025-09-25 12:38:12] < 2025/09/25 12:38:12.000407881  length=4 from=1413606 to=1413609
[2025-09-25 12:38:12]  00 df 21 00                                      ..!.
[2025-09-25 12:38:12] --
[2025-09-25 12:38:12] 2025/09/25 12:38:12 socat[67544] N write(6, 0x5f8a4e76c000, 4) completed
[2025-09-25 12:38:12] < 2025/09/25 12:38:12.000407902  length=4 from=1413610 to=1413613
[2025-09-25 12:38:12]  00 00 00 00                                      ....
[2025-09-25 12:38:12] --
[2025-09-25 12:38:12] 2025/09/25 12:38:12 socat[67544] N write(6, 0x5f8a4e76c000, 4) completed
[2025-09-25 12:38:12] < 2025/09/25 12:38:12.000407924  length=4 from=1413614 to=1413617
[2025-09-25 12:38:12]  00 00 00 00                                      ....
[2025-09-25 12:38:12] --
[2025-09-25 12:38:12] 2025/09/25 12:38:12 socat[67544] N write(6, 0x5f8a4e76c000, 4) completed
[2025-09-25 12:38:12] < 2025/09/25 12:38:12.000407946  length=4 from=1413618 to=1413621
[2025-09-25 12:38:12]  00 00 00 00                                      ....
[2025-09-25 12:38:12] --
[2025-09-25 12:38:12] 2025/09/25 12:38:12 socat[67544] N write(6, 0x5f8a4e76c000, 4) completed
[2025-09-25 12:38:12] < 2025/09/25 12:38:12.000407975  length=4 from=1413622 to=1413625
[2025-09-25 12:38:12]  00 00 00 00                                      ....
[2025-09-25 12:38:12] --
[2025-09-25 12:38:12] 2025/09/25 12:38:12 socat[67544] N write(6, 0x5f8a4e76c000, 4) completed
[2025-09-25 12:38:12] < 2025/09/25 12:38:12.000407996  length=4 from=1413626 to=1413629
[2025-09-25 12:38:12]  00 00 00 00                                      ....
[2025-09-25 12:38:12] --
[2025-09-25 12:38:12] 2025/09/25 12:38:12 socat[67544] N write(6, 0x5f8a4e76c000, 4) completed
[2025-09-25 12:38:12] < 2025/09/25 12:38:12.000408018  length=4 from=1413630 to=1413633
[2025-09-25 12:38:12]  00 00 00 00                                      ....
[2025-09-25 12:38:12] --
[2025-09-25 12:38:12] 2025/09/25 12:38:12 socat[67544] N write(6, 0x5f8a4e76c000, 4) completed
[2025-09-25 12:38:12] < 2025/09/25 12:38:12.000408040  length=4 from=1413634 to=1413637
[2025-09-25 12:38:12]  00 00 00 00                                      ....
[2025-09-25 12:38:12] --
[2025-09-25 12:38:12] 2025/09/25 12:38:12 socat[67544] N write(6, 0x5f8a4e76c000, 4) completed
[2025-09-25 12:38:12] < 2025/09/25 12:38:12.000408062  length=4 from=1413638 to=1413641
[2025-09-25 12:38:12]  00 00 00 df                                      ....
[2025-09-25 12:38:12] --
[2025-09-25 12:38:12] 2025/09/25 12:38:12 socat[67544] N write(6, 0x5f8a4e76c000, 4) completed
[2025-09-25 12:38:12] < 2025/09/25 12:38:12.000408084  length=4 from=1413642 to=1413645
[2025-09-25 12:38:12]  21 00 00 00                                      !...
[2025-09-25 12:38:12] --
[2025-09-25 12:38:12] 2025/09/25 12:38:12 socat[67544] N write(6, 0x5f8a4e76c000, 4) completed
[2025-09-25 12:38:12] < 2025/09/25 12:38:12.000408106  length=4 from=1413646 to=1413649
[2025-09-25 12:38:12]  00 00 00 00                                      ....
[2025-09-25 12:38:12] --
[2025-09-25 12:38:12] 2025/09/25 12:38:12 socat[67544] N write(6, 0x5f8a4e76c000, 4) completed
[2025-09-25 12:38:12] < 2025/09/25 12:38:12.000478976  length=4 from=1413650 to=1413653
[2025-09-25 12:38:12]  00 00 00 00                                      ....
[2025-09-25 12:38:12] --
[2025-09-25 12:38:12] 2025/09/25 12:38:12 socat[67544] N write(6, 0x5f8a4e76c000, 4) completed
[2025-09-25 12:38:12] < 2025/09/25 12:38:12.000479073  length=4 from=1413654 to=1413657
[2025-09-25 12:38:12]  00 00 00 00                                      ....
[2025-09-25 12:38:12] --
[2025-09-25 12:38:12] 2025/09/25 12:38:12 socat[67544] N write(6, 0x5f8a4e76c000, 4) completed
[2025-09-25 12:38:12] < 2025/09/25 12:38:12.000479097  length=4 from=1413658 to=1413661
[2025-09-25 12:38:12]  00 00 00 00                                      ....
[2025-09-25 12:38:12] --
[2025-09-25 12:38:12] 2025/09/25 12:38:12 socat[67544] N write(6, 0x5f8a4e76c000, 4) completed
[2025-09-25 12:38:12] < 2025/09/25 12:38:12.000479116  length=4 from=1413662 to=1413665
[2025-09-25 12:38:12]  00 00 00 00                                      ....
[2025-09-25 12:38:12] --
[2025-09-25 12:38:12] 2025/09/25 12:38:12 socat[67544] N write(6, 0x5f8a4e76c000, 4) completed
[2025-09-25 12:38:12] < 2025/09/25 12:38:12.000479135  length=4 from=1413666 to=1413669
[2025-09-25 12:38:12]  00 00 00 00                                      ....
[2025-09-25 12:38:12] --
[2025-09-25 12:38:12] 2025/09/25 12:38:12 socat[67544] N write(6, 0x5f8a4e76c000, 4) completed
[2025-09-25 12:38:12] < 2025/09/25 12:38:12.000479153  length=4 from=1413670 to=1413673
[2025-09-25 12:38:12]  00 00 00 00                                      ....
[2025-09-25 12:38:12] --
[2025-09-25 12:38:12] 2025/09/25 12:38:12 socat[67544] N write(6, 0x5f8a4e76c000, 4) completed
[2025-09-25 12:38:12] < 2025/09/25 12:38:12.000479172  length=4 from=1413674 to=1413677
[2025-09-25 12:38:12]  00 df 21 00                                      ..!.
[2025-09-25 12:38:12] --
[2025-09-25 12:38:12] 2025/09/25 12:38:12 socat[67544] N write(6, 0x5f8a4e76c000, 4) completed
[2025-09-25 12:38:12] < 2025/09/25 12:38:12.000479191  length=4 from=1413678 to=1413681
[2025-09-25 12:38:12]  00 00 00 00                                      ....
[2025-09-25 12:38:12] --
[2025-09-25 12:38:12] 2025/09/25 12:38:12 socat[67544] N write(6, 0x5f8a4e76c000, 4) completed
[2025-09-25 12:38:12] < 2025/09/25 12:38:12.000479210  length=4 from=1413682 to=1413685
[2025-09-25 12:38:12]  00 00 00 00                                      ....
[2025-09-25 12:38:12] --
[2025-09-25 12:38:12] 2025/09/25 12:38:12 socat[67544] N write(6, 0x5f8a4e76c000, 4) completed
[2025-09-25 12:38:12] < 2025/09/25 12:38:12.000479229  length=4 from=1413686 to=1413689
[2025-09-25 12:38:12]  00 00 00 00                                      ....
[2025-09-25 12:38:12] --
[2025-09-25 12:38:12] 2025/09/25 12:38:12 socat[67544] N write(6, 0x5f8a4e76c000, 4) completed
[2025-09-25 12:38:12] < 2025/09/25 12:38:12.000479248  length=4 from=1413690 to=1413693
[2025-09-25 12:38:12]  00 00 00 00                                      ....
[2025-09-25 12:38:12] --
[2025-09-25 12:38:12] 2025/09/25 12:38:12 socat[67544] N write(6, 0x5f8a4e76c000, 4) completed
[2025-09-25 12:38:12] < 2025/09/25 12:38:12.000479267  length=4 from=1413694 to=1413697
[2025-09-25 12:38:12]  00 00 00 00                                      ....
[2025-09-25 12:38:12] --
[2025-09-25 12:38:12] 2025/09/25 12:38:12 socat[67544] N write(6, 0x5f8a4e76c000, 4) completed
[2025-09-25 12:38:12] < 2025/09/25 12:38:12.000479286  length=4 from=1413698 to=1413701
[2025-09-25 12:38:12]  00 00 00 00                                      ....
[2025-09-25 12:38:12] --
[2025-09-25 12:38:12] 2025/09/25 12:38:12 socat[67544] N write(6, 0x5f8a4e76c000, 4) completed
[2025-09-25 12:38:12] < 2025/09/25 12:38:12.000479305  length=4 from=1413702 to=1413705
[2025-09-25 12:38:12]  00 00 00 00                                      ....
[2025-09-25 12:38:12] --
[2025-09-25 12:38:12] 2025/09/25 12:38:12 socat[67544] N write(6, 0x5f8a4e76c000, 4) completed
[2025-09-25 12:38:12] < 2025/09/25 12:38:12.000479324  length=4 from=1413706 to=1413709
[2025-09-25 12:38:12]  00 00 00 df                                      ....
[2025-09-25 12:38:12] --
[2025-09-25 12:38:12] 2025/09/25 12:38:12 socat[67544] N write(6, 0x5f8a4e76c000, 4) completed
[2025-09-25 12:38:12] < 2025/09/25 12:38:12.000479342  length=4 from=1413710 to=1413713
[2025-09-25 12:38:12]  21 00 00 00                                      !...
[2025-09-25 12:38:12] --
[2025-09-25 12:38:12] 2025/09/25 12:38:12 socat[67544] N write(6, 0x5f8a4e76c000, 4) completed
[2025-09-25 12:38:12] < 2025/09/25 12:38:12.000479361  length=4 from=1413714 to=1413717
[2025-09-25 12:38:12]  00 00 00 00                                      ....
[2025-09-25 12:38:12] --
[2025-09-25 12:38:12] 2025/09/25 12:38:12 socat[67544] N write(6, 0x5f8a4e76c000, 4) completed
[2025-09-25 12:38:12] < 2025/09/25 12:38:12.000479380  length=4 from=1413718 to=1413721
[2025-09-25 12:38:12]  00 00 00 00                                      ....
[2025-09-25 12:38:12] --
[2025-09-25 12:38:12] 2025/09/25 12:38:12 socat[67544] N write(6, 0x5f8a4e76c000, 4) completed
[2025-09-25 12:38:12] < 2025/09/25 12:38:12.000479399  length=4 from=1413722 to=1413725
[2025-09-25 12:38:12]  00 00 00 00                                      ....
[2025-09-25 12:38:12] --
[2025-09-25 12:38:12] 2025/09/25 12:38:12 socat[67544] N write(6, 0x5f8a4e76c000, 4) completed
[2025-09-25 12:38:12] < 2025/09/25 12:38:12.000479418  length=4 from=1413726 to=1413729
[2025-09-25 12:38:12]  00 00 00 00                                      ....
[2025-09-25 12:38:12] --
[2025-09-25 12:38:12] 2025/09/25 12:38:12 socat[67544] N write(6, 0x5f8a4e76c000, 4) completed
[2025-09-25 12:38:12] < 2025/09/25 12:38:12.000479437  length=4 from=1413730 to=1413733
[2025-09-25 12:38:12]  00 00 00 00                                      ....
[2025-09-25 12:38:12] --
[2025-09-25 12:38:12] 2025/09/25 12:38:12 socat[67544] N write(6, 0x5f8a4e76c000, 4) completed
[2025-09-25 12:38:12] < 2025/09/25 12:38:12.000479455  length=4 from=1413734 to=1413737
[2025-09-25 12:38:12]  00 00 00 00                                      ....
[2025-09-25 12:38:12] --
[2025-09-25 12:38:12] 2025/09/25 12:38:12 socat[67544] N write(6, 0x5f8a4e76c000, 4) completed
[2025-09-25 12:38:12] < 2025/09/25 12:38:12.000479474  length=4 from=1413738 to=1413741
[2025-09-25 12:38:12]  00 00 00 00                                      ....
[2025-09-25 12:38:12] --
[2025-09-25 12:38:12] 2025/09/25 12:38:12 socat[67544] N write(6, 0x5f8a4e76c000, 4) completed
[2025-09-25 12:38:12] < 2025/09/25 12:38:12.000479503  length=4 from=1413742 to=1413745
[2025-09-25 12:38:12]  00 df 21 00                                      ..!.
[2025-09-25 12:38:12] --
[2025-09-25 12:38:12] 2025/09/25 12:38:12 socat[67544] N write(6, 0x5f8a4e76c000, 4) completed
[2025-09-25 12:38:12] < 2025/09/25 12:38:12.000479524  length=4 from=1413746 to=1413749
[2025-09-25 12:38:12]  00 00 00 00                                      ....
[2025-09-25 12:38:12] --
[2025-09-25 12:38:12] 2025/09/25 12:38:12 socat[67544] N write(6, 0x5f8a4e76c000, 4) completed
[2025-09-25 12:38:12] < 2025/09/25 12:38:12.000479553  length=4 from=1413750 to=1413753
[2025-09-25 12:38:12]  00 00 00 00                                      ....
[2025-09-25 12:38:12] --
[2025-09-25 12:38:12] 2025/09/25 12:38:12 socat[67544] N write(6, 0x5f8a4e76c000, 4) completed
[2025-09-25 12:38:12] < 2025/09/25 12:38:12.000479574  length=4 from=1413754 to=1413757
[2025-09-25 12:38:12]  00 00 00 00                                      ....
[2025-09-25 12:38:12] --
[2025-09-25 12:38:12] 2025/09/25 12:38:12 socat[67544] N write(6, 0x5f8a4e76c000, 4) completed
[2025-09-25 12:38:12] < 2025/09/25 12:38:12.000479602  length=4 from=1413758 to=1413761
[2025-09-25 12:38:12]  00 00 00 00                                      ....
[2025-09-25 12:38:12] --
[2025-09-25 12:38:12] 2025/09/25 12:38:12 socat[67544] N write(6, 0x5f8a4e76c000, 4) completed
[2025-09-25 12:38:12] < 2025/09/25 12:38:12.000479630  length=4 from=1413762 to=1413765
[2025-09-25 12:38:12]  00 00 00 00                                      ....
[2025-09-25 12:38:12] --
[2025-09-25 12:38:12] 2025/09/25 12:38:12 socat[67544] N write(6, 0x5f8a4e76c000, 4) completed
[2025-09-25 12:38:12] < 2025/09/25 12:38:12.000479657  length=4 from=1413766 to=1413769
[2025-09-25 12:38:12]  00 00 00 00                                      ....
[2025-09-25 12:38:12] --
[2025-09-25 12:38:12] 2025/09/25 12:38:12 socat[67544] N write(6, 0x5f8a4e76c000, 4) completed
[2025-09-25 12:38:12] < 2025/09/25 12:38:12.000479679  length=4 from=1413770 to=1413773
[2025-09-25 12:38:12]  00 00 00 00                                      ....
[2025-09-25 12:38:12] --
[2025-09-25 12:38:12] 2025/09/25 12:38:12 socat[67544] N write(6, 0x5f8a4e76c000, 4) completed
[2025-09-25 12:38:12] < 2025/09/25 12:38:12.000479700  length=4 from=1413774 to=1413777
[2025-09-25 12:38:12]  00 00 00 df                                      ....
[2025-09-25 12:38:12] --
[2025-09-25 12:38:12] 2025/09/25 12:38:12 socat[67544] N write(6, 0x5f8a4e76c000, 4) completed
[2025-09-25 12:38:12] < 2025/09/25 12:38:12.000479728  length=4 from=1413778 to=1413781
[2025-09-25 12:38:12]  21 00 00 00                                      !...
[2025-09-25 12:38:12] --
[2025-09-25 12:38:12] 2025/09/25 12:38:12 socat[67544] N write(6, 0x5f8a4e76c000, 4) completed
[2025-09-25 12:38:12] < 2025/09/25 12:38:12.000479762  length=4 from=1413782 to=1413785
[2025-09-25 12:38:12]  00 00 00 00                                      ....
[2025-09-25 12:38:12] --
[2025-09-25 12:38:12] 2025/09/25 12:38:12 socat[67544] N write(6, 0x5f8a4e76c000, 4) completed
[2025-09-25 12:38:12] < 2025/09/25 12:38:12.000479783  length=4 from=1413786 to=1413789
[2025-09-25 12:38:12]  00 00 00 00                                      ....
[2025-09-25 12:38:12] --
[2025-09-25 12:38:12] 2025/09/25 12:38:12 socat[67544] N write(6, 0x5f8a4e76c000, 4) completed
[2025-09-25 12:38:12] < 2025/09/25 12:38:12.000479817  length=4 from=1413790 to=1413793
[2025-09-25 12:38:12]  00 00 00 00                                      ....
[2025-09-25 12:38:12] --
[2025-09-25 12:38:12] 2025/09/25 12:38:12 socat[67544] N write(6, 0x5f8a4e76c000, 4) completed
[2025-09-25 12:38:12] < 2025/09/25 12:38:12.000479838  length=4 from=1413794 to=1413797
[2025-09-25 12:38:12]  00 00 00 00                                      ....
[2025-09-25 12:38:12] --
[2025-09-25 12:38:12] 2025/09/25 12:38:12 socat[67544] N write(6, 0x5f8a4e76c000, 4) completed
[2025-09-25 12:38:12] < 2025/09/25 12:38:12.000479865  length=4 from=1413798 to=1413801
[2025-09-25 12:38:12]  00 00 00 00                                      ....
[2025-09-25 12:38:12] --
[2025-09-25 12:38:12] 2025/09/25 12:38:12 socat[67544] N write(6, 0x5f8a4e76c000, 4) completed
[2025-09-25 12:38:12] < 2025/09/25 12:38:12.000479892  length=4 from=1413802 to=1413805
[2025-09-25 12:38:12]  00 00 00 00                                      ....
[2025-09-25 12:38:12] --
[2025-09-25 12:38:12] 2025/09/25 12:38:12 socat[67544] N write(6, 0x5f8a4e76c000, 4) completed
[2025-09-25 12:38:12] < 2025/09/25 12:38:12.000479911  length=4 from=1413806 to=1413809
[2025-09-25 12:38:12]  00 00 00 00                                      ....
[2025-09-25 12:38:12] --
[2025-09-25 12:38:12] 2025/09/25 12:38:12 socat[67544] N write(6, 0x5f8a4e76c000, 4) completed
[2025-09-25 12:38:12] < 2025/09/25 12:38:12.000479930  length=4 from=1413810 to=1413813
[2025-09-25 12:38:12]  00 df 21 00                                      ..!.
[2025-09-25 12:38:12] --
[2025-09-25 12:38:12] 2025/09/25 12:38:12 socat[67544] N write(6, 0x5f8a4e76c000, 4) completed
[2025-09-25 12:38:12] < 2025/09/25 12:38:12.000479948  length=4 from=1413814 to=1413817
[2025-09-25 12:38:12]  00 00 00 00                                      ....
[2025-09-25 12:38:12] --
[2025-09-25 12:38:12] 2025/09/25 12:38:12 socat[67544] N write(6, 0x5f8a4e76c000, 4) completed
[2025-09-25 12:38:12] < 2025/09/25 12:38:12.000479987  length=4 from=1413818 to=1413821
[2025-09-25 12:38:12]  00 00 00 00                                      ....
[2025-09-25 12:38:12] --
[2025-09-25 12:38:12] 2025/09/25 12:38:12 socat[67544] N write(6, 0x5f8a4e76c000, 4) completed
[2025-09-25 12:38:12] < 2025/09/25 12:38:12.000480006  length=4 from=1413822 to=1413825
[2025-09-25 12:38:12]  00 00 00 00                                      ....
[2025-09-25 12:38:12] --
[2025-09-25 12:38:12] 2025/09/25 12:38:12 socat[67544] N write(6, 0x5f8a4e76c000, 4) completed
[2025-09-25 12:38:12] < 2025/09/25 12:38:12.000480025  length=4 from=1413826 to=1413829
[2025-09-25 12:38:12]  00 00 00 00                                      ....
[2025-09-25 12:38:12] --
[2025-09-25 12:38:12] 2025/09/25 12:38:12 socat[67544] N write(6, 0x5f8a4e76c000, 4) completed
[2025-09-25 12:38:12] < 2025/09/25 12:38:12.000480044  length=4 from=1413830 to=1413833
[2025-09-25 12:38:12]  00 00 00 00                                      ....
[2025-09-25 12:38:12] --
[2025-09-25 12:38:12] 2025/09/25 12:38:12 socat[67544] N write(6, 0x5f8a4e76c000, 4) completed
[2025-09-25 12:38:12] < 2025/09/25 12:38:12.000480064  length=4 from=1413834 to=1413837
[2025-09-25 12:38:12]  00 00 00 00                                      ....
[2025-09-25 12:38:12] --
[2025-09-25 12:38:12] 2025/09/25 12:38:12 socat[67544] N write(6, 0x5f8a4e76c000, 4) completed
[2025-09-25 12:38:12] < 2025/09/25 12:38:12.000480082  length=4 from=1413838 to=1413841
[2025-09-25 12:38:12]  00 00 00 00                                      ....
[2025-09-25 12:38:12] --
[2025-09-25 12:38:12] 2025/09/25 12:38:12 socat[67544] N write(6, 0x5f8a4e76c000, 4) completed
[2025-09-25 12:38:12] < 2025/09/25 12:38:12.000480101  length=4 from=1413842 to=1413845
[2025-09-25 12:38:12]  00 00 00 df                                      ....
[2025-09-25 12:38:12] --
[2025-09-25 12:38:12] 2025/09/25 12:38:12 socat[67544] N write(6, 0x5f8a4e76c000, 4) completed
[2025-09-25 12:38:12] < 2025/09/25 12:38:12.000480122  length=4 from=1413846 to=1413849
[2025-09-25 12:38:12]  21 00 00 00                                      !...
[2025-09-25 12:38:12] --
[2025-09-25 12:38:12] 2025/09/25 12:38:12 socat[67544] N write(6, 0x5f8a4e76c000, 4) completed
[2025-09-25 12:38:12] < 2025/09/25 12:38:12.000480141  length=4 from=1413850 to=1413853
[2025-09-25 12:38:12]  00 00 00 00                                      ....
[2025-09-25 12:38:12] --
[2025-09-25 12:38:12] 2025/09/25 12:38:12 socat[67544] N write(6, 0x5f8a4e76c000, 4) completed
[2025-09-25 12:38:12] < 2025/09/25 12:38:12.000480160  length=4 from=1413854 to=1413857
[2025-09-25 12:38:12]  00 00 00 00                                      ....
[2025-09-25 12:38:12] --
[2025-09-25 12:38:12] 2025/09/25 12:38:12 socat[67544] N write(6, 0x5f8a4e76c000, 4) completed
[2025-09-25 12:38:12] < 2025/09/25 12:38:12.000480179  length=4 from=1413858 to=1413861
[2025-09-25 12:38:12]  00 00 00 00                                      ....
[2025-09-25 12:38:12] --
[2025-09-25 12:38:12] 2025/09/25 12:38:12 socat[67544] N write(6, 0x5f8a4e76c000, 4) completed
[2025-09-25 12:38:12] < 2025/09/25 12:38:12.000480199  length=4 from=1413862 to=1413865
[2025-09-25 12:38:12]  00 00 00 00                                      ....
[2025-09-25 12:38:12] --
[2025-09-25 12:38:12] 2025/09/25 12:38:12 socat[67544] N write(6, 0x5f8a4e76c000, 4) completed
[2025-09-25 12:38:12] < 2025/09/25 12:38:12.000480218  length=4 from=1413866 to=1413869
[2025-09-25 12:38:12]  00 00 00 00                                      ....
[2025-09-25 12:38:12] --
[2025-09-25 12:38:12] 2025/09/25 12:38:12 socat[67544] N write(6, 0x5f8a4e76c000, 4) completed
[2025-09-25 12:38:12] < 2025/09/25 12:38:12.000480237  length=4 from=1413870 to=1413873
[2025-09-25 12:38:12]  00 00 00 00                                      ....
[2025-09-25 12:38:12] --
[2025-09-25 12:38:12] 2025/09/25 12:38:12 socat[67544] N write(6, 0x5f8a4e76c000, 4) completed
[2025-09-25 12:38:12] < 2025/09/25 12:38:12.000480256  length=4 from=1413874 to=1413877
[2025-09-25 12:38:12]  00 00 00 00                                      ....
[2025-09-25 12:38:12] --
[2025-09-25 12:38:12] 2025/09/25 12:38:12 socat[67544] N write(6, 0x5f8a4e76c000, 4) completed
[2025-09-25 12:38:12] < 2025/09/25 12:38:12.000480286  length=4 from=1413878 to=1413881
[2025-09-25 12:38:12]  00 df 21 00                                      ..!.
[2025-09-25 12:38:12] --
[2025-09-25 12:38:12] 2025/09/25 12:38:12 socat[67544] N write(6, 0x5f8a4e76c000, 4) completed
[2025-09-25 12:38:12] < 2025/09/25 12:38:12.000480306  length=4 from=1413882 to=1413885
[2025-09-25 12:38:12]  00 00 00 00                                      ....
[2025-09-25 12:38:12] --
[2025-09-25 12:38:12] 2025/09/25 12:38:12 socat[67544] N write(6, 0x5f8a4e76c000, 4) completed
[2025-09-25 12:38:12] < 2025/09/25 12:38:12.000480325  length=4 from=1413886 to=1413889
[2025-09-25 12:38:12]  00 00 00 00                                      ....
[2025-09-25 12:38:12] --
[2025-09-25 12:38:12] 2025/09/25 12:38:12 socat[67544] N write(6, 0x5f8a4e76c000, 4) completed
[2025-09-25 12:38:12] < 2025/09/25 12:38:12.000480345  length=4 from=1413890 to=1413893
[2025-09-25 12:38:12]  00 00 00 00                                      ....
[2025-09-25 12:38:12] --
[2025-09-25 12:38:12] 2025/09/25 12:38:12 socat[67544] N write(6, 0x5f8a4e76c000, 4) completed
[2025-09-25 12:38:12] < 2025/09/25 12:38:12.000480364  length=4 from=1413894 to=1413897
[2025-09-25 12:38:12]  00 00 00 00                                      ....
[2025-09-25 12:38:12] --
[2025-09-25 12:38:12] 2025/09/25 12:38:12 socat[67544] N write(6, 0x5f8a4e76c000, 4) completed
[2025-09-25 12:38:12] < 2025/09/25 12:38:12.000480384  length=4 from=1413898 to=1413901
[2025-09-25 12:38:12]  00 00 00 00                                      ....
[2025-09-25 12:38:12] --
[2025-09-25 12:38:12] 2025/09/25 12:38:12 socat[67544] N write(6, 0x5f8a4e76c000, 4) completed
[2025-09-25 12:38:12] < 2025/09/25 12:38:12.000480403  length=4 from=1413902 to=1413905
[2025-09-25 12:38:12]  00 00 00 00                                      ....
[2025-09-25 12:38:12] --
[2025-09-25 12:38:12] 2025/09/25 12:38:12 socat[67544] N write(6, 0x5f8a4e76c000, 4) completed
[2025-09-25 12:38:12] < 2025/09/25 12:38:12.000551943  length=4 from=1413906 to=1413909
[2025-09-25 12:38:12]  00 00 00 00                                      ....
[2025-09-25 12:38:12] --
[2025-09-25 12:38:12] 2025/09/25 12:38:12 socat[67544] N write(6, 0x5f8a4e76c000, 4) completed
[2025-09-25 12:38:12] < 2025/09/25 12:38:12.000552045  length=4 from=1413910 to=1413913
[2025-09-25 12:38:12]  00 00 00 df                                      ....
[2025-09-25 12:38:12] --
[2025-09-25 12:38:12] 2025/09/25 12:38:12 socat[67544] N write(6, 0x5f8a4e76c000, 4) completed
[2025-09-25 12:38:12] < 2025/09/25 12:38:12.000552068  length=4 from=1413914 to=1413917
[2025-09-25 12:38:12]  21 00 00 00                                      !...
[2025-09-25 12:38:12] --
[2025-09-25 12:38:12] 2025/09/25 12:38:12 socat[67544] N write(6, 0x5f8a4e76c000, 4) completed
[2025-09-25 12:38:12] < 2025/09/25 12:38:12.000552093  length=4 from=1413918 to=1413921
[2025-09-25 12:38:12]  00 00 00 00                                      ....
[2025-09-25 12:38:12] --
[2025-09-25 12:38:12] 2025/09/25 12:38:12 socat[67544] N write(6, 0x5f8a4e76c000, 4) completed
[2025-09-25 12:38:12] < 2025/09/25 12:38:12.000552123  length=4 from=1413922 to=1413925
[2025-09-25 12:38:12]  00 00 00 00                                      ....
[2025-09-25 12:38:12] --
[2025-09-25 12:38:12] 2025/09/25 12:38:12 socat[67544] N write(6, 0x5f8a4e76c000, 4) completed
[2025-09-25 12:38:12] < 2025/09/25 12:38:12.000552145  length=4 from=1413926 to=1413929
[2025-09-25 12:38:12]  00 00 00 00                                      ....
[2025-09-25 12:38:12] --
[2025-09-25 12:38:12] 2025/09/25 12:38:12 socat[67544] N write(6, 0x5f8a4e76c000, 4) completed
[2025-09-25 12:38:12] < 2025/09/25 12:38:12.000552166  length=4 from=1413930 to=1413933
[2025-09-25 12:38:12]  00 00 00 00                                      ....
[2025-09-25 12:38:12] --
[2025-09-25 12:38:12] 2025/09/25 12:38:12 socat[67544] N write(6, 0x5f8a4e76c000, 4) completed
[2025-09-25 12:38:12] < 2025/09/25 12:38:12.000552187  length=4 from=1413934 to=1413937
[2025-09-25 12:38:12]  00 00 00 00                                      ....
[2025-09-25 12:38:12] --
[2025-09-25 12:38:12] 2025/09/25 12:38:12 socat[67544] N write(6, 0x5f8a4e76c000, 4) completed
[2025-09-25 12:38:12] < 2025/09/25 12:38:12.000552264  length=4 from=1413938 to=1413941
[2025-09-25 12:38:12]  00 00 00 00                                      ....
[2025-09-25 12:38:12] --
[2025-09-25 12:38:12] 2025/09/25 12:38:12 socat[67544] N write(6, 0x5f8a4e76c000, 4) completed
[2025-09-25 12:38:12] < 2025/09/25 12:38:12.000552301  length=4 from=1413942 to=1413945
[2025-09-25 12:38:12]  00 00 00 00                                      ....
[2025-09-25 12:38:12] --
[2025-09-25 12:38:12] 2025/09/25 12:38:12 socat[67544] N write(6, 0x5f8a4e76c000, 4) completed
[2025-09-25 12:38:12] < 2025/09/25 12:38:12.000552336  length=4 from=1413946 to=1413949
[2025-09-25 12:38:12]  00 df 21 00                                      ..!.
[2025-09-25 12:38:12] --
[2025-09-25 12:38:12] 2025/09/25 12:38:12 socat[67544] N write(6, 0x5f8a4e76c000, 4) completed
[2025-09-25 12:38:12] < 2025/09/25 12:38:12.000552376  length=4 from=1413950 to=1413953
[2025-09-25 12:38:12]  00 00 00 00                                      ....
[2025-09-25 12:38:12] --
[2025-09-25 12:38:12] 2025/09/25 12:38:12 socat[67544] N write(6, 0x5f8a4e76c000, 4) completed
[2025-09-25 12:38:12] < 2025/09/25 12:38:12.000552415  length=4 from=1413954 to=1413957
[2025-09-25 12:38:12]  00 00 00 00                                      ....
[2025-09-25 12:38:12] --
[2025-09-25 12:38:12] 2025/09/25 12:38:12 socat[67544] N write(6, 0x5f8a4e76c000, 4) completed
[2025-09-25 12:38:12] < 2025/09/25 12:38:12.000552445  length=4 from=1413958 to=1413961
[2025-09-25 12:38:12]  00 00 00 00                                      ....
[2025-09-25 12:38:12] --
[2025-09-25 12:38:12] 2025/09/25 12:38:12 socat[67544] N write(6, 0x5f8a4e76c000, 4) completed
[2025-09-25 12:38:12] < 2025/09/25 12:38:12.000552482  length=4 from=1413962 to=1413965
[2025-09-25 12:38:12]  00 00 00 00                                      ....
[2025-09-25 12:38:12] --
[2025-09-25 12:38:12] 2025/09/25 12:38:12 socat[67544] N write(6, 0x5f8a4e76c000, 4) completed
[2025-09-25 12:38:12] < 2025/09/25 12:38:12.000552521  length=4 from=1413966 to=1413969
[2025-09-25 12:38:12]  00 00 00 00                                      ....
[2025-09-25 12:38:12] --
[2025-09-25 12:38:12] 2025/09/25 12:38:12 socat[67544] N write(6, 0x5f8a4e76c000, 4) completed
[2025-09-25 12:38:12] < 2025/09/25 12:38:12.000552565  length=4 from=1413970 to=1413973
[2025-09-25 12:38:12]  00 00 00 00                                      ....
[2025-09-25 12:38:12] --
[2025-09-25 12:38:12] 2025/09/25 12:38:12 socat[67544] N write(6, 0x5f8a4e76c000, 4) completed
[2025-09-25 12:38:12] < 2025/09/25 12:38:12.000552600  length=4 from=1413974 to=1413977
[2025-09-25 12:38:12]  00 00 00 00                                      ....
[2025-09-25 12:38:12] --
[2025-09-25 12:38:12] 2025/09/25 12:38:12 socat[67544] N write(6, 0x5f8a4e76c000, 4) completed
[2025-09-25 12:38:12] < 2025/09/25 12:38:12.000552633  length=4 from=1413978 to=1413981
[2025-09-25 12:38:12]  00 00 00 df                                      ....
[2025-09-25 12:38:12] --
[2025-09-25 12:38:12] 2025/09/25 12:38:12 socat[67544] N write(6, 0x5f8a4e76c000, 4) completed
[2025-09-25 12:38:12] < 2025/09/25 12:38:12.000552660  length=4 from=1413982 to=1413985
[2025-09-25 12:38:12]  21 00 00 00                                      !...
[2025-09-25 12:38:12] --
[2025-09-25 12:38:12] 2025/09/25 12:38:12 socat[67544] N write(6, 0x5f8a4e76c000, 4) completed
[2025-09-25 12:38:12] < 2025/09/25 12:38:12.000552697  length=4 from=1413986 to=1413989
[2025-09-25 12:38:12]  00 00 00 00                                      ....
[2025-09-25 12:38:12] --
[2025-09-25 12:38:12] 2025/09/25 12:38:12 socat[67544] N write(6, 0x5f8a4e76c000, 4) completed
[2025-09-25 12:38:12] < 2025/09/25 12:38:12.000552728  length=4 from=1413990 to=1413993
[2025-09-25 12:38:12]  00 00 00 00                                      ....
[2025-09-25 12:38:12] --
[2025-09-25 12:38:12] 2025/09/25 12:38:12 socat[67544] N write(6, 0x5f8a4e76c000, 4) completed
[2025-09-25 12:38:12] < 2025/09/25 12:38:12.000552759  length=4 from=1413994 to=1413997
[2025-09-25 12:38:12]  00 00 00 00                                      ....
[2025-09-25 12:38:12] --
[2025-09-25 12:38:12] 2025/09/25 12:38:12 socat[67544] N write(6, 0x5f8a4e76c000, 4) completed
[2025-09-25 12:38:12] < 2025/09/25 12:38:12.000552782  length=4 from=1413998 to=1414001
[2025-09-25 12:38:12]  00 00 00 00                                      ....
[2025-09-25 12:38:12] --
[2025-09-25 12:38:12] 2025/09/25 12:38:12 socat[67544] N write(6, 0x5f8a4e76c000, 4) completed
[2025-09-25 12:38:12] < 2025/09/25 12:38:12.000552815  length=4 from=1414002 to=1414005
[2025-09-25 12:38:12]  00 00 00 00                                      ....
[2025-09-25 12:38:12] --
[2025-09-25 12:38:12] 2025/09/25 12:38:12 socat[67544] N write(6, 0x5f8a4e76c000, 4) completed
[2025-09-25 12:38:12] < 2025/09/25 12:38:12.000552853  length=4 from=1414006 to=1414009
[2025-09-25 12:38:12]  00 00 00 00                                      ....
[2025-09-25 12:38:12] --
[2025-09-25 12:38:12] 2025/09/25 12:38:12 socat[67544] N write(6, 0x5f8a4e76c000, 4) completed
[2025-09-25 12:38:12] < 2025/09/25 12:38:12.000552885  length=4 from=1414010 to=1414013
[2025-09-25 12:38:12]  00 00 00 00                                      ....
[2025-09-25 12:38:12] --
[2025-09-25 12:38:12] 2025/09/25 12:38:12 socat[67544] N write(6, 0x5f8a4e76c000, 4) completed
[2025-09-25 12:38:12] < 2025/09/25 12:38:12.000552917  length=4 from=1414014 to=1414017
[2025-09-25 12:38:12]  00 df 21 00                                      ..!.
[2025-09-25 12:38:12] --
[2025-09-25 12:38:12] 2025/09/25 12:38:12 socat[67544] N write(6, 0x5f8a4e76c000, 4) completed
[2025-09-25 12:38:12] < 2025/09/25 12:38:12.000552937  length=4 from=1414018 to=1414021
[2025-09-25 12:38:12]  00 00 00 00                                      ....
[2025-09-25 12:38:12] --
[2025-09-25 12:38:12] 2025/09/25 12:38:12 socat[67544] N write(6, 0x5f8a4e76c000, 4) completed
[2025-09-25 12:38:12] < 2025/09/25 12:38:12.000552971  length=4 from=1414022 to=1414025
[2025-09-25 12:38:12]  00 00 00 00                                      ....
[2025-09-25 12:38:12] --
[2025-09-25 12:38:12] 2025/09/25 12:38:12 socat[67544] N write(6, 0x5f8a4e76c000, 4) completed
[2025-09-25 12:38:12] < 2025/09/25 12:38:12.000552997  length=4 from=1414026 to=1414029
[2025-09-25 12:38:12]  00 00 00 00                                      ....
[2025-09-25 12:38:12] --
[2025-09-25 12:38:12] 2025/09/25 12:38:12 socat[67544] N write(6, 0x5f8a4e76c000, 4) completed
[2025-09-25 12:38:12] < 2025/09/25 12:38:12.000553032  length=4 from=1414030 to=1414033
[2025-09-25 12:38:12]  00 00 00 00                                      ....
[2025-09-25 12:38:12] --
[2025-09-25 12:38:12] 2025/09/25 12:38:12 socat[67544] N write(6, 0x5f8a4e76c000, 4) completed
[2025-09-25 12:38:12] < 2025/09/25 12:38:12.000553068  length=4 from=1414034 to=1414037
[2025-09-25 12:38:12]  00 00 00 00                                      ....
[2025-09-25 12:38:12] --
[2025-09-25 12:38:12] 2025/09/25 12:38:12 socat[67544] N write(6, 0x5f8a4e76c000, 4) completed
[2025-09-25 12:38:12] < 2025/09/25 12:38:12.000553103  length=4 from=1414038 to=1414041
[2025-09-25 12:38:12]  00 00 00 00                                      ....
[2025-09-25 12:38:12] --
[2025-09-25 12:38:12] 2025/09/25 12:38:12 socat[67544] N write(6, 0x5f8a4e76c000, 4) completed
[2025-09-25 12:38:12] < 2025/09/25 12:38:12.000553137  length=4 from=1414042 to=1414045
[2025-09-25 12:38:12]  00 00 00 00                                      ....
[2025-09-25 12:38:12] --
[2025-09-25 12:38:12] 2025/09/25 12:38:12 socat[67544] N write(6, 0x5f8a4e76c000, 4) completed
[2025-09-25 12:38:12] < 2025/09/25 12:38:12.000553175  length=4 from=1414046 to=1414049
[2025-09-25 12:38:12]  00 00 00 df                                      ....
[2025-09-25 12:38:12] --
[2025-09-25 12:38:12] 2025/09/25 12:38:12 socat[67544] N write(6, 0x5f8a4e76c000, 4) completed
[2025-09-25 12:38:12] < 2025/09/25 12:38:12.000553214  length=4 from=1414050 to=1414053
[2025-09-25 12:38:12]  21 00 00 00                                      !...
[2025-09-25 12:38:12] --
[2025-09-25 12:38:12] 2025/09/25 12:38:12 socat[67544] N write(6, 0x5f8a4e76c000, 4) completed
[2025-09-25 12:38:12] < 2025/09/25 12:38:12.000553250  length=4 from=1414054 to=1414057
[2025-09-25 12:38:12]  00 00 00 00                                      ....
[2025-09-25 12:38:12] --
[2025-09-25 12:38:12] 2025/09/25 12:38:12 socat[67544] N write(6, 0x5f8a4e76c000, 4) completed
[2025-09-25 12:38:12] < 2025/09/25 12:38:12.000553278  length=4 from=1414058 to=1414061
[2025-09-25 12:38:12]  00 00 00 00                                      ....
[2025-09-25 12:38:12] --
[2025-09-25 12:38:12] 2025/09/25 12:38:12 socat[67544] N write(6, 0x5f8a4e76c000, 4) completed
[2025-09-25 12:38:12] < 2025/09/25 12:38:12.000553316  length=4 from=1414062 to=1414065
[2025-09-25 12:38:12]  00 00 00 00                                      ....
[2025-09-25 12:38:12] --
[2025-09-25 12:38:12] 2025/09/25 12:38:12 socat[67544] N write(6, 0x5f8a4e76c000, 4) completed
[2025-09-25 12:38:12] < 2025/09/25 12:38:12.000553345  length=4 from=1414066 to=1414069
[2025-09-25 12:38:12]  00 00 00 00                                      ....
[2025-09-25 12:38:12] --
[2025-09-25 12:38:12] 2025/09/25 12:38:12 socat[67544] N write(6, 0x5f8a4e76c000, 4) completed
[2025-09-25 12:38:12] < 2025/09/25 12:38:12.000553382  length=4 from=1414070 to=1414073
[2025-09-25 12:38:12]  00 00 00 00                                      ....
[2025-09-25 12:38:12] --
[2025-09-25 12:38:12] 2025/09/25 12:38:12 socat[67544] N write(6, 0x5f8a4e76c000, 4) completed
[2025-09-25 12:38:12] < 2025/09/25 12:38:12.000553427  length=4 from=1414074 to=1414077
[2025-09-25 12:38:12]  00 00 00 00                                      ....
[2025-09-25 12:38:12] --
[2025-09-25 12:38:12] 2025/09/25 12:38:12 socat[67544] N write(6, 0x5f8a4e76c000, 4) completed
[2025-09-25 12:38:12] < 2025/09/25 12:38:12.000553466  length=4 from=1414078 to=1414081
[2025-09-25 12:38:12]  00 00 00 00                                      ....
[2025-09-25 12:38:12] --
[2025-09-25 12:38:12] 2025/09/25 12:38:12 socat[67544] N write(6, 0x5f8a4e76c000, 4) completed
[2025-09-25 12:38:12] < 2025/09/25 12:38:12.000553502  length=4 from=1414082 to=1414085
[2025-09-25 12:38:12]  00 df 21 00                                      ..!.
[2025-09-25 12:38:12] --
[2025-09-25 12:38:12] 2025/09/25 12:38:12 socat[67544] N write(6, 0x5f8a4e76c000, 4) completed
[2025-09-25 12:38:12] < 2025/09/25 12:38:12.000553538  length=4 from=1414086 to=1414089
[2025-09-25 12:38:12]  00 00 00 00                                      ....
[2025-09-25 12:38:12] --
[2025-09-25 12:38:12] 2025/09/25 12:38:12 socat[67544] N write(6, 0x5f8a4e76c000, 4) completed
[2025-09-25 12:38:12] < 2025/09/25 12:38:12.000553571  length=4 from=1414090 to=1414093
[2025-09-25 12:38:12]  00 00 00 00                                      ....
[2025-09-25 12:38:12] --
[2025-09-25 12:38:12] 2025/09/25 12:38:12 socat[67544] N write(6, 0x5f8a4e76c000, 4) completed
[2025-09-25 12:38:12] < 2025/09/25 12:38:12.000553598  length=4 from=1414094 to=1414097
[2025-09-25 12:38:12]  00 00 00 00                                      ....
[2025-09-25 12:38:12] --
[2025-09-25 12:38:12] 2025/09/25 12:38:12 socat[67544] N write(6, 0x5f8a4e76c000, 4) completed
[2025-09-25 12:38:12] < 2025/09/25 12:38:12.000553628  length=4 from=1414098 to=1414101
[2025-09-25 12:38:12]  00 00 00 00                                      ....
[2025-09-25 12:38:12] --
[2025-09-25 12:38:12] 2025/09/25 12:38:12 socat[67544] N write(6, 0x5f8a4e76c000, 4) completed
[2025-09-25 12:38:12] < 2025/09/25 12:38:12.000553681  length=4 from=1414102 to=1414105
[2025-09-25 12:38:12]  00 00 00 00                                      ....
[2025-09-25 12:38:12] --
[2025-09-25 12:38:12] 2025/09/25 12:38:12 socat[67544] N write(6, 0x5f8a4e76c000, 4) completed
[2025-09-25 12:38:12] < 2025/09/25 12:38:12.000553710  length=4 from=1414106 to=1414109
[2025-09-25 12:38:12]  00 00 00 00                                      ....
[2025-09-25 12:38:12] --
[2025-09-25 12:38:12] 2025/09/25 12:38:12 socat[67544] N write(6, 0x5f8a4e76c000, 4) completed
[2025-09-25 12:38:12] < 2025/09/25 12:38:12.000553754  length=4 from=1414110 to=1414113
[2025-09-25 12:38:12]  00 00 00 00                                      ....
[2025-09-25 12:38:12] --
[2025-09-25 12:38:12] 2025/09/25 12:38:12 socat[67544] N write(6, 0x5f8a4e76c000, 4) completed
[2025-09-25 12:38:12] < 2025/09/25 12:38:12.000553802  length=4 from=1414114 to=1414117
[2025-09-25 12:38:12]  00 00 00 df                                      ....
[2025-09-25 12:38:12] --
[2025-09-25 12:38:12] 2025/09/25 12:38:12 socat[67544] N write(6, 0x5f8a4e76c000, 4) completed
[2025-09-25 12:38:12] < 2025/09/25 12:38:12.000553842  length=4 from=1414118 to=1414121
[2025-09-25 12:38:12]  21 00 00 00                                      !...
[2025-09-25 12:38:12] --
[2025-09-25 12:38:12] 2025/09/25 12:38:12 socat[67544] N write(6, 0x5f8a4e76c000, 4) completed
[2025-09-25 12:38:12] < 2025/09/25 12:38:12.000553888  length=4 from=1414122 to=1414125
[2025-09-25 12:38:12]  00 00 00 00                                      ....
[2025-09-25 12:38:12] --
[2025-09-25 12:38:12] 2025/09/25 12:38:12 socat[67544] N write(6, 0x5f8a4e76c000, 4) completed
[2025-09-25 12:38:12] < 2025/09/25 12:38:12.000553928  length=4 from=1414126 to=1414129
[2025-09-25 12:38:12]  00 00 00 00                                      ....
[2025-09-25 12:38:12] --
[2025-09-25 12:38:12] 2025/09/25 12:38:12 socat[67544] N write(6, 0x5f8a4e76c000, 4) completed
[2025-09-25 12:38:12] < 2025/09/25 12:38:12.000553969  length=4 from=1414130 to=1414133
[2025-09-25 12:38:12]  00 00 00 00                                      ....
[2025-09-25 12:38:12] --
[2025-09-25 12:38:12] 2025/09/25 12:38:12 socat[67544] N write(6, 0x5f8a4e76c000, 4) completed
[2025-09-25 12:38:12] < 2025/09/25 12:38:12.000554002  length=4 from=1414134 to=1414137
[2025-09-25 12:38:12]  00 00 00 00                                      ....
[2025-09-25 12:38:12] --
[2025-09-25 12:38:12] 2025/09/25 12:38:12 socat[67544] N write(6, 0x5f8a4e76c000, 4) completed
[2025-09-25 12:38:12] < 2025/09/25 12:38:12.000554030  length=4 from=1414138 to=1414141
[2025-09-25 12:38:12]  00 00 00 00                                      ....
[2025-09-25 12:38:12] --
[2025-09-25 12:38:12] 2025/09/25 12:38:12 socat[67544] N write(6, 0x5f8a4e76c000, 4) completed
[2025-09-25 12:38:12] < 2025/09/25 12:38:12.000554066  length=4 from=1414142 to=1414145
[2025-09-25 12:38:12]  00 00 00 00                                      ....
[2025-09-25 12:38:12] --
[2025-09-25 12:38:12] 2025/09/25 12:38:12 socat[67544] N write(6, 0x5f8a4e76c000, 4) completed
[2025-09-25 12:38:12] < 2025/09/25 12:38:12.000554104  length=4 from=1414146 to=1414149
[2025-09-25 12:38:12]  00 00 00 00                                      ....
[2025-09-25 12:38:12] --
[2025-09-25 12:38:12] 2025/09/25 12:38:12 socat[67544] N write(6, 0x5f8a4e76c000, 4) completed
[2025-09-25 12:38:12] < 2025/09/25 12:38:12.000554142  length=4 from=1414150 to=1414153
[2025-09-25 12:38:12]  00 df 21 00                                      ..!.
[2025-09-25 12:38:12] --
[2025-09-25 12:38:12] 2025/09/25 12:38:12 socat[67544] N write(6, 0x5f8a4e76c000, 4) completed
[2025-09-25 12:38:12] < 2025/09/25 12:38:12.000554194  length=4 from=1414154 to=1414157
[2025-09-25 12:38:12]  00 00 00 00                                      ....
[2025-09-25 12:38:12] --
[2025-09-25 12:38:12] 2025/09/25 12:38:12 socat[67544] N write(6, 0x5f8a4e76c000, 4) completed
[2025-09-25 12:38:12] < 2025/09/25 12:38:12.000554235  length=4 from=1414158 to=1414161
[2025-09-25 12:38:12]  00 00 00 00                                      ....
[2025-09-25 12:38:12] --
[2025-09-25 12:38:12] 2025/09/25 12:38:12 socat[67544] N write(6, 0x5f8a4e76c000, 4) completed
[2025-09-25 12:38:12] < 2025/09/25 12:38:12.000626085  length=4 from=1414162 to=1414165
[2025-09-25 12:38:12]  00 00 00 00                                      ....
[2025-09-25 12:38:12] --
[2025-09-25 12:38:12] 2025/09/25 12:38:12 socat[67544] N write(6, 0x5f8a4e76c000, 4) completed
[2025-09-25 12:38:12] < 2025/09/25 12:38:12.000626176  length=4 from=1414166 to=1414169
[2025-09-25 12:38:12]  00 00 00 00                                      ....
[2025-09-25 12:38:12] --
[2025-09-25 12:38:12] 2025/09/25 12:38:12 socat[67544] N write(6, 0x5f8a4e76c000, 4) completed
[2025-09-25 12:38:12] < 2025/09/25 12:38:12.000626200  length=4 from=1414170 to=1414173
[2025-09-25 12:38:12]  00 00 00 00                                      ....
[2025-09-25 12:38:12] --
[2025-09-25 12:38:12] 2025/09/25 12:38:12 socat[67544] N write(6, 0x5f8a4e76c000, 4) completed
[2025-09-25 12:38:12] < 2025/09/25 12:38:12.000626223  length=4 from=1414174 to=1414177
[2025-09-25 12:38:12]  00 00 00 00                                      ....
[2025-09-25 12:38:12] --
[2025-09-25 12:38:12] 2025/09/25 12:38:12 socat[67544] N write(6, 0x5f8a4e76c000, 4) completed
[2025-09-25 12:38:12] < 2025/09/25 12:38:12.000626245  length=4 from=1414178 to=1414181
[2025-09-25 12:38:12]  00 00 00 00                                      ....
[2025-09-25 12:38:12] --
[2025-09-25 12:38:12] 2025/09/25 12:38:12 socat[67544] N write(6, 0x5f8a4e76c000, 4) completed
[2025-09-25 12:38:12] < 2025/09/25 12:38:12.000626267  length=4 from=1414182 to=1414185
[2025-09-25 12:38:12]  00 00 00 df                                      ....
[2025-09-25 12:38:12] --
[2025-09-25 12:38:12] 2025/09/25 12:38:12 socat[67544] N write(6, 0x5f8a4e76c000, 4) completed
[2025-09-25 12:38:12] < 2025/09/25 12:38:12.000626289  length=4 from=1414186 to=1414189
[2025-09-25 12:38:12]  21 00 00 00                                      !...
[2025-09-25 12:38:12] --
[2025-09-25 12:38:12] 2025/09/25 12:38:12 socat[67544] N write(6, 0x5f8a4e76c000, 4) completed
[2025-09-25 12:38:12] < 2025/09/25 12:38:12.000626310  length=4 from=1414190 to=1414193
[2025-09-25 12:38:12]  00 00 00 00                                      ....
[2025-09-25 12:38:12] --
[2025-09-25 12:38:12] 2025/09/25 12:38:12 socat[67544] N write(6, 0x5f8a4e76c000, 4) completed
[2025-09-25 12:38:12] < 2025/09/25 12:38:12.000626332  length=4 from=1414194 to=1414197
[2025-09-25 12:38:12]  00 00 00 00                                      ....
[2025-09-25 12:38:12] --
[2025-09-25 12:38:12] 2025/09/25 12:38:12 socat[67544] N write(6, 0x5f8a4e76c000, 4) completed
[2025-09-25 12:38:12] < 2025/09/25 12:38:12.000626354  length=4 from=1414198 to=1414201
[2025-09-25 12:38:12]  00 00 00 00                                      ....
[2025-09-25 12:38:12] --
[2025-09-25 12:38:12] 2025/09/25 12:38:12 socat[67544] N write(6, 0x5f8a4e76c000, 4) completed
[2025-09-25 12:38:12] < 2025/09/25 12:38:12.000626376  length=4 from=1414202 to=1414205
[2025-09-25 12:38:12]  00 00 00 00                                      ....
[2025-09-25 12:38:12] --
[2025-09-25 12:38:12] 2025/09/25 12:38:12 socat[67544] N write(6, 0x5f8a4e76c000, 4) completed
[2025-09-25 12:38:12] < 2025/09/25 12:38:12.000626398  length=4 from=1414206 to=1414209
[2025-09-25 12:38:12]  00 00 00 00                                      ....
[2025-09-25 12:38:12] --
[2025-09-25 12:38:12] 2025/09/25 12:38:12 socat[67544] N write(6, 0x5f8a4e76c000, 4) completed
[2025-09-25 12:38:12] < 2025/09/25 12:38:12.000626420  length=4 from=1414210 to=1414213
[2025-09-25 12:38:12]  00 00 00 00                                      ....
[2025-09-25 12:38:12] --
[2025-09-25 12:38:12] 2025/09/25 12:38:12 socat[67544] N write(6, 0x5f8a4e76c000, 4) completed
[2025-09-25 12:38:12] < 2025/09/25 12:38:12.000626442  length=4 from=1414214 to=1414217
[2025-09-25 12:38:12]  00 00 00 00                                      ....
[2025-09-25 12:38:12] --
[2025-09-25 12:38:12] 2025/09/25 12:38:12 socat[67544] N write(6, 0x5f8a4e76c000, 4) completed
[2025-09-25 12:38:12] < 2025/09/25 12:38:12.000626464  length=4 from=1414218 to=1414221
[2025-09-25 12:38:12]  00 df 21 00                                      ..!.
[2025-09-25 12:38:12] --
[2025-09-25 12:38:12] 2025/09/25 12:38:12 socat[67544] N write(6, 0x5f8a4e76c000, 4) completed
[2025-09-25 12:38:12] < 2025/09/25 12:38:12.000626486  length=4 from=1414222 to=1414225
[2025-09-25 12:38:12]  00 00 00 00                                      ....
[2025-09-25 12:38:12] --
[2025-09-25 12:38:12] 2025/09/25 12:38:12 socat[67544] N write(6, 0x5f8a4e76c000, 4) completed
[2025-09-25 12:38:12] < 2025/09/25 12:38:12.000626508  length=4 from=1414226 to=1414229
[2025-09-25 12:38:12]  00 00 00 00                                      ....
[2025-09-25 12:38:12] --
[2025-09-25 12:38:12] 2025/09/25 12:38:12 socat[67544] N write(6, 0x5f8a4e76c000, 4) completed
[2025-09-25 12:38:12] < 2025/09/25 12:38:12.000626530  length=4 from=1414230 to=1414233
[2025-09-25 12:38:12]  00 00 00 00                                      ....
[2025-09-25 12:38:12] --
[2025-09-25 12:38:12] 2025/09/25 12:38:12 socat[67544] N write(6, 0x5f8a4e76c000, 4) completed
[2025-09-25 12:38:12] < 2025/09/25 12:38:12.000626551  length=4 from=1414234 to=1414237
[2025-09-25 12:38:12]  00 00 00 00                                      ....
[2025-09-25 12:38:12] --
[2025-09-25 12:38:12] 2025/09/25 12:38:12 socat[67544] N write(6, 0x5f8a4e76c000, 4) completed
[2025-09-25 12:38:12] < 2025/09/25 12:38:12.000626573  length=4 from=1414238 to=1414241
[2025-09-25 12:38:12]  00 00 00 00                                      ....
[2025-09-25 12:38:12] --
[2025-09-25 12:38:12] 2025/09/25 12:38:12 socat[67544] N write(6, 0x5f8a4e76c000, 4) completed
[2025-09-25 12:38:12] < 2025/09/25 12:38:12.000626595  length=4 from=1414242 to=1414245
[2025-09-25 12:38:12]  00 00 00 00                                      ....
[2025-09-25 12:38:12] --
[2025-09-25 12:38:12] 2025/09/25 12:38:12 socat[67544] N write(6, 0x5f8a4e76c000, 4) completed
[2025-09-25 12:38:12] < 2025/09/25 12:38:12.000626619  length=4 from=1414246 to=1414249
[2025-09-25 12:38:12]  00 00 00 00                                      ....
[2025-09-25 12:38:12] --
[2025-09-25 12:38:12] 2025/09/25 12:38:12 socat[67544] N write(6, 0x5f8a4e76c000, 4) completed
[2025-09-25 12:38:12] < 2025/09/25 12:38:12.000626640  length=4 from=1414250 to=1414253
[2025-09-25 12:38:12]  00 00 00 df                                      ....
[2025-09-25 12:38:12] --
[2025-09-25 12:38:12] 2025/09/25 12:38:12 socat[67544] N write(6, 0x5f8a4e76c000, 4) completed
[2025-09-25 12:38:12] < 2025/09/25 12:38:12.000626662  length=4 from=1414254 to=1414257
[2025-09-25 12:38:12]  21 00 00 00                                      !...
[2025-09-25 12:38:12] --
[2025-09-25 12:38:12] 2025/09/25 12:38:12 socat[67544] N write(6, 0x5f8a4e76c000, 4) completed
[2025-09-25 12:38:12] < 2025/09/25 12:38:12.000626684  length=4 from=1414258 to=1414261
[2025-09-25 12:38:12]  00 00 00 00                                      ....
[2025-09-25 12:38:12] --
[2025-09-25 12:38:12] 2025/09/25 12:38:12 socat[67544] N write(6, 0x5f8a4e76c000, 4) completed
[2025-09-25 12:38:12] < 2025/09/25 12:38:12.000626706  length=4 from=1414262 to=1414265
[2025-09-25 12:38:12]  00 00 00 00                                      ....
[2025-09-25 12:38:12] --
[2025-09-25 12:38:12] 2025/09/25 12:38:12 socat[67544] N write(6, 0x5f8a4e76c000, 4) completed
[2025-09-25 12:38:12] < 2025/09/25 12:38:12.000626728  length=4 from=1414266 to=1414269
[2025-09-25 12:38:12]  00 00 00 00                                      ....
[2025-09-25 12:38:12] --
[2025-09-25 12:38:12] 2025/09/25 12:38:12 socat[67544] N write(6, 0x5f8a4e76c000, 4) completed
[2025-09-25 12:38:12] < 2025/09/25 12:38:12.000626750  length=4 from=1414270 to=1414273
[2025-09-25 12:38:12]  00 00 00 00                                      ....
[2025-09-25 12:38:12] --
[2025-09-25 12:38:12] 2025/09/25 12:38:12 socat[67544] N write(6, 0x5f8a4e76c000, 4) completed
[2025-09-25 12:38:12] < 2025/09/25 12:38:12.000626772  length=4 from=1414274 to=1414277
[2025-09-25 12:38:12]  00 00 00 00                                      ....
[2025-09-25 12:38:12] --
[2025-09-25 12:38:12] 2025/09/25 12:38:12 socat[67544] N write(6, 0x5f8a4e76c000, 4) completed
[2025-09-25 12:38:12] < 2025/09/25 12:38:12.000626794  length=4 from=1414278 to=1414281
[2025-09-25 12:38:12]  00 00 00 00                                      ....
[2025-09-25 12:38:12] --
[2025-09-25 12:38:12] 2025/09/25 12:38:12 socat[67544] N write(6, 0x5f8a4e76c000, 4) completed
[2025-09-25 12:38:12] < 2025/09/25 12:38:12.000626816  length=4 from=1414282 to=1414285
[2025-09-25 12:38:12]  00 00 00 00                                      ....
[2025-09-25 12:38:12] --
[2025-09-25 12:38:12] 2025/09/25 12:38:12 socat[67544] N write(6, 0x5f8a4e76c000, 4) completed
[2025-09-25 12:38:12] < 2025/09/25 12:38:12.000626838  length=4 from=1414286 to=1414289
[2025-09-25 12:38:12]  00 df 21 00                                      ..!.
[2025-09-25 12:38:12] --
[2025-09-25 12:38:12] 2025/09/25 12:38:12 socat[67544] N write(6, 0x5f8a4e76c000, 4) completed
[2025-09-25 12:38:12] < 2025/09/25 12:38:12.000626860  length=4 from=1414290 to=1414293
[2025-09-25 12:38:12]  00 00 00 00                                      ....
[2025-09-25 12:38:12] --
[2025-09-25 12:38:12] 2025/09/25 12:38:12 socat[67544] N write(6, 0x5f8a4e76c000, 4) completed
[2025-09-25 12:38:12] < 2025/09/25 12:38:12.000626882  length=4 from=1414294 to=1414297
[2025-09-25 12:38:12]  00 00 00 00                                      ....
[2025-09-25 12:38:12] --
[2025-09-25 12:38:12] 2025/09/25 12:38:12 socat[67544] N write(6, 0x5f8a4e76c000, 4) completed
[2025-09-25 12:38:12] < 2025/09/25 12:38:12.000626904  length=4 from=1414298 to=1414301
[2025-09-25 12:38:12]  00 00 00 00                                      ....
[2025-09-25 12:38:12] --
[2025-09-25 12:38:12] 2025/09/25 12:38:12 socat[67544] N write(6, 0x5f8a4e76c000, 4) completed
[2025-09-25 12:38:12] < 2025/09/25 12:38:12.000626926  length=4 from=1414302 to=1414305
[2025-09-25 12:38:12]  00 00 00 00                                      ....
[2025-09-25 12:38:12] --
[2025-09-25 12:38:12] 2025/09/25 12:38:12 socat[67544] N write(6, 0x5f8a4e76c000, 4) completed
[2025-09-25 12:38:12] < 2025/09/25 12:38:12.000626947  length=4 from=1414306 to=1414309
[2025-09-25 12:38:12]  00 00 00 00                                      ....
[2025-09-25 12:38:12] --
[2025-09-25 12:38:12] 2025/09/25 12:38:12 socat[67544] N write(6, 0x5f8a4e76c000, 4) completed
[2025-09-25 12:38:12] < 2025/09/25 12:38:12.000626994  length=4 from=1414310 to=1414313
[2025-09-25 12:38:12]  00 00 00 00                                      ....
[2025-09-25 12:38:12] --
[2025-09-25 12:38:12] 2025/09/25 12:38:12 socat[67544] N write(6, 0x5f8a4e76c000, 4) completed
[2025-09-25 12:38:12] < 2025/09/25 12:38:12.000627017  length=4 from=1414314 to=1414317
[2025-09-25 12:38:12]  00 00 00 00                                      ....
[2025-09-25 12:38:12] --
[2025-09-25 12:38:12] 2025/09/25 12:38:12 socat[67544] N write(6, 0x5f8a4e76c000, 4) completed
[2025-09-25 12:38:12] < 2025/09/25 12:38:12.000627039  length=4 from=1414318 to=1414321
[2025-09-25 12:38:12]  00 00 00 df                                      ....
[2025-09-25 12:38:12] --
[2025-09-25 12:38:12] 2025/09/25 12:38:12 socat[67544] N write(6, 0x5f8a4e76c000, 4) completed
[2025-09-25 12:38:12] < 2025/09/25 12:38:12.000627061  length=4 from=1414322 to=1414325
[2025-09-25 12:38:12]  21 00 00 00                                      !...
[2025-09-25 12:38:12] --
[2025-09-25 12:38:12] 2025/09/25 12:38:12 socat[67544] N write(6, 0x5f8a4e76c000, 4) completed
[2025-09-25 12:38:12] < 2025/09/25 12:38:12.000627083  length=4 from=1414326 to=1414329
[2025-09-25 12:38:12]  00 00 00 00                                      ....
[2025-09-25 12:38:12] --
[2025-09-25 12:38:12] 2025/09/25 12:38:12 socat[67544] N write(6, 0x5f8a4e76c000, 4) completed
[2025-09-25 12:38:12] < 2025/09/25 12:38:12.000627106  length=4 from=1414330 to=1414333
[2025-09-25 12:38:12]  00 00 00 00                                      ....
[2025-09-25 12:38:12] --
[2025-09-25 12:38:12] 2025/09/25 12:38:12 socat[67544] N write(6, 0x5f8a4e76c000, 4) completed
[2025-09-25 12:38:12] < 2025/09/25 12:38:12.000627128  length=4 from=1414334 to=1414337
[2025-09-25 12:38:12]  00 00 00 00                                      ....
[2025-09-25 12:38:12] --
[2025-09-25 12:38:12] 2025/09/25 12:38:12 socat[67544] N write(6, 0x5f8a4e76c000, 4) completed
[2025-09-25 12:38:12] < 2025/09/25 12:38:12.000627150  length=4 from=1414338 to=1414341
[2025-09-25 12:38:12]  00 00 00 00                                      ....
[2025-09-25 12:38:12] --
[2025-09-25 12:38:12] 2025/09/25 12:38:12 socat[67544] N write(6, 0x5f8a4e76c000, 4) completed
[2025-09-25 12:38:12] < 2025/09/25 12:38:12.000627171  length=4 from=1414342 to=1414345
[2025-09-25 12:38:12]  00 00 00 00                                      ....
[2025-09-25 12:38:12] --
[2025-09-25 12:38:12] 2025/09/25 12:38:12 socat[67544] N write(6, 0x5f8a4e76c000, 4) completed
[2025-09-25 12:38:12] < 2025/09/25 12:38:12.000627193  length=4 from=1414346 to=1414349
[2025-09-25 12:38:12]  00 00 00 00                                      ....
[2025-09-25 12:38:12] --
[2025-09-25 12:38:12] 2025/09/25 12:38:12 socat[67544] N write(6, 0x5f8a4e76c000, 4) completed
[2025-09-25 12:38:12] < 2025/09/25 12:38:12.000627215  length=4 from=1414350 to=1414353
[2025-09-25 12:38:12]  00 00 00 00                                      ....
[2025-09-25 12:38:12] --
[2025-09-25 12:38:12] 2025/09/25 12:38:12 socat[67544] N write(6, 0x5f8a4e76c000, 4) completed
[2025-09-25 12:38:12] < 2025/09/25 12:38:12.000627237  length=4 from=1414354 to=1414357
[2025-09-25 12:38:12]  00 df 21 00                                      ..!.
[2025-09-25 12:38:12] --
[2025-09-25 12:38:12] 2025/09/25 12:38:12 socat[67544] N write(6, 0x5f8a4e76c000, 4) completed
[2025-09-25 12:38:12] < 2025/09/25 12:38:12.000627259  length=4 from=1414358 to=1414361
[2025-09-25 12:38:12]  00 00 00 00                                      ....
[2025-09-25 12:38:12] --
[2025-09-25 12:38:12] 2025/09/25 12:38:12 socat[67544] N write(6, 0x5f8a4e76c000, 4) completed
[2025-09-25 12:38:12] < 2025/09/25 12:38:12.000627281  length=4 from=1414362 to=1414365
[2025-09-25 12:38:12]  00 00 00 00                                      ....
[2025-09-25 12:38:12] --
[2025-09-25 12:38:12] 2025/09/25 12:38:12 socat[67544] N write(6, 0x5f8a4e76c000, 4) completed
[2025-09-25 12:38:12] < 2025/09/25 12:38:12.000627303  length=4 from=1414366 to=1414369
[2025-09-25 12:38:12]  00 00 00 00                                      ....
[2025-09-25 12:38:12] --
[2025-09-25 12:38:12] 2025/09/25 12:38:12 socat[67544] N write(6, 0x5f8a4e76c000, 4) completed
[2025-09-25 12:38:12] < 2025/09/25 12:38:12.000627325  length=4 from=1414370 to=1414373
[2025-09-25 12:38:12]  00 00 00 00                                      ....
[2025-09-25 12:38:12] --
[2025-09-25 12:38:12] 2025/09/25 12:38:12 socat[67544] N write(6, 0x5f8a4e76c000, 4) completed
[2025-09-25 12:38:12] < 2025/09/25 12:38:12.000627490  length=4 from=1414374 to=1414377
[2025-09-25 12:38:12]  00 00 00 00                                      ....
[2025-09-25 12:38:12] --
[2025-09-25 12:38:12] 2025/09/25 12:38:12 socat[67544] N write(6, 0x5f8a4e76c000, 4) completed
[2025-09-25 12:38:12] < 2025/09/25 12:38:12.000627650  length=4 from=1414378 to=1414381
[2025-09-25 12:38:12]  00 00 00 00                                      ....
[2025-09-25 12:38:12] --
[2025-09-25 12:38:12] 2025/09/25 12:38:12 socat[67544] N write(6, 0x5f8a4e76c000, 4) completed
[2025-09-25 12:38:12] < 2025/09/25 12:38:12.000627673  length=4 from=1414382 to=1414385
[2025-09-25 12:38:12]  00 00 00 00                                      ....
[2025-09-25 12:38:12] --
[2025-09-25 12:38:12] 2025/09/25 12:38:12 socat[67544] N write(6, 0x5f8a4e76c000, 4) completed
[2025-09-25 12:38:12] < 2025/09/25 12:38:12.000627699  length=4 from=1414386 to=1414389
[2025-09-25 12:38:12]  00 00 00 df                                      ....
[2025-09-25 12:38:12] --
[2025-09-25 12:38:12] 2025/09/25 12:38:12 socat[67544] N write(6, 0x5f8a4e76c000, 4) completed
[2025-09-25 12:38:12] < 2025/09/25 12:38:12.000627724  length=4 from=1414390 to=1414393
[2025-09-25 12:38:12]  21 00 00 00                                      !...
[2025-09-25 12:38:12] --
[2025-09-25 12:38:12] 2025/09/25 12:38:12 socat[67544] N write(6, 0x5f8a4e76c000, 4) completed
[2025-09-25 12:38:12] < 2025/09/25 12:38:12.000627749  length=4 from=1414394 to=1414397
[2025-09-25 12:38:12]  00 00 00 00                                      ....
[2025-09-25 12:38:12] --
[2025-09-25 12:38:12] 2025/09/25 12:38:12 socat[67544] N write(6, 0x5f8a4e76c000, 4) completed
[2025-09-25 12:38:12] < 2025/09/25 12:38:12.000627774  length=4 from=1414398 to=1414401
[2025-09-25 12:38:12]  00 00 00 00                                      ....
[2025-09-25 12:38:12] --
[2025-09-25 12:38:12] 2025/09/25 12:38:12 socat[67544] N write(6, 0x5f8a4e76c000, 4) completed
[2025-09-25 12:38:12] < 2025/09/25 12:38:12.000627800  length=4 from=1414402 to=1414405
[2025-09-25 12:38:12]  00 00 00 00                                      ....
[2025-09-25 12:38:12] --
[2025-09-25 12:38:12] 2025/09/25 12:38:12 socat[67544] N write(6, 0x5f8a4e76c000, 4) completed
[2025-09-25 12:38:12] < 2025/09/25 12:38:12.000627826  length=4 from=1414406 to=1414409
[2025-09-25 12:38:12]  00 00 00 00                                      ....
[2025-09-25 12:38:12] --
[2025-09-25 12:38:12] 2025/09/25 12:38:12 socat[67544] N write(6, 0x5f8a4e76c000, 4) completed
[2025-09-25 12:38:12] < 2025/09/25 12:38:12.000627852  length=4 from=1414410 to=1414413
[2025-09-25 12:38:12]  00 00 00 00                                      ....
[2025-09-25 12:38:12] --
[2025-09-25 12:38:12] 2025/09/25 12:38:12 socat[67544] N write(6, 0x5f8a4e76c000, 4) completed
[2025-09-25 12:38:12] < 2025/09/25 12:38:12.000628265  length=4 from=1414414 to=1414417
[2025-09-25 12:38:12]  00 00 00 00                                      ....
[2025-09-25 12:38:12] --
[2025-09-25 12:38:12] 2025/09/25 12:38:12 socat[67544] N write(6, 0x5f8a4e76c000, 4) completed
[2025-09-25 12:38:12] < 2025/09/25 12:38:12.000698974  length=4 from=1414418 to=1414421
[2025-09-25 12:38:12]  00 00 00 00                                      ....
[2025-09-25 12:38:12] --
[2025-09-25 12:38:12] 2025/09/25 12:38:12 socat[67544] N write(6, 0x5f8a4e76c000, 4) completed
[2025-09-25 12:38:12] < 2025/09/25 12:38:12.000699079  length=4 from=1414422 to=1414425
[2025-09-25 12:38:12]  00 df 21 00                                      ..!.
[2025-09-25 12:38:12] --
[2025-09-25 12:38:12] 2025/09/25 12:38:12 socat[67544] N write(6, 0x5f8a4e76c000, 4) completed
[2025-09-25 12:38:12] < 2025/09/25 12:38:12.000699103  length=4 from=1414426 to=1414429
[2025-09-25 12:38:12]  00 00 00 00                                      ....
[2025-09-25 12:38:12] --
[2025-09-25 12:38:12] 2025/09/25 12:38:12 socat[67544] N write(6, 0x5f8a4e76c000, 4) completed
[2025-09-25 12:38:12] < 2025/09/25 12:38:12.000699126  length=4 from=1414430 to=1414433
[2025-09-25 12:38:12]  00 00 00 00                                      ....
[2025-09-25 12:38:12] --
[2025-09-25 12:38:12] 2025/09/25 12:38:12 socat[67544] N write(6, 0x5f8a4e76c000, 4) completed
[2025-09-25 12:38:12] < 2025/09/25 12:38:12.000699149  length=4 from=1414434 to=1414437
[2025-09-25 12:38:12]  00 00 00 00                                      ....
[2025-09-25 12:38:12] --
[2025-09-25 12:38:12] 2025/09/25 12:38:12 socat[67544] N write(6, 0x5f8a4e76c000, 4) completed
[2025-09-25 12:38:12] < 2025/09/25 12:38:12.000699171  length=4 from=1414438 to=1414441
[2025-09-25 12:38:12]  00 00 00 00                                      ....
[2025-09-25 12:38:12] --
[2025-09-25 12:38:12] 2025/09/25 12:38:12 socat[67544] N write(6, 0x5f8a4e76c000, 4) completed
[2025-09-25 12:38:12] < 2025/09/25 12:38:12.000699196  length=4 from=1414442 to=1414445
[2025-09-25 12:38:12]  00 00 00 00                                      ....
[2025-09-25 12:38:12] --
[2025-09-25 12:38:12] 2025/09/25 12:38:12 socat[67544] N write(6, 0x5f8a4e76c000, 4) completed
[2025-09-25 12:38:12] < 2025/09/25 12:38:12.000699219  length=4 from=1414446 to=1414449
[2025-09-25 12:38:12]  00 00 00 00                                      ....
[2025-09-25 12:38:12] --
[2025-09-25 12:38:12] 2025/09/25 12:38:12 socat[67544] N write(6, 0x5f8a4e76c000, 4) completed
[2025-09-25 12:38:12] < 2025/09/25 12:38:12.000699243  length=4 from=1414450 to=1414453
[2025-09-25 12:38:12]  00 00 00 00                                      ....
[2025-09-25 12:38:12] --
[2025-09-25 12:38:12] 2025/09/25 12:38:12 socat[67544] N write(6, 0x5f8a4e76c000, 4) completed
[2025-09-25 12:38:12] < 2025/09/25 12:38:12.000699266  length=4 from=1414454 to=1414457
[2025-09-25 12:38:12]  00 00 00 df                                      ....
[2025-09-25 12:38:12] --
[2025-09-25 12:38:12] 2025/09/25 12:38:12 socat[67544] N write(6, 0x5f8a4e76c000, 4) completed
[2025-09-25 12:38:12] < 2025/09/25 12:38:12.000699288  length=4 from=1414458 to=1414461
[2025-09-25 12:38:12]  21 00 00 00                                      !...
[2025-09-25 12:38:12] --
[2025-09-25 12:38:12] 2025/09/25 12:38:12 socat[67544] N write(6, 0x5f8a4e76c000, 4) completed
[2025-09-25 12:38:12] < 2025/09/25 12:38:12.000699311  length=4 from=1414462 to=1414465
[2025-09-25 12:38:12]  00 00 00 00                                      ....
[2025-09-25 12:38:12] --
[2025-09-25 12:38:12] 2025/09/25 12:38:12 socat[67544] N write(6, 0x5f8a4e76c000, 4) completed
[2025-09-25 12:38:12] < 2025/09/25 12:38:12.000699333  length=4 from=1414466 to=1414469
[2025-09-25 12:38:12]  00 00 00 00                                      ....
[2025-09-25 12:38:12] --
[2025-09-25 12:38:12] 2025/09/25 12:38:12 socat[67544] N write(6, 0x5f8a4e76c000, 4) completed
[2025-09-25 12:38:12] < 2025/09/25 12:38:12.000699356  length=4 from=1414470 to=1414473
[2025-09-25 12:38:12]  00 00 00 00                                      ....
[2025-09-25 12:38:12] --
[2025-09-25 12:38:12] 2025/09/25 12:38:12 socat[67544] N write(6, 0x5f8a4e76c000, 4) completed
[2025-09-25 12:38:12] < 2025/09/25 12:38:12.000699379  length=4 from=1414474 to=1414477
[2025-09-25 12:38:12]  00 00 00 00                                      ....
[2025-09-25 12:38:12] --
[2025-09-25 12:38:12] 2025/09/25 12:38:12 socat[67544] N write(6, 0x5f8a4e76c000, 4) completed
[2025-09-25 12:38:12] < 2025/09/25 12:38:12.000699401  length=4 from=1414478 to=1414481
[2025-09-25 12:38:12]  00 00 00 00                                      ....
[2025-09-25 12:38:12] --
[2025-09-25 12:38:12] 2025/09/25 12:38:12 socat[67544] N write(6, 0x5f8a4e76c000, 4) completed
[2025-09-25 12:38:12] < 2025/09/25 12:38:12.000699424  length=4 from=1414482 to=1414485
[2025-09-25 12:38:12]  00 00 00 00                                      ....
[2025-09-25 12:38:12] --
[2025-09-25 12:38:12] 2025/09/25 12:38:12 socat[67544] N write(6, 0x5f8a4e76c000, 4) completed
[2025-09-25 12:38:12] < 2025/09/25 12:38:12.000699447  length=4 from=1414486 to=1414489
[2025-09-25 12:38:12]  00 00 00 00                                      ....
[2025-09-25 12:38:12] --
[2025-09-25 12:38:12] 2025/09/25 12:38:12 socat[67544] N write(6, 0x5f8a4e76c000, 4) completed
[2025-09-25 12:38:12] < 2025/09/25 12:38:12.000699469  length=4 from=1414490 to=1414493
[2025-09-25 12:38:12]  00 df 21 00                                      ..!.
[2025-09-25 12:38:12] --
[2025-09-25 12:38:12] 2025/09/25 12:38:12 socat[67544] N write(6, 0x5f8a4e76c000, 4) completed
[2025-09-25 12:38:12] < 2025/09/25 12:38:12.000699492  length=4 from=1414494 to=1414497
[2025-09-25 12:38:12]  00 00 00 00                                      ....
[2025-09-25 12:38:12] --
[2025-09-25 12:38:12] 2025/09/25 12:38:12 socat[67544] N write(6, 0x5f8a4e76c000, 4) completed
[2025-09-25 12:38:12] < 2025/09/25 12:38:12.000699514  length=4 from=1414498 to=1414501
[2025-09-25 12:38:12]  00 00 00 00                                      ....
[2025-09-25 12:38:12] --
[2025-09-25 12:38:12] 2025/09/25 12:38:12 socat[67544] N write(6, 0x5f8a4e76c000, 4) completed
[2025-09-25 12:38:12] < 2025/09/25 12:38:12.000699537  length=4 from=1414502 to=1414505
[2025-09-25 12:38:12]  00 00 00 00                                      ....
[2025-09-25 12:38:12] --
[2025-09-25 12:38:12] 2025/09/25 12:38:12 socat[67544] N write(6, 0x5f8a4e76c000, 4) completed
[2025-09-25 12:38:12] < 2025/09/25 12:38:12.000699561  length=4 from=1414506 to=1414509
[2025-09-25 12:38:12]  00 00 00 00                                      ....
[2025-09-25 12:38:12] --
[2025-09-25 12:38:12] 2025/09/25 12:38:12 socat[67544] N write(6, 0x5f8a4e76c000, 4) completed
[2025-09-25 12:38:12] < 2025/09/25 12:38:12.000699584  length=4 from=1414510 to=1414513
[2025-09-25 12:38:12]  00 00 00 00                                      ....
[2025-09-25 12:38:12] --
[2025-09-25 12:38:12] 2025/09/25 12:38:12 socat[67544] N write(6, 0x5f8a4e76c000, 4) completed
[2025-09-25 12:38:12] < 2025/09/25 12:38:12.000699607  length=4 from=1414514 to=1414517
[2025-09-25 12:38:12]  00 00 00 00                                      ....
[2025-09-25 12:38:12] --
[2025-09-25 12:38:12] 2025/09/25 12:38:12 socat[67544] N write(6, 0x5f8a4e76c000, 4) completed
[2025-09-25 12:38:12] < 2025/09/25 12:38:12.000699629  length=4 from=1414518 to=1414521
[2025-09-25 12:38:12]  00 00 00 00                                      ....
[2025-09-25 12:38:12] --
[2025-09-25 12:38:12] 2025/09/25 12:38:12 socat[67544] N write(6, 0x5f8a4e76c000, 4) completed
[2025-09-25 12:38:12] < 2025/09/25 12:38:12.000699652  length=4 from=1414522 to=1414525
[2025-09-25 12:38:12]  00 00 00 df                                      ....
[2025-09-25 12:38:12] --
[2025-09-25 12:38:12] 2025/09/25 12:38:12 socat[67544] N write(6, 0x5f8a4e76c000, 4) completed
[2025-09-25 12:38:12] < 2025/09/25 12:38:12.000699675  length=4 from=1414526 to=1414529
[2025-09-25 12:38:12]  21 00 00 00                                      !...
[2025-09-25 12:38:12] --
[2025-09-25 12:38:12] 2025/09/25 12:38:12 socat[67544] N write(6, 0x5f8a4e76c000, 4) completed
[2025-09-25 12:38:12] < 2025/09/25 12:38:12.000699698  length=4 from=1414530 to=1414533
[2025-09-25 12:38:12]  00 00 00 00                                      ....
[2025-09-25 12:38:12] --
[2025-09-25 12:38:12] 2025/09/25 12:38:12 socat[67544] N write(6, 0x5f8a4e76c000, 4) completed
[2025-09-25 12:38:12] < 2025/09/25 12:38:12.000699720  length=4 from=1414534 to=1414537
[2025-09-25 12:38:12]  00 00 00 00                                      ....
[2025-09-25 12:38:12] --
[2025-09-25 12:38:12] 2025/09/25 12:38:12 socat[67544] N write(6, 0x5f8a4e76c000, 4) completed
[2025-09-25 12:38:12] < 2025/09/25 12:38:12.000699743  length=4 from=1414538 to=1414541
[2025-09-25 12:38:12]  00 00 00 00                                      ....
[2025-09-25 12:38:12] --
[2025-09-25 12:38:12] 2025/09/25 12:38:12 socat[67544] N write(6, 0x5f8a4e76c000, 4) completed
[2025-09-25 12:38:12] < 2025/09/25 12:38:12.000699765  length=4 from=1414542 to=1414545
[2025-09-25 12:38:12]  00 00 00 00                                      ....
[2025-09-25 12:38:12] --
[2025-09-25 12:38:12] 2025/09/25 12:38:12 socat[67544] N write(6, 0x5f8a4e76c000, 4) completed
[2025-09-25 12:38:12] < 2025/09/25 12:38:12.000699788  length=4 from=1414546 to=1414549
[2025-09-25 12:38:12]  00 00 00 00                                      ....
[2025-09-25 12:38:12] --
[2025-09-25 12:38:12] 2025/09/25 12:38:12 socat[67544] N write(6, 0x5f8a4e76c000, 4) completed
[2025-09-25 12:38:12] < 2025/09/25 12:38:12.000699811  length=4 from=1414550 to=1414553
[2025-09-25 12:38:12]  00 00 00 00                                      ....
[2025-09-25 12:38:12] --
[2025-09-25 12:38:12] 2025/09/25 12:38:12 socat[67544] N write(6, 0x5f8a4e76c000, 4) completed
[2025-09-25 12:38:12] < 2025/09/25 12:38:12.000699833  length=4 from=1414554 to=1414557
[2025-09-25 12:38:12]  00 00 00 00                                      ....
[2025-09-25 12:38:12] --
[2025-09-25 12:38:12] 2025/09/25 12:38:12 socat[67544] N write(6, 0x5f8a4e76c000, 4) completed
[2025-09-25 12:38:12] < 2025/09/25 12:38:12.000699856  length=4 from=1414558 to=1414561
[2025-09-25 12:38:12]  00 df 21 00                                      ..!.
[2025-09-25 12:38:12] --
[2025-09-25 12:38:12] 2025/09/25 12:38:12 socat[67544] N write(6, 0x5f8a4e76c000, 4) completed
[2025-09-25 12:38:12] < 2025/09/25 12:38:12.000699879  length=4 from=1414562 to=1414565
[2025-09-25 12:38:12]  00 00 00 00                                      ....
[2025-09-25 12:38:12] --
[2025-09-25 12:38:12] 2025/09/25 12:38:12 socat[67544] N write(6, 0x5f8a4e76c000, 4) completed
[2025-09-25 12:38:12] < 2025/09/25 12:38:12.000699901  length=4 from=1414566 to=1414569
[2025-09-25 12:38:12]  00 00 00 00                                      ....
[2025-09-25 12:38:12] --
[2025-09-25 12:38:12] 2025/09/25 12:38:12 socat[67544] N write(6, 0x5f8a4e76c000, 4) completed
[2025-09-25 12:38:12] < 2025/09/25 12:38:12.000699924  length=4 from=1414570 to=1414573
[2025-09-25 12:38:12]  00 00 00 00                                      ....
[2025-09-25 12:38:12] --
[2025-09-25 12:38:12] 2025/09/25 12:38:12 socat[67544] N write(6, 0x5f8a4e76c000, 4) completed
[2025-09-25 12:38:12] < 2025/09/25 12:38:12.000699946  length=4 from=1414574 to=1414577
[2025-09-25 12:38:12]  00 00 00 00                                      ....
[2025-09-25 12:38:12] --
[2025-09-25 12:38:12] 2025/09/25 12:38:12 socat[67544] N write(6, 0x5f8a4e76c000, 4) completed
[2025-09-25 12:38:12] < 2025/09/25 12:38:12.000699975  length=4 from=1414578 to=1414581
[2025-09-25 12:38:12]  00 00 00 00                                      ....
[2025-09-25 12:38:12] --
[2025-09-25 12:38:12] 2025/09/25 12:38:12 socat[67544] N write(6, 0x5f8a4e76c000, 4) completed
[2025-09-25 12:38:12] < 2025/09/25 12:38:12.000700002  length=4 from=1414582 to=1414585
[2025-09-25 12:38:12]  00 00 00 00                                      ....
[2025-09-25 12:38:12] --
[2025-09-25 12:38:12] 2025/09/25 12:38:12 socat[67544] N write(6, 0x5f8a4e76c000, 4) completed
[2025-09-25 12:38:12] < 2025/09/25 12:38:12.000700029  length=4 from=1414586 to=1414589
[2025-09-25 12:38:12]  00 00 00 00                                      ....
[2025-09-25 12:38:12] --
[2025-09-25 12:38:12] 2025/09/25 12:38:12 socat[67544] N write(6, 0x5f8a4e76c000, 4) completed
[2025-09-25 12:38:12] < 2025/09/25 12:38:12.000700056  length=4 from=1414590 to=1414593
[2025-09-25 12:38:12]  00 00 00 df                                      ....
[2025-09-25 12:38:12] --
[2025-09-25 12:38:12] 2025/09/25 12:38:12 socat[67544] N write(6, 0x5f8a4e76c000, 4) completed
[2025-09-25 12:38:12] < 2025/09/25 12:38:12.000700083  length=4 from=1414594 to=1414597
[2025-09-25 12:38:12]  21 00 00 00                                      !...
[2025-09-25 12:38:12] --
[2025-09-25 12:38:12] 2025/09/25 12:38:12 socat[67544] N write(6, 0x5f8a4e76c000, 4) completed
[2025-09-25 12:38:12] < 2025/09/25 12:38:12.000700109  length=4 from=1414598 to=1414601
[2025-09-25 12:38:12]  00 00 00 00                                      ....
[2025-09-25 12:38:12] --
[2025-09-25 12:38:12] 2025/09/25 12:38:12 socat[67544] N write(6, 0x5f8a4e76c000, 4) completed
[2025-09-25 12:38:12] < 2025/09/25 12:38:12.000700135  length=4 from=1414602 to=1414605
[2025-09-25 12:38:12]  00 00 00 00                                      ....
[2025-09-25 12:38:12] --
[2025-09-25 12:38:12] 2025/09/25 12:38:12 socat[67544] N write(6, 0x5f8a4e76c000, 4) completed
[2025-09-25 12:38:12] < 2025/09/25 12:38:12.000700161  length=4 from=1414606 to=1414609
[2025-09-25 12:38:12]  00 00 00 00                                      ....
[2025-09-25 12:38:12] --
[2025-09-25 12:38:12] 2025/09/25 12:38:12 socat[67544] N write(6, 0x5f8a4e76c000, 4) completed
[2025-09-25 12:38:12] < 2025/09/25 12:38:12.000700188  length=4 from=1414610 to=1414613
[2025-09-25 12:38:12]  00 00 00 00                                      ....
[2025-09-25 12:38:12] --
[2025-09-25 12:38:12] 2025/09/25 12:38:12 socat[67544] N write(6, 0x5f8a4e76c000, 4) completed
[2025-09-25 12:38:12] < 2025/09/25 12:38:12.000700214  length=4 from=1414614 to=1414617
[2025-09-25 12:38:12]  00 00 00 00                                      ....
[2025-09-25 12:38:12] --
[2025-09-25 12:38:12] 2025/09/25 12:38:12 socat[67544] N write(6, 0x5f8a4e76c000, 4) completed
[2025-09-25 12:38:12] < 2025/09/25 12:38:12.000700241  length=4 from=1414618 to=1414621
[2025-09-25 12:38:12]  00 00 00 00                                      ....
[2025-09-25 12:38:12] --
[2025-09-25 12:38:12] 2025/09/25 12:38:12 socat[67544] N write(6, 0x5f8a4e76c000, 4) completed
[2025-09-25 12:38:12] < 2025/09/25 12:38:12.000700267  length=4 from=1414622 to=1414625
[2025-09-25 12:38:12]  00 00 00 00                                      ....
[2025-09-25 12:38:12] --
[2025-09-25 12:38:12] 2025/09/25 12:38:12 socat[67544] N write(6, 0x5f8a4e76c000, 4) completed
[2025-09-25 12:38:12] < 2025/09/25 12:38:12.000700293  length=4 from=1414626 to=1414629
[2025-09-25 12:38:12]  00 df 21 00                                      ..!.
[2025-09-25 12:38:12] --
[2025-09-25 12:38:12] 2025/09/25 12:38:12 socat[67544] N write(6, 0x5f8a4e76c000, 4) completed
[2025-09-25 12:38:12] < 2025/09/25 12:38:12.000700318  length=4 from=1414630 to=1414633
[2025-09-25 12:38:12]  00 00 00 00                                      ....
[2025-09-25 12:38:12] --
[2025-09-25 12:38:12] 2025/09/25 12:38:12 socat[67544] N write(6, 0x5f8a4e76c000, 4) completed
[2025-09-25 12:38:12] < 2025/09/25 12:38:12.000700345  length=4 from=1414634 to=1414637
[2025-09-25 12:38:12]  00 00 00 00                                      ....
[2025-09-25 12:38:12] --
[2025-09-25 12:38:12] 2025/09/25 12:38:12 socat[67544] N write(6, 0x5f8a4e76c000, 4) completed
[2025-09-25 12:38:12] < 2025/09/25 12:38:12.000700371  length=4 from=1414638 to=1414641
[2025-09-25 12:38:12]  00 00 00 00                                      ....
[2025-09-25 12:38:12] --
[2025-09-25 12:38:12] 2025/09/25 12:38:12 socat[67544] N write(6, 0x5f8a4e76c000, 4) completed
[2025-09-25 12:38:12] < 2025/09/25 12:38:12.000700398  length=4 from=1414642 to=1414645
[2025-09-25 12:38:12]  00 00 00 00                                      ....
[2025-09-25 12:38:12] --
[2025-09-25 12:38:12] 2025/09/25 12:38:12 socat[67544] N write(6, 0x5f8a4e76c000, 4) completed
[2025-09-25 12:38:12] < 2025/09/25 12:38:12.000700424  length=4 from=1414646 to=1414649
[2025-09-25 12:38:12]  00 00 00 00                                      ....
[2025-09-25 12:38:12] --
[2025-09-25 12:38:12] 2025/09/25 12:38:12 socat[67544] N write(6, 0x5f8a4e76c000, 4) completed
[2025-09-25 12:38:12] < 2025/09/25 12:38:12.000700449  length=4 from=1414650 to=1414653
[2025-09-25 12:38:12]  00 00 00 00                                      ....
[2025-09-25 12:38:12] --
[2025-09-25 12:38:12] 2025/09/25 12:38:12 socat[67544] N write(6, 0x5f8a4e76c000, 4) completed
[2025-09-25 12:38:12] < 2025/09/25 12:38:12.000700475  length=4 from=1414654 to=1414657
[2025-09-25 12:38:12]  00 00 00 00                                      ....
[2025-09-25 12:38:12] --
[2025-09-25 12:38:12] 2025/09/25 12:38:12 socat[67544] N write(6, 0x5f8a4e76c000, 4) completed
[2025-09-25 12:38:12] < 2025/09/25 12:38:12.000700502  length=4 from=1414658 to=1414661
[2025-09-25 12:38:12]  00 00 00 df                                      ....
[2025-09-25 12:38:12] --
[2025-09-25 12:38:12] 2025/09/25 12:38:12 socat[67544] N write(6, 0x5f8a4e76c000, 4) completed
[2025-09-25 12:38:12] < 2025/09/25 12:38:12.000700528  length=4 from=1414662 to=1414665
[2025-09-25 12:38:12]  21 00 00 00                                      !...
[2025-09-25 12:38:12] --
[2025-09-25 12:38:12] 2025/09/25 12:38:12 socat[67544] N write(6, 0x5f8a4e76c000, 4) completed
[2025-09-25 12:38:12] < 2025/09/25 12:38:12.000700554  length=4 from=1414666 to=1414669
[2025-09-25 12:38:12]  00 00 00 00                                      ....
[2025-09-25 12:38:12] --
[2025-09-25 12:38:12] 2025/09/25 12:38:12 socat[67544] N write(6, 0x5f8a4e76c000, 4) completed
[2025-09-25 12:38:12] < 2025/09/25 12:38:12.000700581  length=4 from=1414670 to=1414673
[2025-09-25 12:38:12]  00 00 00 00                                      ....
[2025-09-25 12:38:12] --
[2025-09-25 12:38:12] 2025/09/25 12:38:12 socat[67544] N write(6, 0x5f8a4e76c000, 4) completed
[2025-09-25 12:38:12] < 2025/09/25 12:38:12.000772345  length=4 from=1414674 to=1414677
[2025-09-25 12:38:12]  00 00 00 00                                      ....
[2025-09-25 12:38:12] --
[2025-09-25 12:38:12] 2025/09/25 12:38:12 socat[67544] N write(6, 0x5f8a4e76c000, 4) completed
[2025-09-25 12:38:12] < 2025/09/25 12:38:12.000772943  length=4 from=1414678 to=1414681
[2025-09-25 12:38:12]  00 00 00 00                                      ....
[2025-09-25 12:38:12] --
[2025-09-25 12:38:12] 2025/09/25 12:38:12 socat[67544] N write(6, 0x5f8a4e76c000, 4) completed
[2025-09-25 12:38:12] < 2025/09/25 12:38:12.000772984  length=4 from=1414682 to=1414685
[2025-09-25 12:38:12]  00 00 00 00                                      ....
[2025-09-25 12:38:12] --
[2025-09-25 12:38:12] 2025/09/25 12:38:12 socat[67544] N write(6, 0x5f8a4e76c000, 4) completed
[2025-09-25 12:38:12] < 2025/09/25 12:38:12.000773003  length=4 from=1414686 to=1414689
[2025-09-25 12:38:12]  00 00 00 00                                      ....
[2025-09-25 12:38:12] --
[2025-09-25 12:38:12] 2025/09/25 12:38:12 socat[67544] N write(6, 0x5f8a4e76c000, 4) completed
[2025-09-25 12:38:12] < 2025/09/25 12:38:12.000773022  length=4 from=1414690 to=1414693
[2025-09-25 12:38:12]  00 00 00 06                                      ....
[2025-09-25 12:38:12] --
[2025-09-25 12:38:12] 2025/09/25 12:38:12 socat[67544] N write(6, 0x5f8a4e76c000, 4) completed
[2025-09-25 12:38:12] < 2025/09/25 12:38:12.000773041  length=4 from=1414694 to=1414697
[2025-09-25 12:38:12]  10 c9 21 00                                      ..!.
[2025-09-25 12:38:12] --
[2025-09-25 12:38:12] 2025/09/25 12:38:12 socat[67544] N write(6, 0x5f8a4e76c000, 4) completed
[2025-09-25 12:38:12] < 2025/09/25 12:38:12.000773059  length=4 from=1414698 to=1414701
[2025-09-25 12:38:12]  00 00 00 00                                      ....
[2025-09-25 12:38:12] --
[2025-09-25 12:38:12] 2025/09/25 12:38:12 socat[67544] N write(6, 0x5f8a4e76c000, 4) completed
[2025-09-25 12:38:12] < 2025/09/25 12:38:12.000773078  length=4 from=1414702 to=1414705
[2025-09-25 12:38:12]  00 06 10 00                                      ....
[2025-09-25 12:38:12] --
[2025-09-25 12:38:12] 2025/09/25 12:38:12 socat[67544] N write(6, 0x5f8a4e76c000, 4) completed
[2025-09-25 12:38:12] < 2025/09/25 12:38:12.000773097  length=4 from=1414706 to=1414709
[2025-09-25 12:38:12]  01 00 00 00                                      ....
[2025-09-25 12:38:12] --
[2025-09-25 12:38:12] 2025/09/25 12:38:12 socat[67544] N write(6, 0x5f8a4e76c000, 4) completed
[2025-09-25 12:38:12] < 2025/09/25 12:38:12.000773115  length=4 from=1414710 to=1414713
[2025-09-25 12:38:12]  00 00 00 00                                      ....
[2025-09-25 12:38:12] --
[2025-09-25 12:38:12] 2025/09/25 12:38:12 socat[67544] N write(6, 0x5f8a4e76c000, 4) completed
[2025-09-25 12:38:12] < 2025/09/25 12:38:12.000773134  length=4 from=1414714 to=1414717
[2025-09-25 12:38:12]  00 00 00 00                                      ....
[2025-09-25 12:38:12] --
[2025-09-25 12:38:12] 2025/09/25 12:38:12 socat[67544] N write(6, 0x5f8a4e76c000, 4) completed
[2025-09-25 12:38:12] < 2025/09/25 12:38:12.000773152  length=4 from=1414718 to=1414721
[2025-09-25 12:38:12]  00 00 00 00                                      ....
[2025-09-25 12:38:12] --
[2025-09-25 12:38:12] 2025/09/25 12:38:12 socat[67544] N write(6, 0x5f8a4e76c000, 4) completed
[2025-09-25 12:38:12] < 2025/09/25 12:38:12.000773171  length=4 from=1414722 to=1414725
[2025-09-25 12:38:12]  00 00 00 00                                      ....
[2025-09-25 12:38:12] --
[2025-09-25 12:38:12] 2025/09/25 12:38:12 socat[67544] N write(6, 0x5f8a4e76c000, 4) completed
[2025-09-25 12:38:12] < 2025/09/25 12:38:12.000773189  length=4 from=1414726 to=1414729
[2025-09-25 12:38:12]  00 00 00 c8                                      ....
[2025-09-25 12:38:12] --
[2025-09-25 12:38:12] 2025/09/25 12:38:12 socat[67544] N write(6, 0x5f8a4e76c000, 4) completed
[2025-09-25 12:38:12] < 2025/09/25 12:38:12.000773208  length=4 from=1414730 to=1414733
[2025-09-25 12:38:12]  21 00 00 00                                      !...
[2025-09-25 12:38:12] --
[2025-09-25 12:38:12] 2025/09/25 12:38:12 socat[67544] N write(6, 0x5f8a4e76c000, 4) completed
[2025-09-25 12:38:12] < 2025/09/25 12:38:12.000773226  length=4 from=1414734 to=1414737
[2025-09-25 12:38:12]  00 00 00 00                                      ....
[2025-09-25 12:38:12] --
[2025-09-25 12:38:12] 2025/09/25 12:38:12 socat[67544] N write(6, 0x5f8a4e76c000, 4) completed
[2025-09-25 12:38:12] < 2025/09/25 12:38:12.000773245  length=4 from=1414738 to=1414741
[2025-09-25 12:38:12]  00 00 00 00                                      ....
[2025-09-25 12:38:12] --
[2025-09-25 12:38:12] 2025/09/25 12:38:12 socat[67544] N write(6, 0x5f8a4e76c000, 4) completed
[2025-09-25 12:38:12] < 2025/09/25 12:38:12.000773267  length=4 from=1414742 to=1414745
[2025-09-25 12:38:12]  00 00 00 00                                      ....
[2025-09-25 12:38:12] --
[2025-09-25 12:38:12] 2025/09/25 12:38:12 socat[67544] N write(6, 0x5f8a4e76c000, 4) completed
[2025-09-25 12:38:12] < 2025/09/25 12:38:12.000773287  length=4 from=1414746 to=1414749
[2025-09-25 12:38:12]  00 00 00 00                                      ....
[2025-09-25 12:38:12] --
[2025-09-25 12:38:12] 2025/09/25 12:38:12 socat[67544] N write(6, 0x5f8a4e76c000, 4) completed
[2025-09-25 12:38:12] < 2025/09/25 12:38:12.000773305  length=4 from=1414750 to=1414753
[2025-09-25 12:38:12]  00 00 00 00                                      ....
[2025-09-25 12:38:12] --
[2025-09-25 12:38:12] 2025/09/25 12:38:12 socat[67544] N write(6, 0x5f8a4e76c000, 4) completed
[2025-09-25 12:38:12] < 2025/09/25 12:38:12.000773326  length=4 from=1414754 to=1414757
[2025-09-25 12:38:12]  00 00 00 00                                      ....
[2025-09-25 12:38:12] --
[2025-09-25 12:38:12] 2025/09/25 12:38:12 socat[67544] N write(6, 0x5f8a4e76c000, 4) completed
[2025-09-25 12:38:12] < 2025/09/25 12:38:12.000773345  length=4 from=1414758 to=1414761
[2025-09-25 12:38:12]  00 00 00 00                                      ....
[2025-09-25 12:38:12] --
[2025-09-25 12:38:12] 2025/09/25 12:38:12 socat[67544] N write(6, 0x5f8a4e76c000, 4) completed
[2025-09-25 12:38:12] < 2025/09/25 12:38:12.000773365  length=4 from=1414762 to=1414765
[2025-09-25 12:38:12]  00 df 21 00                                      ..!.
[2025-09-25 12:38:12] --
[2025-09-25 12:38:12] 2025/09/25 12:38:12 socat[67544] N write(6, 0x5f8a4e76c000, 4) completed
[2025-09-25 12:38:12] < 2025/09/25 12:38:12.000773384  length=4 from=1414766 to=1414769
[2025-09-25 12:38:12]  00 00 00 00                                      ....
[2025-09-25 12:38:12] --
[2025-09-25 12:38:12] 2025/09/25 12:38:12 socat[67544] N write(6, 0x5f8a4e76c000, 4) completed
[2025-09-25 12:38:12] < 2025/09/25 12:38:12.000773412  length=4 from=1414770 to=1414773
[2025-09-25 12:38:12]  00 00 00 00                                      ....
[2025-09-25 12:38:12] --
[2025-09-25 12:38:12] 2025/09/25 12:38:12 socat[67544] N write(6, 0x5f8a4e76c000, 4) completed
[2025-09-25 12:38:12] < 2025/09/25 12:38:12.000774303  length=4 from=1414774 to=1414777
[2025-09-25 12:38:12]  00 00 00 00                                      ....
[2025-09-25 12:38:12] --
[2025-09-25 12:38:12] 2025/09/25 12:38:12 socat[67544] N write(6, 0x5f8a4e76c000, 4) completed
[2025-09-25 12:38:12] < 2025/09/25 12:38:12.000774324  length=4 from=1414778 to=1414781
[2025-09-25 12:38:12]  00 00 00 00                                      ....
[2025-09-25 12:38:12] --
[2025-09-25 12:38:12] 2025/09/25 12:38:12 socat[67544] N write(6, 0x5f8a4e76c000, 4) completed
[2025-09-25 12:38:12] < 2025/09/25 12:38:12.000774342  length=4 from=1414782 to=1414785
[2025-09-25 12:38:12]  00 00 00 00                                      ....
[2025-09-25 12:38:12] --
[2025-09-25 12:38:12] 2025/09/25 12:38:12 socat[67544] N write(6, 0x5f8a4e76c000, 4) completed
[2025-09-25 12:38:12] < 2025/09/25 12:38:12.000774361  length=4 from=1414786 to=1414789
[2025-09-25 12:38:12]  00 00 00 00                                      ....
[2025-09-25 12:38:12] --
[2025-09-25 12:38:12] 2025/09/25 12:38:12 socat[67544] N write(6, 0x5f8a4e76c000, 4) completed
[2025-09-25 12:38:12] < 2025/09/25 12:38:12.000774379  length=4 from=1414790 to=1414793
[2025-09-25 12:38:12]  00 00 00 00                                      ....
[2025-09-25 12:38:12] --
[2025-09-25 12:38:12] 2025/09/25 12:38:12 socat[67544] N write(6, 0x5f8a4e76c000, 4) completed
[2025-09-25 12:38:12] < 2025/09/25 12:38:12.000774398  length=4 from=1414794 to=1414797
[2025-09-25 12:38:12]  00 00 00 df                                      ....
[2025-09-25 12:38:12] --
[2025-09-25 12:38:12] 2025/09/25 12:38:12 socat[67544] N write(6, 0x5f8a4e76c000, 4) completed
[2025-09-25 12:38:12] < 2025/09/25 12:38:12.000774416  length=4 from=1414798 to=1414801
[2025-09-25 12:38:12]  21 00 00 00                                      !...
[2025-09-25 12:38:12] --
[2025-09-25 12:38:12] 2025/09/25 12:38:12 socat[67544] N write(6, 0x5f8a4e76c000, 4) completed
[2025-09-25 12:38:12] < 2025/09/25 12:38:12.000774435  length=4 from=1414802 to=1414805
[2025-09-25 12:38:12]  00 00 00 00                                      ....
[2025-09-25 12:38:12] --
[2025-09-25 12:38:12] 2025/09/25 12:38:12 socat[67544] N write(6, 0x5f8a4e76c000, 4) completed
[2025-09-25 12:38:12] < 2025/09/25 12:38:12.000774453  length=4 from=1414806 to=1414809
[2025-09-25 12:38:12]  00 00 00 00                                      ....
[2025-09-25 12:38:12] --
[2025-09-25 12:38:12] 2025/09/25 12:38:12 socat[67544] N write(6, 0x5f8a4e76c000, 4) completed
[2025-09-25 12:38:12] < 2025/09/25 12:38:12.000774471  length=4 from=1414810 to=1414813
[2025-09-25 12:38:12]  00 00 00 00                                      ....
[2025-09-25 12:38:12] --
[2025-09-25 12:38:12] 2025/09/25 12:38:12 socat[67544] N write(6, 0x5f8a4e76c000, 4) completed
[2025-09-25 12:38:12] < 2025/09/25 12:38:12.000774490  length=4 from=1414814 to=1414817
[2025-09-25 12:38:12]  00 00 00 00                                      ....
[2025-09-25 12:38:12] --
[2025-09-25 12:38:12] 2025/09/25 12:38:12 socat[67544] N write(6, 0x5f8a4e76c000, 4) completed
[2025-09-25 12:38:12] < 2025/09/25 12:38:12.000774508  length=4 from=1414818 to=1414821
[2025-09-25 12:38:12]  00 00 00 00                                      ....
[2025-09-25 12:38:12] --
[2025-09-25 12:38:12] 2025/09/25 12:38:12 socat[67544] N write(6, 0x5f8a4e76c000, 4) completed
[2025-09-25 12:38:12] < 2025/09/25 12:38:12.000774526  length=4 from=1414822 to=1414825
[2025-09-25 12:38:12]  00 00 00 00                                      ....
[2025-09-25 12:38:12] --
[2025-09-25 12:38:12] 2025/09/25 12:38:12 socat[67544] N write(6, 0x5f8a4e76c000, 4) completed
[2025-09-25 12:38:12] < 2025/09/25 12:38:12.000774545  length=4 from=1414826 to=1414829
[2025-09-25 12:38:12]  00 00 00 00                                      ....
[2025-09-25 12:38:12] --
[2025-09-25 12:38:12] 2025/09/25 12:38:12 socat[67544] N write(6, 0x5f8a4e76c000, 4) completed
[2025-09-25 12:38:12] < 2025/09/25 12:38:12.000774601  length=4 from=1414830 to=1414833
[2025-09-25 12:38:12]  00 df 21 00                                      ..!.
[2025-09-25 12:38:12] --
[2025-09-25 12:38:12] 2025/09/25 12:38:12 socat[67544] N write(6, 0x5f8a4e76c000, 4) completed
[2025-09-25 12:38:12] < 2025/09/25 12:38:12.000774627  length=4 from=1414834 to=1414837
[2025-09-25 12:38:12]  00 00 00 00                                      ....
[2025-09-25 12:38:12] --
[2025-09-25 12:38:12] 2025/09/25 12:38:12 socat[67544] N write(6, 0x5f8a4e76c000, 4) completed
[2025-09-25 12:38:12] < 2025/09/25 12:38:12.000774646  length=4 from=1414838 to=1414841
[2025-09-25 12:38:12]  00 00 00 00                                      ....
[2025-09-25 12:38:12] --
[2025-09-25 12:38:12] 2025/09/25 12:38:12 socat[67544] N write(6, 0x5f8a4e76c000, 4) completed
[2025-09-25 12:38:12] < 2025/09/25 12:38:12.000774667  length=4 from=1414842 to=1414845
[2025-09-25 12:38:12]  00 00 00 00                                      ....
[2025-09-25 12:38:12] --
[2025-09-25 12:38:12] 2025/09/25 12:38:12 socat[67544] N write(6, 0x5f8a4e76c000, 4) completed
[2025-09-25 12:38:12] < 2025/09/25 12:38:12.000774686  length=4 from=1414846 to=1414849
[2025-09-25 12:38:12]  00 00 00 00                                      ....
[2025-09-25 12:38:12] --
[2025-09-25 12:38:12] 2025/09/25 12:38:12 socat[67544] N write(6, 0x5f8a4e76c000, 4) completed
[2025-09-25 12:38:12] < 2025/09/25 12:38:12.000774704  length=4 from=1414850 to=1414853
[2025-09-25 12:38:12]  00 00 00 00                                      ....
[2025-09-25 12:38:12] --
[2025-09-25 12:38:12] 2025/09/25 12:38:12 socat[67544] N write(6, 0x5f8a4e76c000, 4) completed
[2025-09-25 12:38:12] < 2025/09/25 12:38:12.000774723  length=4 from=1414854 to=1414857
[2025-09-25 12:38:12]  00 00 00 00                                      ....
[2025-09-25 12:38:12] --
[2025-09-25 12:38:12] 2025/09/25 12:38:12 socat[67544] N write(6, 0x5f8a4e76c000, 4) completed
[2025-09-25 12:38:12] < 2025/09/25 12:38:12.000774741  length=4 from=1414858 to=1414861
[2025-09-25 12:38:12]  00 00 00 00                                      ....
[2025-09-25 12:38:12] --
[2025-09-25 12:38:12] 2025/09/25 12:38:12 socat[67544] N write(6, 0x5f8a4e76c000, 4) completed
[2025-09-25 12:38:12] < 2025/09/25 12:38:12.000774760  length=4 from=1414862 to=1414865
[2025-09-25 12:38:12]  00 00 00 df                                      ....
[2025-09-25 12:38:12] --
[2025-09-25 12:38:12] 2025/09/25 12:38:12 socat[67544] N write(6, 0x5f8a4e76c000, 4) completed
[2025-09-25 12:38:12] < 2025/09/25 12:38:12.000774779  length=4 from=1414866 to=1414869
[2025-09-25 12:38:12]  21 00 00 00                                      !...
[2025-09-25 12:38:12] --
[2025-09-25 12:38:12] 2025/09/25 12:38:12 socat[67544] N write(6, 0x5f8a4e76c000, 4) completed
[2025-09-25 12:38:12] < 2025/09/25 12:38:12.000774798  length=4 from=1414870 to=1414873
[2025-09-25 12:38:12]  00 00 00 00                                      ....
[2025-09-25 12:38:12] --
[2025-09-25 12:38:12] 2025/09/25 12:38:12 socat[67544] N write(6, 0x5f8a4e76c000, 4) completed
[2025-09-25 12:38:12] < 2025/09/25 12:38:12.000774816  length=4 from=1414874 to=1414877
[2025-09-25 12:38:12]  00 00 00 00                                      ....
[2025-09-25 12:38:12] --
[2025-09-25 12:38:12] 2025/09/25 12:38:12 socat[67544] N write(6, 0x5f8a4e76c000, 4) completed
[2025-09-25 12:38:12] < 2025/09/25 12:38:12.000774835  length=4 from=1414878 to=1414881
[2025-09-25 12:38:12]  00 00 00 00                                      ....
[2025-09-25 12:38:12] --
[2025-09-25 12:38:12] 2025/09/25 12:38:12 socat[67544] N write(6, 0x5f8a4e76c000, 4) completed
[2025-09-25 12:38:12] < 2025/09/25 12:38:12.000774854  length=4 from=1414882 to=1414885
[2025-09-25 12:38:12]  00 00 00 00                                      ....
[2025-09-25 12:38:12] --
[2025-09-25 12:38:12] 2025/09/25 12:38:12 socat[67544] N write(6, 0x5f8a4e76c000, 4) completed
[2025-09-25 12:38:12] < 2025/09/25 12:38:12.000774872  length=4 from=1414886 to=1414889
[2025-09-25 12:38:12]  00 00 00 00                                      ....
[2025-09-25 12:38:12] --
[2025-09-25 12:38:12] 2025/09/25 12:38:12 socat[67544] N write(6, 0x5f8a4e76c000, 4) completed
[2025-09-25 12:38:12] < 2025/09/25 12:38:12.000774891  length=4 from=1414890 to=1414893
[2025-09-25 12:38:12]  00 00 00 00                                      ....
[2025-09-25 12:38:12] --
[2025-09-25 12:38:12] 2025/09/25 12:38:12 socat[67544] N write(6, 0x5f8a4e76c000, 4) completed
[2025-09-25 12:38:12] < 2025/09/25 12:38:12.000774909  length=4 from=1414894 to=1414897
[2025-09-25 12:38:12]  00 00 00 00                                      ....
[2025-09-25 12:38:12] --
[2025-09-25 12:38:12] 2025/09/25 12:38:12 socat[67544] N write(6, 0x5f8a4e76c000, 4) completed
[2025-09-25 12:38:12] < 2025/09/25 12:38:12.000774928  length=4 from=1414898 to=1414901
[2025-09-25 12:38:12]  00 df 21 00                                      ..!.
[2025-09-25 12:38:12] --
[2025-09-25 12:38:12] 2025/09/25 12:38:12 socat[67544] N write(6, 0x5f8a4e76c000, 4) completed
[2025-09-25 12:38:12] < 2025/09/25 12:38:12.000774946  length=4 from=1414902 to=1414905
[2025-09-25 12:38:12]  00 00 00 00                                      ....
[2025-09-25 12:38:12] --
[2025-09-25 12:38:12] 2025/09/25 12:38:12 socat[67544] N write(6, 0x5f8a4e76c000, 4) completed
[2025-09-25 12:38:12] < 2025/09/25 12:38:12.000776400  length=4 from=1414906 to=1414909
[2025-09-25 12:38:12]  00 00 00 00                                      ....
[2025-09-25 12:38:12] --
[2025-09-25 12:38:12] 2025/09/25 12:38:12 socat[67544] N write(6, 0x5f8a4e76c000, 4) completed
[2025-09-25 12:38:12] < 2025/09/25 12:38:12.000776680  length=4 from=1414910 to=1414913
[2025-09-25 12:38:12]  00 00 00 00                                      ....
[2025-09-25 12:38:12] --
[2025-09-25 12:38:12] 2025/09/25 12:38:12 socat[67544] N write(6, 0x5f8a4e76c000, 4) completed
[2025-09-25 12:38:12] < 2025/09/25 12:38:12.000776913  length=4 from=1414914 to=1414917
[2025-09-25 12:38:12]  00 00 00 00                                      ....
[2025-09-25 12:38:12] --
[2025-09-25 12:38:12] 2025/09/25 12:38:12 socat[67544] N write(6, 0x5f8a4e76c000, 4) completed
[2025-09-25 12:38:12] < 2025/09/25 12:38:12.000777142  length=4 from=1414918 to=1414921
[2025-09-25 12:38:12]  00 00 00 00                                      ....
[2025-09-25 12:38:12] --
[2025-09-25 12:38:12] 2025/09/25 12:38:12 socat[67544] N write(6, 0x5f8a4e76c000, 4) completed
[2025-09-25 12:38:12] < 2025/09/25 12:38:12.000777336  length=4 from=1414922 to=1414925
[2025-09-25 12:38:12]  00 00 00 00                                      ....
[2025-09-25 12:38:12] --
[2025-09-25 12:38:12] 2025/09/25 12:38:12 socat[67544] N write(6, 0x5f8a4e76c000, 4) completed
[2025-09-25 12:38:12] < 2025/09/25 12:38:12.000777558  length=4 from=1414926 to=1414929
[2025-09-25 12:38:12]  00 00 00 00                                      ....
[2025-09-25 12:38:12] --
[2025-09-25 12:38:12] 2025/09/25 12:38:12 socat[67544] N write(6, 0x5f8a4e76c000, 4) completed
[2025-09-25 12:38:12] < 2025/09/25 12:38:12.000844915  length=4 from=1414930 to=1414933
[2025-09-25 12:38:12]  00 00 00 df                                      ....
[2025-09-25 12:38:12] --
[2025-09-25 12:38:12] 2025/09/25 12:38:12 socat[67544] N write(6, 0x5f8a4e76c000, 4) completed
[2025-09-25 12:38:12] < 2025/09/25 12:38:12.000845247  length=4 from=1414934 to=1414937
[2025-09-25 12:38:12]  21 00 00 00                                      !...
[2025-09-25 12:38:12] --
[2025-09-25 12:38:12] 2025/09/25 12:38:12 socat[67544] N write(6, 0x5f8a4e76c000, 4) completed
[2025-09-25 12:38:12] < 2025/09/25 12:38:12.000845273  length=4 from=1414938 to=1414941
[2025-09-25 12:38:12]  00 00 00 00                                      ....
[2025-09-25 12:38:12] --
[2025-09-25 12:38:12] 2025/09/25 12:38:12 socat[67544] N write(6, 0x5f8a4e76c000, 4) completed
[2025-09-25 12:38:12] < 2025/09/25 12:38:12.000845294  length=4 from=1414942 to=1414945
[2025-09-25 12:38:12]  00 00 00 00                                      ....
[2025-09-25 12:38:12] --
[2025-09-25 12:38:12] 2025/09/25 12:38:12 socat[67544] N write(6, 0x5f8a4e76c000, 4) completed
[2025-09-25 12:38:12] < 2025/09/25 12:38:12.000845314  length=4 from=1414946 to=1414949
[2025-09-25 12:38:12]  00 00 00 00                                      ....
[2025-09-25 12:38:12] --
[2025-09-25 12:38:12] 2025/09/25 12:38:12 socat[67544] N write(6, 0x5f8a4e76c000, 4) completed
[2025-09-25 12:38:12] < 2025/09/25 12:38:12.000845420  length=4 from=1414950 to=1414953
[2025-09-25 12:38:12]  00 00 00 00                                      ....
[2025-09-25 12:38:12] --
[2025-09-25 12:38:12] 2025/09/25 12:38:12 socat[67544] N write(6, 0x5f8a4e76c000, 4) completed
[2025-09-25 12:38:12] < 2025/09/25 12:38:12.000845447  length=4 from=1414954 to=1414957
[2025-09-25 12:38:12]  00 00 00 00                                      ....
[2025-09-25 12:38:12] --
[2025-09-25 12:38:12] 2025/09/25 12:38:12 socat[67544] N write(6, 0x5f8a4e76c000, 4) completed
[2025-09-25 12:38:12] < 2025/09/25 12:38:12.000845468  length=4 from=1414958 to=1414961
[2025-09-25 12:38:12]  00 00 00 00                                      ....
[2025-09-25 12:38:12] --
[2025-09-25 12:38:12] 2025/09/25 12:38:12 socat[67544] N write(6, 0x5f8a4e76c000, 4) completed
[2025-09-25 12:38:12] < 2025/09/25 12:38:12.000845488  length=4 from=1414962 to=1414965
[2025-09-25 12:38:12]  00 00 00 00                                      ....
[2025-09-25 12:38:12] --
[2025-09-25 12:38:12] 2025/09/25 12:38:12 socat[67544] N write(6, 0x5f8a4e76c000, 4) completed
[2025-09-25 12:38:12] < 2025/09/25 12:38:12.000845509  length=4 from=1414966 to=1414969
[2025-09-25 12:38:12]  00 df 21 00                                      ..!.
[2025-09-25 12:38:12] --
[2025-09-25 12:38:12] 2025/09/25 12:38:12 socat[67544] N write(6, 0x5f8a4e76c000, 4) completed
[2025-09-25 12:38:12] < 2025/09/25 12:38:12.000845529  length=4 from=1414970 to=1414973
[2025-09-25 12:38:12]  00 00 00 00                                      ....
[2025-09-25 12:38:12] --
[2025-09-25 12:38:12] 2025/09/25 12:38:12 socat[67544] N write(6, 0x5f8a4e76c000, 4) completed
[2025-09-25 12:38:12] < 2025/09/25 12:38:12.000845550  length=4 from=1414974 to=1414977
[2025-09-25 12:38:12]  00 00 00 00                                      ....
[2025-09-25 12:38:12] --
[2025-09-25 12:38:12] 2025/09/25 12:38:12 socat[67544] N write(6, 0x5f8a4e76c000, 4) completed
[2025-09-25 12:38:12] < 2025/09/25 12:38:12.000845571  length=4 from=1414978 to=1414981
[2025-09-25 12:38:12]  00 00 00 00                                      ....
[2025-09-25 12:38:12] --
[2025-09-25 12:38:12] 2025/09/25 12:38:12 socat[67544] N write(6, 0x5f8a4e76c000, 4) completed
[2025-09-25 12:38:12] < 2025/09/25 12:38:12.000845591  length=4 from=1414982 to=1414985
[2025-09-25 12:38:12]  00 00 00 00                                      ....
[2025-09-25 12:38:12] --
[2025-09-25 12:38:12] 2025/09/25 12:38:12 socat[67544] N write(6, 0x5f8a4e76c000, 4) completed
[2025-09-25 12:38:12] < 2025/09/25 12:38:12.000845612  length=4 from=1414986 to=1414989
[2025-09-25 12:38:12]  00 00 00 00                                      ....
[2025-09-25 12:38:12] --
[2025-09-25 12:38:12] 2025/09/25 12:38:12 socat[67544] N write(6, 0x5f8a4e76c000, 4) completed
[2025-09-25 12:38:12] < 2025/09/25 12:38:12.000845632  length=4 from=1414990 to=1414993
[2025-09-25 12:38:12]  00 00 00 00                                      ....
[2025-09-25 12:38:12] --
[2025-09-25 12:38:12] 2025/09/25 12:38:12 socat[67544] N write(6, 0x5f8a4e76c000, 4) completed
[2025-09-25 12:38:12] < 2025/09/25 12:38:12.000845652  length=4 from=1414994 to=1414997
[2025-09-25 12:38:12]  00 00 00 00                                      ....
[2025-09-25 12:38:12] --
[2025-09-25 12:38:12] 2025/09/25 12:38:12 socat[67544] N write(6, 0x5f8a4e76c000, 4) completed
[2025-09-25 12:38:12] < 2025/09/25 12:38:12.000845673  length=4 from=1414998 to=1415001
[2025-09-25 12:38:12]  00 00 00 df                                      ....
[2025-09-25 12:38:12] --
[2025-09-25 12:38:12] 2025/09/25 12:38:12 socat[67544] N write(6, 0x5f8a4e76c000, 4) completed
[2025-09-25 12:38:12] < 2025/09/25 12:38:12.000845693  length=4 from=1415002 to=1415005
[2025-09-25 12:38:12]  21 00 00 00                                      !...
[2025-09-25 12:38:12] --
[2025-09-25 12:38:12] 2025/09/25 12:38:12 socat[67544] N write(6, 0x5f8a4e76c000, 4) completed
[2025-09-25 12:38:12] < 2025/09/25 12:38:12.000845713  length=4 from=1415006 to=1415009
[2025-09-25 12:38:12]  00 00 00 00                                      ....
[2025-09-25 12:38:12] --
[2025-09-25 12:38:12] 2025/09/25 12:38:12 socat[67544] N write(6, 0x5f8a4e76c000, 4) completed
[2025-09-25 12:38:12] < 2025/09/25 12:38:12.000845735  length=4 from=1415010 to=1415013
[2025-09-25 12:38:12]  00 00 00 00                                      ....
[2025-09-25 12:38:12] --
[2025-09-25 12:38:12] 2025/09/25 12:38:12 socat[67544] N write(6, 0x5f8a4e76c000, 4) completed
[2025-09-25 12:38:12] < 2025/09/25 12:38:12.000845781  length=4 from=1415014 to=1415017
[2025-09-25 12:38:12]  00 00 00 00                                      ....
[2025-09-25 12:38:12] --
[2025-09-25 12:38:12] 2025/09/25 12:38:12 socat[67544] N write(6, 0x5f8a4e76c000, 4) completed
[2025-09-25 12:38:12] < 2025/09/25 12:38:12.000845808  length=4 from=1415018 to=1415021
[2025-09-25 12:38:12]  00 00 00 00                                      ....
[2025-09-25 12:38:12] --
[2025-09-25 12:38:12] 2025/09/25 12:38:12 socat[67544] N write(6, 0x5f8a4e76c000, 4) completed
[2025-09-25 12:38:12] < 2025/09/25 12:38:12.000845829  length=4 from=1415022 to=1415025
[2025-09-25 12:38:12]  00 00 00 00                                      ....
[2025-09-25 12:38:12] --
[2025-09-25 12:38:12] 2025/09/25 12:38:12 socat[67544] N write(6, 0x5f8a4e76c000, 4) completed
[2025-09-25 12:38:12] < 2025/09/25 12:38:12.000845850  length=4 from=1415026 to=1415029
[2025-09-25 12:38:12]  00 00 00 00                                      ....
[2025-09-25 12:38:12] --
[2025-09-25 12:38:12] 2025/09/25 12:38:12 socat[67544] N write(6, 0x5f8a4e76c000, 4) completed
[2025-09-25 12:38:12] < 2025/09/25 12:38:12.000845884  length=4 from=1415030 to=1415033
[2025-09-25 12:38:12]  00 00 00 00                                      ....
[2025-09-25 12:38:12] --
[2025-09-25 12:38:12] 2025/09/25 12:38:12 socat[67544] N write(6, 0x5f8a4e76c000, 4) completed
[2025-09-25 12:38:12] < 2025/09/25 12:38:12.000845906  length=4 from=1415034 to=1415037
[2025-09-25 12:38:12]  00 df 21 00                                      ..!.
[2025-09-25 12:38:12] --
[2025-09-25 12:38:12] 2025/09/25 12:38:12 socat[67544] N write(6, 0x5f8a4e76c000, 4) completed
[2025-09-25 12:38:12] < 2025/09/25 12:38:12.000845926  length=4 from=1415038 to=1415041
[2025-09-25 12:38:12]  00 00 00 00                                      ....
[2025-09-25 12:38:12] --
[2025-09-25 12:38:12] 2025/09/25 12:38:12 socat[67544] N write(6, 0x5f8a4e76c000, 4) completed
[2025-09-25 12:38:12] < 2025/09/25 12:38:12.000845977  length=4 from=1415042 to=1415045
[2025-09-25 12:38:12]  00 00 00 00                                      ....
[2025-09-25 12:38:12] --
[2025-09-25 12:38:12] 2025/09/25 12:38:12 socat[67544] N write(6, 0x5f8a4e76c000, 4) completed
[2025-09-25 12:38:12] < 2025/09/25 12:38:12.000845999  length=4 from=1415046 to=1415049
[2025-09-25 12:38:12]  00 00 00 00                                      ....
[2025-09-25 12:38:12] --
[2025-09-25 12:38:12] 2025/09/25 12:38:12 socat[67544] N write(6, 0x5f8a4e76c000, 4) completed
[2025-09-25 12:38:12] < 2025/09/25 12:38:12.000846020  length=4 from=1415050 to=1415053
[2025-09-25 12:38:12]  00 00 00 00                                      ....
[2025-09-25 12:38:12] --
[2025-09-25 12:38:12] 2025/09/25 12:38:12 socat[67544] N write(6, 0x5f8a4e76c000, 4) completed
[2025-09-25 12:38:12] < 2025/09/25 12:38:12.000846042  length=4 from=1415054 to=1415057
[2025-09-25 12:38:12]  00 00 00 00                                      ....
[2025-09-25 12:38:12] --
[2025-09-25 12:38:12] 2025/09/25 12:38:12 socat[67544] N write(6, 0x5f8a4e76c000, 4) completed
[2025-09-25 12:38:12] < 2025/09/25 12:38:12.000846071  length=4 from=1415058 to=1415061
[2025-09-25 12:38:12]  00 00 00 00                                      ....
[2025-09-25 12:38:12] --
[2025-09-25 12:38:12] 2025/09/25 12:38:12 socat[67544] N write(6, 0x5f8a4e76c000, 4) completed
[2025-09-25 12:38:12] < 2025/09/25 12:38:12.000846092  length=4 from=1415062 to=1415065
[2025-09-25 12:38:12]  00 00 00 00                                      ....
[2025-09-25 12:38:12] --
[2025-09-25 12:38:12] 2025/09/25 12:38:12 socat[67544] N write(6, 0x5f8a4e76c000, 4) completed
[2025-09-25 12:38:12] < 2025/09/25 12:38:12.000846114  length=4 from=1415066 to=1415069
[2025-09-25 12:38:12]  00 00 00 df                                      ....
[2025-09-25 12:38:12] --
[2025-09-25 12:38:12] 2025/09/25 12:38:12 socat[67544] N write(6, 0x5f8a4e76c000, 4) completed
[2025-09-25 12:38:12] < 2025/09/25 12:38:12.000846134  length=4 from=1415070 to=1415073
[2025-09-25 12:38:12]  21 00 00 00                                      !...
[2025-09-25 12:38:12] --
[2025-09-25 12:38:12] 2025/09/25 12:38:12 socat[67544] N write(6, 0x5f8a4e76c000, 4) completed
[2025-09-25 12:38:12] < 2025/09/25 12:38:12.000846155  length=4 from=1415074 to=1415077
[2025-09-25 12:38:12]  00 00 00 00                                      ....
[2025-09-25 12:38:12] --
[2025-09-25 12:38:12] 2025/09/25 12:38:12 socat[67544] N write(6, 0x5f8a4e76c000, 4) completed
[2025-09-25 12:38:12] < 2025/09/25 12:38:12.000846176  length=4 from=1415078 to=1415081
[2025-09-25 12:38:12]  00 00 00 00                                      ....
[2025-09-25 12:38:12] --
[2025-09-25 12:38:12] 2025/09/25 12:38:12 socat[67544] N write(6, 0x5f8a4e76c000, 4) completed
[2025-09-25 12:38:12] < 2025/09/25 12:38:12.000846196  length=4 from=1415082 to=1415085
[2025-09-25 12:38:12]  00 00 00 00                                      ....
[2025-09-25 12:38:12] --
[2025-09-25 12:38:12] 2025/09/25 12:38:12 socat[67544] N write(6, 0x5f8a4e76c000, 4) completed
[2025-09-25 12:38:12] < 2025/09/25 12:38:12.000846216  length=4 from=1415086 to=1415089
[2025-09-25 12:38:12]  00 00 00 00                                      ....
[2025-09-25 12:38:12] --
[2025-09-25 12:38:12] 2025/09/25 12:38:12 socat[67544] N write(6, 0x5f8a4e76c000, 4) completed
[2025-09-25 12:38:12] < 2025/09/25 12:38:12.000846237  length=4 from=1415090 to=1415093
[2025-09-25 12:38:12]  00 00 00 00                                      ....
[2025-09-25 12:38:12] --
[2025-09-25 12:38:12] 2025/09/25 12:38:12 socat[67544] N write(6, 0x5f8a4e76c000, 4) completed
[2025-09-25 12:38:12] < 2025/09/25 12:38:12.000846258  length=4 from=1415094 to=1415097
[2025-09-25 12:38:12]  00 00 00 00                                      ....
[2025-09-25 12:38:12] --
[2025-09-25 12:38:12] 2025/09/25 12:38:12 socat[67544] N write(6, 0x5f8a4e76c000, 4) completed
[2025-09-25 12:38:12] < 2025/09/25 12:38:12.000846281  length=4 from=1415098 to=1415101
[2025-09-25 12:38:12]  00 00 00 00                                      ....
[2025-09-25 12:38:12] --
[2025-09-25 12:38:12] 2025/09/25 12:38:12 socat[67544] N write(6, 0x5f8a4e76c000, 4) completed
[2025-09-25 12:38:12] < 2025/09/25 12:38:12.000846301  length=4 from=1415102 to=1415105
[2025-09-25 12:38:12]  00 df 21 00                                      ..!.
[2025-09-25 12:38:12] --
[2025-09-25 12:38:12] 2025/09/25 12:38:12 socat[67544] N write(6, 0x5f8a4e76c000, 4) completed
[2025-09-25 12:38:12] < 2025/09/25 12:38:12.000846322  length=4 from=1415106 to=1415109
[2025-09-25 12:38:12]  00 00 00 00                                      ....
[2025-09-25 12:38:12] --
[2025-09-25 12:38:12] 2025/09/25 12:38:12 socat[67544] N write(6, 0x5f8a4e76c000, 4) completed
[2025-09-25 12:38:12] < 2025/09/25 12:38:12.000846342  length=4 from=1415110 to=1415113
[2025-09-25 12:38:12]  00 00 00 00                                      ....
[2025-09-25 12:38:12] --
[2025-09-25 12:38:12] 2025/09/25 12:38:12 socat[67544] N write(6, 0x5f8a4e76c000, 4) completed
[2025-09-25 12:38:12] < 2025/09/25 12:38:12.000846363  length=4 from=1415114 to=1415117
[2025-09-25 12:38:12]  00 00 00 00                                      ....
[2025-09-25 12:38:12] --
[2025-09-25 12:38:12] 2025/09/25 12:38:12 socat[67544] N write(6, 0x5f8a4e76c000, 4) completed
[2025-09-25 12:38:12] < 2025/09/25 12:38:12.000846384  length=4 from=1415118 to=1415121
[2025-09-25 12:38:12]  00 00 00 00                                      ....
[2025-09-25 12:38:12] --
[2025-09-25 12:38:12] 2025/09/25 12:38:12 socat[67544] N write(6, 0x5f8a4e76c000, 4) completed
[2025-09-25 12:38:12] < 2025/09/25 12:38:12.000846404  length=4 from=1415122 to=1415125
[2025-09-25 12:38:12]  00 00 00 00                                      ....
[2025-09-25 12:38:12] --
[2025-09-25 12:38:12] 2025/09/25 12:38:12 socat[67544] N write(6, 0x5f8a4e76c000, 4) completed
[2025-09-25 12:38:12] < 2025/09/25 12:38:12.000846425  length=4 from=1415126 to=1415129
[2025-09-25 12:38:12]  00 00 00 00                                      ....
[2025-09-25 12:38:12] --
[2025-09-25 12:38:12] 2025/09/25 12:38:12 socat[67544] N write(6, 0x5f8a4e76c000, 4) completed
[2025-09-25 12:38:12] < 2025/09/25 12:38:12.000846445  length=4 from=1415130 to=1415133
[2025-09-25 12:38:12]  00 00 00 00                                      ....
[2025-09-25 12:38:12] --
[2025-09-25 12:38:12] 2025/09/25 12:38:12 socat[67544] N write(6, 0x5f8a4e76c000, 4) completed
[2025-09-25 12:38:12] < 2025/09/25 12:38:12.000846466  length=4 from=1415134 to=1415137
[2025-09-25 12:38:12]  00 00 00 df                                      ....
[2025-09-25 12:38:12] --
[2025-09-25 12:38:12] 2025/09/25 12:38:12 socat[67544] N write(6, 0x5f8a4e76c000, 4) completed
[2025-09-25 12:38:12] < 2025/09/25 12:38:12.000846486  length=4 from=1415138 to=1415141
[2025-09-25 12:38:12]  21 00 00 00                                      !...
[2025-09-25 12:38:12] --
[2025-09-25 12:38:12] 2025/09/25 12:38:12 socat[67544] N write(6, 0x5f8a4e76c000, 4) completed
[2025-09-25 12:38:12] < 2025/09/25 12:38:12.000846510  length=4 from=1415142 to=1415145
[2025-09-25 12:38:12]  00 00 00 00                                      ....
[2025-09-25 12:38:12] --
[2025-09-25 12:38:12] 2025/09/25 12:38:12 socat[67544] N write(6, 0x5f8a4e76c000, 4) completed
[2025-09-25 12:38:12] < 2025/09/25 12:38:12.000846530  length=4 from=1415146 to=1415149
[2025-09-25 12:38:12]  00 00 00 00                                      ....
[2025-09-25 12:38:12] --
[2025-09-25 12:38:12] 2025/09/25 12:38:12 socat[67544] N write(6, 0x5f8a4e76c000, 4) completed
[2025-09-25 12:38:12] < 2025/09/25 12:38:12.000846550  length=4 from=1415150 to=1415153
[2025-09-25 12:38:12]  00 00 00 00                                      ....
[2025-09-25 12:38:12] --
[2025-09-25 12:38:12] 2025/09/25 12:38:12 socat[67544] N write(6, 0x5f8a4e76c000, 4) completed
[2025-09-25 12:38:12] < 2025/09/25 12:38:12.000846570  length=4 from=1415154 to=1415157
[2025-09-25 12:38:12]  00 00 00 00                                      ....
[2025-09-25 12:38:12] --
[2025-09-25 12:38:12] 2025/09/25 12:38:12 socat[67544] N write(6, 0x5f8a4e76c000, 4) completed
[2025-09-25 12:38:12] < 2025/09/25 12:38:12.000846590  length=4 from=1415158 to=1415161
[2025-09-25 12:38:12]  00 00 00 00                                      ....
[2025-09-25 12:38:12] --
[2025-09-25 12:38:12] 2025/09/25 12:38:12 socat[67544] N write(6, 0x5f8a4e76c000, 4) completed
[2025-09-25 12:38:12] < 2025/09/25 12:38:12.000846610  length=4 from=1415162 to=1415165
[2025-09-25 12:38:12]  00 00 00 00                                      ....
[2025-09-25 12:38:12] --
[2025-09-25 12:38:12] 2025/09/25 12:38:12 socat[67544] N write(6, 0x5f8a4e76c000, 4) completed
[2025-09-25 12:38:12] < 2025/09/25 12:38:12.000846636  length=4 from=1415166 to=1415169
[2025-09-25 12:38:12]  00 00 00 00                                      ....
[2025-09-25 12:38:12] --
[2025-09-25 12:38:12] 2025/09/25 12:38:12 socat[67544] N write(6, 0x5f8a4e76c000, 4) completed
[2025-09-25 12:38:12] < 2025/09/25 12:38:12.000846656  length=4 from=1415170 to=1415173
[2025-09-25 12:38:12]  00 df 21 00                                      ..!.
[2025-09-25 12:38:12] --
[2025-09-25 12:38:12] 2025/09/25 12:38:12 socat[67544] N write(6, 0x5f8a4e76c000, 4) completed
[2025-09-25 12:38:12] < 2025/09/25 12:38:12.000846676  length=4 from=1415174 to=1415177
[2025-09-25 12:38:12]  00 00 00 00                                      ....
[2025-09-25 12:38:12] --
[2025-09-25 12:38:12] 2025/09/25 12:38:12 socat[67544] N write(6, 0x5f8a4e76c000, 4) completed
[2025-09-25 12:38:12] < 2025/09/25 12:38:12.000846696  length=4 from=1415178 to=1415181
[2025-09-25 12:38:12]  00 00 00 00                                      ....
[2025-09-25 12:38:12] --
[2025-09-25 12:38:12] 2025/09/25 12:38:12 socat[67544] N write(6, 0x5f8a4e76c000, 4) completed
[2025-09-25 12:38:12] < 2025/09/25 12:38:12.000846717  length=4 from=1415182 to=1415185
[2025-09-25 12:38:12]  00 00 00 00                                      ....
[2025-09-25 12:38:12] --
[2025-09-25 12:38:12] 2025/09/25 12:38:12 socat[67544] N write(6, 0x5f8a4e76c000, 4) completed
[2025-09-25 12:38:12] < 2025/09/25 12:38:12.000918998  length=4 from=1415186 to=1415189
[2025-09-25 12:38:12]  00 00 00 00                                      ....
[2025-09-25 12:38:12] --
[2025-09-25 12:38:12] 2025/09/25 12:38:12 socat[67544] N write(6, 0x5f8a4e76c000, 4) completed
[2025-09-25 12:38:12] < 2025/09/25 12:38:12.000919089  length=4 from=1415190 to=1415193
[2025-09-25 12:38:12]  00 00 00 00                                      ....
[2025-09-25 12:38:12] --
[2025-09-25 12:38:12] 2025/09/25 12:38:12 socat[67544] N write(6, 0x5f8a4e76c000, 4) completed
[2025-09-25 12:38:12] < 2025/09/25 12:38:12.000919112  length=4 from=1415194 to=1415197
[2025-09-25 12:38:12]  00 00 00 00                                      ....
[2025-09-25 12:38:12] --
[2025-09-25 12:38:12] 2025/09/25 12:38:12 socat[67544] N write(6, 0x5f8a4e76c000, 4) completed
[2025-09-25 12:38:12] < 2025/09/25 12:38:12.000919133  length=4 from=1415198 to=1415201
[2025-09-25 12:38:12]  00 00 00 00                                      ....
[2025-09-25 12:38:12] --
[2025-09-25 12:38:12] 2025/09/25 12:38:12 socat[67544] N write(6, 0x5f8a4e76c000, 4) completed
[2025-09-25 12:38:12] < 2025/09/25 12:38:12.000919154  length=4 from=1415202 to=1415205
[2025-09-25 12:38:12]  00 00 00 df                                      ....
[2025-09-25 12:38:12] --
[2025-09-25 12:38:12] 2025/09/25 12:38:12 socat[67544] N write(6, 0x5f8a4e76c000, 4) completed
[2025-09-25 12:38:12] < 2025/09/25 12:38:12.000919175  length=4 from=1415206 to=1415209
[2025-09-25 12:38:12]  21 00 00 00                                      !...
[2025-09-25 12:38:12] --
[2025-09-25 12:38:12] 2025/09/25 12:38:12 socat[67544] N write(6, 0x5f8a4e76c000, 4) completed
[2025-09-25 12:38:12] < 2025/09/25 12:38:12.000919196  length=4 from=1415210 to=1415213
[2025-09-25 12:38:12]  00 00 00 00                                      ....
[2025-09-25 12:38:12] --
[2025-09-25 12:38:12] 2025/09/25 12:38:12 socat[67544] N write(6, 0x5f8a4e76c000, 4) completed
[2025-09-25 12:38:12] < 2025/09/25 12:38:12.000919217  length=4 from=1415214 to=1415217
[2025-09-25 12:38:12]  00 00 00 00                                      ....
[2025-09-25 12:38:12] --
[2025-09-25 12:38:12] 2025/09/25 12:38:12 socat[67544] N write(6, 0x5f8a4e76c000, 4) completed
[2025-09-25 12:38:12] < 2025/09/25 12:38:12.000919238  length=4 from=1415218 to=1415221
[2025-09-25 12:38:12]  00 00 00 00                                      ....
[2025-09-25 12:38:12] --
[2025-09-25 12:38:12] 2025/09/25 12:38:12 socat[67544] N write(6, 0x5f8a4e76c000, 4) completed
[2025-09-25 12:38:12] < 2025/09/25 12:38:12.000919259  length=4 from=1415222 to=1415225
[2025-09-25 12:38:12]  00 00 00 00                                      ....
[2025-09-25 12:38:12] --
[2025-09-25 12:38:12] 2025/09/25 12:38:12 socat[67544] N write(6, 0x5f8a4e76c000, 4) completed
[2025-09-25 12:38:12] < 2025/09/25 12:38:12.000919280  length=4 from=1415226 to=1415229
[2025-09-25 12:38:12]  00 00 00 00                                      ....
[2025-09-25 12:38:12] --
[2025-09-25 12:38:12] 2025/09/25 12:38:12 socat[67544] N write(6, 0x5f8a4e76c000, 4) completed
[2025-09-25 12:38:12] < 2025/09/25 12:38:12.000919301  length=4 from=1415230 to=1415233
[2025-09-25 12:38:12]  00 00 00 00                                      ....
[2025-09-25 12:38:12] --
[2025-09-25 12:38:12] 2025/09/25 12:38:12 socat[67544] N write(6, 0x5f8a4e76c000, 4) completed
[2025-09-25 12:38:12] < 2025/09/25 12:38:12.000919322  length=4 from=1415234 to=1415237
[2025-09-25 12:38:12]  00 00 00 00                                      ....
[2025-09-25 12:38:12] --
[2025-09-25 12:38:12] 2025/09/25 12:38:12 socat[67544] N write(6, 0x5f8a4e76c000, 4) completed
[2025-09-25 12:38:12] < 2025/09/25 12:38:12.000919343  length=4 from=1415238 to=1415241
[2025-09-25 12:38:12]  00 df 21 00                                      ..!.
[2025-09-25 12:38:12] --
[2025-09-25 12:38:12] 2025/09/25 12:38:12 socat[67544] N write(6, 0x5f8a4e76c000, 4) completed
[2025-09-25 12:38:12] < 2025/09/25 12:38:12.000919364  length=4 from=1415242 to=1415245
[2025-09-25 12:38:12]  00 00 00 00                                      ....
[2025-09-25 12:38:12] --
[2025-09-25 12:38:12] 2025/09/25 12:38:12 socat[67544] N write(6, 0x5f8a4e76c000, 4) completed
[2025-09-25 12:38:12] < 2025/09/25 12:38:12.000919385  length=4 from=1415246 to=1415249
[2025-09-25 12:38:12]  00 00 00 00                                      ....
[2025-09-25 12:38:12] --
[2025-09-25 12:38:12] 2025/09/25 12:38:12 socat[67544] N write(6, 0x5f8a4e76c000, 4) completed
[2025-09-25 12:38:12] < 2025/09/25 12:38:12.000919406  length=4 from=1415250 to=1415253
[2025-09-25 12:38:12]  00 00 00 00                                      ....
[2025-09-25 12:38:12] --
[2025-09-25 12:38:12] 2025/09/25 12:38:12 socat[67544] N write(6, 0x5f8a4e76c000, 4) completed
[2025-09-25 12:38:12] < 2025/09/25 12:38:12.000919427  length=4 from=1415254 to=1415257
[2025-09-25 12:38:12]  00 00 00 00                                      ....
[2025-09-25 12:38:12] --
[2025-09-25 12:38:12] 2025/09/25 12:38:12 socat[67544] N write(6, 0x5f8a4e76c000, 4) completed
[2025-09-25 12:38:12] < 2025/09/25 12:38:12.000919448  length=4 from=1415258 to=1415261
[2025-09-25 12:38:12]  00 00 00 00                                      ....
[2025-09-25 12:38:12] --
[2025-09-25 12:38:12] 2025/09/25 12:38:12 socat[67544] N write(6, 0x5f8a4e76c000, 4) completed
[2025-09-25 12:38:12] < 2025/09/25 12:38:12.000919511  length=4 from=1415262 to=1415265
[2025-09-25 12:38:12]  00 00 00 00                                      ....
[2025-09-25 12:38:12] --
[2025-09-25 12:38:12] 2025/09/25 12:38:12 socat[67544] N write(6, 0x5f8a4e76c000, 4) completed
[2025-09-25 12:38:12] < 2025/09/25 12:38:12.000919540  length=4 from=1415266 to=1415269
[2025-09-25 12:38:12]  00 00 00 00                                      ....
[2025-09-25 12:38:12] --
[2025-09-25 12:38:12] 2025/09/25 12:38:12 socat[67544] N write(6, 0x5f8a4e76c000, 4) completed
[2025-09-25 12:38:12] < 2025/09/25 12:38:12.000919565  length=4 from=1415270 to=1415273
[2025-09-25 12:38:12]  00 00 00 df                                      ....
[2025-09-25 12:38:12] --
[2025-09-25 12:38:12] 2025/09/25 12:38:12 socat[67544] N write(6, 0x5f8a4e76c000, 4) completed
[2025-09-25 12:38:12] < 2025/09/25 12:38:12.000919586  length=4 from=1415274 to=1415277
[2025-09-25 12:38:12]  21 00 00 00                                      !...
[2025-09-25 12:38:12] --
[2025-09-25 12:38:12] 2025/09/25 12:38:12 socat[67544] N write(6, 0x5f8a4e76c000, 4) completed
[2025-09-25 12:38:12] < 2025/09/25 12:38:12.000919608  length=4 from=1415278 to=1415281
[2025-09-25 12:38:12]  00 00 00 00                                      ....
[2025-09-25 12:38:12] --
[2025-09-25 12:38:12] 2025/09/25 12:38:12 socat[67544] N write(6, 0x5f8a4e76c000, 4) completed
[2025-09-25 12:38:12] < 2025/09/25 12:38:12.000919629  length=4 from=1415282 to=1415285
[2025-09-25 12:38:12]  00 00 00 00                                      ....
[2025-09-25 12:38:12] --
[2025-09-25 12:38:12] 2025/09/25 12:38:12 socat[67544] N write(6, 0x5f8a4e76c000, 4) completed
[2025-09-25 12:38:12] < 2025/09/25 12:38:12.000919650  length=4 from=1415286 to=1415289
[2025-09-25 12:38:12]  00 00 00 00                                      ....
[2025-09-25 12:38:12] --
[2025-09-25 12:38:12] 2025/09/25 12:38:12 socat[67544] N write(6, 0x5f8a4e76c000, 4) completed
[2025-09-25 12:38:12] < 2025/09/25 12:38:12.000919671  length=4 from=1415290 to=1415293
[2025-09-25 12:38:12]  00 00 00 00                                      ....
[2025-09-25 12:38:12] --
[2025-09-25 12:38:12] 2025/09/25 12:38:12 socat[67544] N write(6, 0x5f8a4e76c000, 4) completed
[2025-09-25 12:38:12] < 2025/09/25 12:38:12.000919691  length=4 from=1415294 to=1415297
[2025-09-25 12:38:12]  00 00 00 00                                      ....
[2025-09-25 12:38:12] --
[2025-09-25 12:38:12] 2025/09/25 12:38:12 socat[67544] N write(6, 0x5f8a4e76c000, 4) completed
[2025-09-25 12:38:12] < 2025/09/25 12:38:12.000919712  length=4 from=1415298 to=1415301
[2025-09-25 12:38:12]  00 00 00 00                                      ....
[2025-09-25 12:38:12] --
[2025-09-25 12:38:12] 2025/09/25 12:38:12 socat[67544] N write(6, 0x5f8a4e76c000, 4) completed
[2025-09-25 12:38:12] < 2025/09/25 12:38:12.000919733  length=4 from=1415302 to=1415305
[2025-09-25 12:38:12]  00 00 00 00                                      ....
[2025-09-25 12:38:12] --
[2025-09-25 12:38:12] 2025/09/25 12:38:12 socat[67544] N write(6, 0x5f8a4e76c000, 4) completed
[2025-09-25 12:38:12] < 2025/09/25 12:38:12.000919754  length=4 from=1415306 to=1415309
[2025-09-25 12:38:12]  00 df 21 00                                      ..!.
[2025-09-25 12:38:12] --
[2025-09-25 12:38:12] 2025/09/25 12:38:12 socat[67544] N write(6, 0x5f8a4e76c000, 4) completed
[2025-09-25 12:38:12] < 2025/09/25 12:38:12.000919775  length=4 from=1415310 to=1415313
[2025-09-25 12:38:12]  00 00 00 00                                      ....
[2025-09-25 12:38:12] --
[2025-09-25 12:38:12] 2025/09/25 12:38:12 socat[67544] N write(6, 0x5f8a4e76c000, 4) completed
[2025-09-25 12:38:12] < 2025/09/25 12:38:12.000919796  length=4 from=1415314 to=1415317
[2025-09-25 12:38:12]  00 00 00 00                                      ....
[2025-09-25 12:38:12] --
[2025-09-25 12:38:12] 2025/09/25 12:38:12 socat[67544] N write(6, 0x5f8a4e76c000, 4) completed
[2025-09-25 12:38:12] < 2025/09/25 12:38:12.000919816  length=4 from=1415318 to=1415321
[2025-09-25 12:38:12]  00 00 00 00                                      ....
[2025-09-25 12:38:12] --
[2025-09-25 12:38:12] 2025/09/25 12:38:12 socat[67544] N write(6, 0x5f8a4e76c000, 4) completed
[2025-09-25 12:38:12] < 2025/09/25 12:38:12.000919837  length=4 from=1415322 to=1415325
[2025-09-25 12:38:12]  00 00 00 00                                      ....
[2025-09-25 12:38:12] --
[2025-09-25 12:38:12] 2025/09/25 12:38:12 socat[67544] N write(6, 0x5f8a4e76c000, 4) completed
[2025-09-25 12:38:12] < 2025/09/25 12:38:12.000919858  length=4 from=1415326 to=1415329
[2025-09-25 12:38:12]  00 00 00 00                                      ....
[2025-09-25 12:38:12] --
[2025-09-25 12:38:12] 2025/09/25 12:38:12 socat[67544] N write(6, 0x5f8a4e76c000, 4) completed
[2025-09-25 12:38:12] < 2025/09/25 12:38:12.000919879  length=4 from=1415330 to=1415333
[2025-09-25 12:38:12]  00 00 00 00                                      ....
[2025-09-25 12:38:12] --
[2025-09-25 12:38:12] 2025/09/25 12:38:12 socat[67544] N write(6, 0x5f8a4e76c000, 4) completed
[2025-09-25 12:38:12] < 2025/09/25 12:38:12.000919900  length=4 from=1415334 to=1415337
[2025-09-25 12:38:12]  00 00 00 00                                      ....
[2025-09-25 12:38:12] --
[2025-09-25 12:38:12] 2025/09/25 12:38:12 socat[67544] N write(6, 0x5f8a4e76c000, 4) completed
[2025-09-25 12:38:12] < 2025/09/25 12:38:12.000919921  length=4 from=1415338 to=1415341
[2025-09-25 12:38:12]  00 00 00 df                                      ....
[2025-09-25 12:38:12] --
[2025-09-25 12:38:12] 2025/09/25 12:38:12 socat[67544] N write(6, 0x5f8a4e76c000, 4) completed
[2025-09-25 12:38:12] < 2025/09/25 12:38:12.000919942  length=4 from=1415342 to=1415345
[2025-09-25 12:38:12]  21 00 00 00                                      !...
[2025-09-25 12:38:12] --
[2025-09-25 12:38:12] 2025/09/25 12:38:12 socat[67544] N write(6, 0x5f8a4e76c000, 4) completed
[2025-09-25 12:38:12] < 2025/09/25 12:38:12.000919997  length=4 from=1415346 to=1415349
[2025-09-25 12:38:12]  00 00 00 00                                      ....
[2025-09-25 12:38:12] --
[2025-09-25 12:38:12] 2025/09/25 12:38:12 socat[67544] N write(6, 0x5f8a4e76c000, 4) completed
[2025-09-25 12:38:12] < 2025/09/25 12:38:12.000920018  length=4 from=1415350 to=1415353
[2025-09-25 12:38:12]  00 00 00 00                                      ....
[2025-09-25 12:38:12] --
[2025-09-25 12:38:12] 2025/09/25 12:38:12 socat[67544] N write(6, 0x5f8a4e76c000, 4) completed
[2025-09-25 12:38:12] < 2025/09/25 12:38:12.000920047  length=4 from=1415354 to=1415357
[2025-09-25 12:38:12]  00 00 00 00                                      ....
[2025-09-25 12:38:12] --
[2025-09-25 12:38:12] 2025/09/25 12:38:12 socat[67544] N write(6, 0x5f8a4e76c000, 4) completed
[2025-09-25 12:38:12] < 2025/09/25 12:38:12.000920068  length=4 from=1415358 to=1415361
[2025-09-25 12:38:12]  00 00 00 00                                      ....
[2025-09-25 12:38:12] --
[2025-09-25 12:38:12] 2025/09/25 12:38:12 socat[67544] N write(6, 0x5f8a4e76c000, 4) completed
[2025-09-25 12:38:12] < 2025/09/25 12:38:12.000920089  length=4 from=1415362 to=1415365
[2025-09-25 12:38:12]  00 00 00 00                                      ....
[2025-09-25 12:38:12] --
[2025-09-25 12:38:12] 2025/09/25 12:38:12 socat[67544] N write(6, 0x5f8a4e76c000, 4) completed
[2025-09-25 12:38:12] < 2025/09/25 12:38:12.000920110  length=4 from=1415366 to=1415369
[2025-09-25 12:38:12]  00 00 00 00                                      ....
[2025-09-25 12:38:12] --
[2025-09-25 12:38:12] 2025/09/25 12:38:12 socat[67544] N write(6, 0x5f8a4e76c000, 4) completed
[2025-09-25 12:38:12] < 2025/09/25 12:38:12.000920131  length=4 from=1415370 to=1415373
[2025-09-25 12:38:12]  00 00 00 00                                      ....
[2025-09-25 12:38:12] --
[2025-09-25 12:38:12] 2025/09/25 12:38:12 socat[67544] N write(6, 0x5f8a4e76c000, 4) completed
[2025-09-25 12:38:12] < 2025/09/25 12:38:12.000920152  length=4 from=1415374 to=1415377
[2025-09-25 12:38:12]  00 df 21 00                                      ..!.
[2025-09-25 12:38:12] --
[2025-09-25 12:38:12] 2025/09/25 12:38:12 socat[67544] N write(6, 0x5f8a4e76c000, 4) completed
[2025-09-25 12:38:12] < 2025/09/25 12:38:12.000920172  length=4 from=1415378 to=1415381
[2025-09-25 12:38:12]  00 00 00 00                                      ....
[2025-09-25 12:38:12] --
[2025-09-25 12:38:12] 2025/09/25 12:38:12 socat[67544] N write(6, 0x5f8a4e76c000, 4) completed
[2025-09-25 12:38:12] < 2025/09/25 12:38:12.000920193  length=4 from=1415382 to=1415385
[2025-09-25 12:38:12]  00 00 00 00                                      ....
[2025-09-25 12:38:12] --
[2025-09-25 12:38:12] 2025/09/25 12:38:12 socat[67544] N write(6, 0x5f8a4e76c000, 4) completed
[2025-09-25 12:38:12] < 2025/09/25 12:38:12.000920217  length=4 from=1415386 to=1415389
[2025-09-25 12:38:12]  00 00 00 00                                      ....
[2025-09-25 12:38:12] --
[2025-09-25 12:38:12] 2025/09/25 12:38:12 socat[67544] N write(6, 0x5f8a4e76c000, 4) completed
[2025-09-25 12:38:12] < 2025/09/25 12:38:12.000920238  length=4 from=1415390 to=1415393
[2025-09-25 12:38:12]  00 00 00 00                                      ....
[2025-09-25 12:38:12] --
[2025-09-25 12:38:12] 2025/09/25 12:38:12 socat[67544] N write(6, 0x5f8a4e76c000, 4) completed
[2025-09-25 12:38:12] < 2025/09/25 12:38:12.000920259  length=4 from=1415394 to=1415397
[2025-09-25 12:38:12]  00 00 00 00                                      ....
[2025-09-25 12:38:12] --
[2025-09-25 12:38:12] 2025/09/25 12:38:12 socat[67544] N write(6, 0x5f8a4e76c000, 4) completed
[2025-09-25 12:38:12] < 2025/09/25 12:38:12.000920281  length=4 from=1415398 to=1415401
[2025-09-25 12:38:12]  00 00 00 00                                      ....
[2025-09-25 12:38:12] --
[2025-09-25 12:38:12] 2025/09/25 12:38:12 socat[67544] N write(6, 0x5f8a4e76c000, 4) completed
[2025-09-25 12:38:12] < 2025/09/25 12:38:12.000920302  length=4 from=1415402 to=1415405
[2025-09-25 12:38:12]  00 00 00 00                                      ....
[2025-09-25 12:38:12] --
[2025-09-25 12:38:12] 2025/09/25 12:38:12 socat[67544] N write(6, 0x5f8a4e76c000, 4) completed
[2025-09-25 12:38:12] < 2025/09/25 12:38:12.000920323  length=4 from=1415406 to=1415409
[2025-09-25 12:38:12]  00 00 00 df                                      ....
[2025-09-25 12:38:12] --
[2025-09-25 12:38:12] 2025/09/25 12:38:12 socat[67544] N write(6, 0x5f8a4e76c000, 4) completed
[2025-09-25 12:38:12] < 2025/09/25 12:38:12.000920345  length=4 from=1415410 to=1415413
[2025-09-25 12:38:12]  21 00 00 00                                      !...
[2025-09-25 12:38:12] --
[2025-09-25 12:38:12] 2025/09/25 12:38:12 socat[67544] N write(6, 0x5f8a4e76c000, 4) completed
[2025-09-25 12:38:12] < 2025/09/25 12:38:12.000920366  length=4 from=1415414 to=1415417
[2025-09-25 12:38:12]  00 00 00 00                                      ....
[2025-09-25 12:38:12] --
[2025-09-25 12:38:12] 2025/09/25 12:38:12 socat[67544] N write(6, 0x5f8a4e76c000, 4) completed
[2025-09-25 12:38:12] < 2025/09/25 12:38:12.000920387  length=4 from=1415418 to=1415421
[2025-09-25 12:38:12]  00 00 00 00                                      ....
[2025-09-25 12:38:12] --
[2025-09-25 12:38:12] 2025/09/25 12:38:12 socat[67544] N write(6, 0x5f8a4e76c000, 4) completed
[2025-09-25 12:38:12] < 2025/09/25 12:38:12.000920477  length=4 from=1415422 to=1415425
[2025-09-25 12:38:12]  00 00 00 00                                      ....
[2025-09-25 12:38:12] --
[2025-09-25 12:38:12] 2025/09/25 12:38:12 socat[67544] N write(6, 0x5f8a4e76c000, 4) completed
[2025-09-25 12:38:12] < 2025/09/25 12:38:12.000920499  length=4 from=1415426 to=1415429
[2025-09-25 12:38:12]  00 00 00 00                                      ....
[2025-09-25 12:38:12] --
[2025-09-25 12:38:12] 2025/09/25 12:38:12 socat[67544] N write(6, 0x5f8a4e76c000, 4) completed
[2025-09-25 12:38:12] < 2025/09/25 12:38:12.000920522  length=4 from=1415430 to=1415433
[2025-09-25 12:38:12]  00 00 00 00                                      ....
[2025-09-25 12:38:12] --
[2025-09-25 12:38:12] 2025/09/25 12:38:12 socat[67544] N write(6, 0x5f8a4e76c000, 4) completed
[2025-09-25 12:38:12] < 2025/09/25 12:38:12.000920545  length=4 from=1415434 to=1415437
[2025-09-25 12:38:12]  00 00 00 00                                      ....
[2025-09-25 12:38:12] --
[2025-09-25 12:38:12] 2025/09/25 12:38:12 socat[67544] N write(6, 0x5f8a4e76c000, 4) completed
[2025-09-25 12:38:12] < 2025/09/25 12:38:12.000920567  length=4 from=1415438 to=1415441
[2025-09-25 12:38:12]  00 00 00 00                                      ....
[2025-09-25 12:38:12] --
[2025-09-25 12:38:12] 2025/09/25 12:38:12 socat[67544] N write(6, 0x5f8a4e76c000, 4) completed
[2025-09-25 12:38:12] < 2025/09/25 12:38:12.000992159  length=4 from=1415442 to=1415445
[2025-09-25 12:38:12]  00 df 21 00                                      ..!.
[2025-09-25 12:38:12] --
[2025-09-25 12:38:12] 2025/09/25 12:38:12 socat[67544] N write(6, 0x5f8a4e76c000, 4) completed
[2025-09-25 12:38:12] < 2025/09/25 12:38:12.000992607  length=4 from=1415446 to=1415449
[2025-09-25 12:38:12]  00 00 00 00                                      ....
[2025-09-25 12:38:12] --
[2025-09-25 12:38:12] 2025/09/25 12:38:12 socat[67544] N write(6, 0x5f8a4e76c000, 4) completed
[2025-09-25 12:38:12] < 2025/09/25 12:38:12.000992632  length=4 from=1415450 to=1415453
[2025-09-25 12:38:12]  00 00 00 00                                      ....
[2025-09-25 12:38:12] --
[2025-09-25 12:38:12] 2025/09/25 12:38:12 socat[67544] N write(6, 0x5f8a4e76c000, 4) completed
[2025-09-25 12:38:12] < 2025/09/25 12:38:12.000992650  length=4 from=1415454 to=1415457
[2025-09-25 12:38:12]  00 00 00 00                                      ....
[2025-09-25 12:38:12] --
[2025-09-25 12:38:12] 2025/09/25 12:38:12 socat[67544] N write(6, 0x5f8a4e76c000, 4) completed
[2025-09-25 12:38:12] < 2025/09/25 12:38:12.000992699  length=4 from=1415458 to=1415461
[2025-09-25 12:38:12]  00 00 00 00                                      ....
[2025-09-25 12:38:12] --
[2025-09-25 12:38:12] 2025/09/25 12:38:12 socat[67544] N write(6, 0x5f8a4e76c000, 4) completed
[2025-09-25 12:38:12] < 2025/09/25 12:38:12.000992721  length=4 from=1415462 to=1415465
[2025-09-25 12:38:12]  00 00 00 00                                      ....
[2025-09-25 12:38:12] --
[2025-09-25 12:38:12] 2025/09/25 12:38:12 socat[67544] N write(6, 0x5f8a4e76c000, 4) completed
[2025-09-25 12:38:12] < 2025/09/25 12:38:12.000992741  length=4 from=1415466 to=1415469
[2025-09-25 12:38:12]  00 00 00 00                                      ....
[2025-09-25 12:38:12] --
[2025-09-25 12:38:12] 2025/09/25 12:38:12 socat[67544] N write(6, 0x5f8a4e76c000, 4) completed
[2025-09-25 12:38:12] < 2025/09/25 12:38:12.000992759  length=4 from=1415470 to=1415473
[2025-09-25 12:38:12]  00 00 00 00                                      ....
[2025-09-25 12:38:12] --
[2025-09-25 12:38:12] 2025/09/25 12:38:12 socat[67544] N write(6, 0x5f8a4e76c000, 4) completed
[2025-09-25 12:38:12] < 2025/09/25 12:38:12.000992778  length=4 from=1415474 to=1415477
[2025-09-25 12:38:12]  00 00 00 df                                      ....
[2025-09-25 12:38:12] --
[2025-09-25 12:38:12] 2025/09/25 12:38:12 socat[67544] N write(6, 0x5f8a4e76c000, 4) completed
[2025-09-25 12:38:12] < 2025/09/25 12:38:12.000992798  length=4 from=1415478 to=1415481
[2025-09-25 12:38:12]  21 00 00 00                                      !...
[2025-09-25 12:38:12] --
[2025-09-25 12:38:12] 2025/09/25 12:38:12 socat[67544] N write(6, 0x5f8a4e76c000, 4) completed
[2025-09-25 12:38:12] < 2025/09/25 12:38:12.000992816  length=4 from=1415482 to=1415485
[2025-09-25 12:38:12]  00 00 00 00                                      ....
[2025-09-25 12:38:12] --
[2025-09-25 12:38:12] 2025/09/25 12:38:12 socat[67544] N write(6, 0x5f8a4e76c000, 4) completed
[2025-09-25 12:38:12] < 2025/09/25 12:38:12.000992835  length=4 from=1415486 to=1415489
[2025-09-25 12:38:13]  00 00 00 00                                      ....
[2025-09-25 12:38:13] --
[2025-09-25 12:38:13] 2025/09/25 12:38:12 socat[67544] N write(6, 0x5f8a4e76c000, 4) completed
[2025-09-25 12:38:13] < 2025/09/25 12:38:12.000992853  length=4 from=1415490 to=1415493
[2025-09-25 12:38:13]  00 00 00 00                                      ....
[2025-09-25 12:38:13] --
[2025-09-25 12:38:13] 2025/09/25 12:38:12 socat[67544] N write(6, 0x5f8a4e76c000, 4) completed
[2025-09-25 12:38:13] < 2025/09/25 12:38:12.000992872  length=4 from=1415494 to=1415497
[2025-09-25 12:38:13]  00 00 00 00                                      ....
[2025-09-25 12:38:13] --
[2025-09-25 12:38:13] 2025/09/25 12:38:12 socat[67544] N write(6, 0x5f8a4e76c000, 4) completed
[2025-09-25 12:38:13] < 2025/09/25 12:38:12.000992892  length=4 from=1415498 to=1415501
[2025-09-25 12:38:13]  00 00 00 00                                      ....
[2025-09-25 12:38:13] --
[2025-09-25 12:38:13] 2025/09/25 12:38:12 socat[67544] N write(6, 0x5f8a4e76c000, 4) completed
[2025-09-25 12:38:13] < 2025/09/25 12:38:12.000992910  length=4 from=1415502 to=1415505
[2025-09-25 12:38:13]  00 00 00 00                                      ....
[2025-09-25 12:38:13] --
[2025-09-25 12:38:13] 2025/09/25 12:38:12 socat[67544] N write(6, 0x5f8a4e76c000, 4) completed
[2025-09-25 12:38:13] < 2025/09/25 12:38:12.000992929  length=4 from=1415506 to=1415509
[2025-09-25 12:38:13]  00 00 00 00                                      ....
[2025-09-25 12:38:13] --
[2025-09-25 12:38:13] 2025/09/25 12:38:12 socat[67544] N write(6, 0x5f8a4e76c000, 4) completed
[2025-09-25 12:38:13] < 2025/09/25 12:38:12.000992947  length=4 from=1415510 to=1415513
[2025-09-25 12:38:13]  00 df 21 00                                      ..!.
[2025-09-25 12:38:13] --
[2025-09-25 12:38:13] 2025/09/25 12:38:12 socat[67544] N write(6, 0x5f8a4e76c000, 4) completed
[2025-09-25 12:38:13] < 2025/09/25 12:38:12.000992967  length=4 from=1415514 to=1415517
[2025-09-25 12:38:13]  00 00 00 00                                      ....
[2025-09-25 12:38:13] --
[2025-09-25 12:38:13] 2025/09/25 12:38:12 socat[67544] N write(6, 0x5f8a4e76c000, 4) completed
[2025-09-25 12:38:13] < 2025/09/25 12:38:12.000992985  length=4 from=1415518 to=1415521
[2025-09-25 12:38:13]  00 00 00 00                                      ....
[2025-09-25 12:38:13] --
[2025-09-25 12:38:13] 2025/09/25 12:38:12 socat[67544] N write(6, 0x5f8a4e76c000, 4) completed
[2025-09-25 12:38:13] < 2025/09/25 12:38:12.000993006  length=4 from=1415522 to=1415525
[2025-09-25 12:38:13]  00 00 00 00                                      ....
[2025-09-25 12:38:13] --
[2025-09-25 12:38:13] 2025/09/25 12:38:12 socat[67544] N write(6, 0x5f8a4e76c000, 4) completed
[2025-09-25 12:38:13] < 2025/09/25 12:38:12.000993034  length=4 from=1415526 to=1415529
[2025-09-25 12:38:13]  00 00 00 00                                      ....
[2025-09-25 12:38:13] --
[2025-09-25 12:38:13] 2025/09/25 12:38:12 socat[67544] N write(6, 0x5f8a4e76c000, 4) completed
[2025-09-25 12:38:13] < 2025/09/25 12:38:12.000993058  length=4 from=1415530 to=1415533
[2025-09-25 12:38:13]  00 00 00 00                                      ....
[2025-09-25 12:38:13] --
[2025-09-25 12:38:13] 2025/09/25 12:38:12 socat[67544] N write(6, 0x5f8a4e76c000, 4) completed
[2025-09-25 12:38:13] < 2025/09/25 12:38:12.000993077  length=4 from=1415534 to=1415537
[2025-09-25 12:38:13]  00 00 00 00                                      ....
[2025-09-25 12:38:13] --
[2025-09-25 12:38:13] 2025/09/25 12:38:12 socat[67544] N write(6, 0x5f8a4e76c000, 4) completed
[2025-09-25 12:38:13] < 2025/09/25 12:38:12.000993095  length=4 from=1415538 to=1415541
[2025-09-25 12:38:13]  00 00 00 00                                      ....
[2025-09-25 12:38:13] --
[2025-09-25 12:38:13] 2025/09/25 12:38:12 socat[67544] N write(6, 0x5f8a4e76c000, 4) completed
[2025-09-25 12:38:13] < 2025/09/25 12:38:12.000993113  length=4 from=1415542 to=1415545
[2025-09-25 12:38:13]  00 00 00 df                                      ....
[2025-09-25 12:38:13] --
[2025-09-25 12:38:13] 2025/09/25 12:38:12 socat[67544] N write(6, 0x5f8a4e76c000, 4) completed
[2025-09-25 12:38:13] < 2025/09/25 12:38:12.000993134  length=4 from=1415546 to=1415549
[2025-09-25 12:38:13]  21 00 00 00                                      !...
[2025-09-25 12:38:13] --
[2025-09-25 12:38:13] 2025/09/25 12:38:12 socat[67544] N write(6, 0x5f8a4e76c000, 4) completed
[2025-09-25 12:38:13] < 2025/09/25 12:38:12.000993152  length=4 from=1415550 to=1415553
[2025-09-25 12:38:13]  00 00 00 00                                      ....
[2025-09-25 12:38:13] --
[2025-09-25 12:38:13] 2025/09/25 12:38:12 socat[67544] N write(6, 0x5f8a4e76c000, 4) completed
[2025-09-25 12:38:13] < 2025/09/25 12:38:12.000993171  length=4 from=1415554 to=1415557
[2025-09-25 12:38:13]  00 00 00 00                                      ....
[2025-09-25 12:38:13] --
[2025-09-25 12:38:13] 2025/09/25 12:38:12 socat[67544] N write(6, 0x5f8a4e76c000, 4) completed
[2025-09-25 12:38:13] < 2025/09/25 12:38:12.000993189  length=4 from=1415558 to=1415561
[2025-09-25 12:38:13]  00 00 00 00                                      ....
[2025-09-25 12:38:13] --
[2025-09-25 12:38:13] 2025/09/25 12:38:12 socat[67544] N write(6, 0x5f8a4e76c000, 4) completed
[2025-09-25 12:38:13] < 2025/09/25 12:38:12.000993208  length=4 from=1415562 to=1415565
[2025-09-25 12:38:13]  00 00 00 00                                      ....
[2025-09-25 12:38:13] --
[2025-09-25 12:38:13] 2025/09/25 12:38:12 socat[67544] N write(6, 0x5f8a4e76c000, 4) completed
[2025-09-25 12:38:13] < 2025/09/25 12:38:12.000993226  length=4 from=1415566 to=1415569
[2025-09-25 12:38:13]  00 00 00 00                                      ....
[2025-09-25 12:38:13] --
[2025-09-25 12:38:13] 2025/09/25 12:38:12 socat[67544] N write(6, 0x5f8a4e76c000, 4) completed
[2025-09-25 12:38:13] < 2025/09/25 12:38:12.000993245  length=4 from=1415570 to=1415573
[2025-09-25 12:38:13]  00 00 00 00                                      ....
[2025-09-25 12:38:13] --
[2025-09-25 12:38:13] 2025/09/25 12:38:12 socat[67544] N write(6, 0x5f8a4e76c000, 4) completed
[2025-09-25 12:38:13] < 2025/09/25 12:38:12.000993263  length=4 from=1415574 to=1415577
[2025-09-25 12:38:13]  00 00 00 00                                      ....
[2025-09-25 12:38:13] --
[2025-09-25 12:38:13] 2025/09/25 12:38:12 socat[67544] N write(6, 0x5f8a4e76c000, 4) completed
[2025-09-25 12:38:13] < 2025/09/25 12:38:12.000993281  length=4 from=1415578 to=1415581
[2025-09-25 12:38:13]  00 df 21 00                                      ..!.
[2025-09-25 12:38:13] --
[2025-09-25 12:38:13] 2025/09/25 12:38:12 socat[67544] N write(6, 0x5f8a4e76c000, 4) completed
[2025-09-25 12:38:13] < 2025/09/25 12:38:12.000993300  length=4 from=1415582 to=1415585
[2025-09-25 12:38:13]  00 00 00 00                                      ....
[2025-09-25 12:38:13] --
[2025-09-25 12:38:13] 2025/09/25 12:38:12 socat[67544] N write(6, 0x5f8a4e76c000, 4) completed
[2025-09-25 12:38:13] < 2025/09/25 12:38:12.000993318  length=4 from=1415586 to=1415589
[2025-09-25 12:38:13]  00 00 00 00                                      ....
[2025-09-25 12:38:13] --
[2025-09-25 12:38:13] 2025/09/25 12:38:12 socat[67544] N write(6, 0x5f8a4e76c000, 4) completed
[2025-09-25 12:38:13] < 2025/09/25 12:38:12.000993337  length=4 from=1415590 to=1415593
[2025-09-25 12:38:13]  00 00 00 00                                      ....
[2025-09-25 12:38:13] --
[2025-09-25 12:38:13] 2025/09/25 12:38:12 socat[67544] N write(6, 0x5f8a4e76c000, 4) completed
[2025-09-25 12:38:13] < 2025/09/25 12:38:12.000993355  length=4 from=1415594 to=1415597
[2025-09-25 12:38:13]  00 00 00 00                                      ....
[2025-09-25 12:38:13] --
[2025-09-25 12:38:13] 2025/09/25 12:38:12 socat[67544] N write(6, 0x5f8a4e76c000, 4) completed
[2025-09-25 12:38:13] < 2025/09/25 12:38:12.000993374  length=4 from=1415598 to=1415601
[2025-09-25 12:38:13]  00 00 00 00                                      ....
[2025-09-25 12:38:13] --
[2025-09-25 12:38:13] 2025/09/25 12:38:12 socat[67544] N write(6, 0x5f8a4e76c000, 4) completed
[2025-09-25 12:38:13] < 2025/09/25 12:38:12.000993392  length=4 from=1415602 to=1415605
[2025-09-25 12:38:13]  00 00 00 00                                      ....
[2025-09-25 12:38:13] --
[2025-09-25 12:38:13] 2025/09/25 12:38:12 socat[67544] N write(6, 0x5f8a4e76c000, 4) completed
[2025-09-25 12:38:13] < 2025/09/25 12:38:12.000993411  length=4 from=1415606 to=1415609
[2025-09-25 12:38:13]  00 00 00 00                                      ....
[2025-09-25 12:38:13] --
[2025-09-25 12:38:13] 2025/09/25 12:38:12 socat[67544] N write(6, 0x5f8a4e76c000, 4) completed
[2025-09-25 12:38:13] < 2025/09/25 12:38:12.000993430  length=4 from=1415610 to=1415613
[2025-09-25 12:38:13]  00 00 00 df                                      ....
[2025-09-25 12:38:13] --
[2025-09-25 12:38:13] 2025/09/25 12:38:12 socat[67544] N write(6, 0x5f8a4e76c000, 4) completed
[2025-09-25 12:38:13] < 2025/09/25 12:38:12.000993448  length=4 from=1415614 to=1415617
[2025-09-25 12:38:13]  21 00 00 00                                      !...
[2025-09-25 12:38:13] --
[2025-09-25 12:38:13] 2025/09/25 12:38:12 socat[67544] N write(6, 0x5f8a4e76c000, 4) completed
[2025-09-25 12:38:13] < 2025/09/25 12:38:12.000993467  length=4 from=1415618 to=1415621
[2025-09-25 12:38:13]  00 00 00 00                                      ....
[2025-09-25 12:38:13] --
[2025-09-25 12:38:13] 2025/09/25 12:38:12 socat[67544] N write(6, 0x5f8a4e76c000, 4) completed
[2025-09-25 12:38:13] < 2025/09/25 12:38:12.000993485  length=4 from=1415622 to=1415625
[2025-09-25 12:38:13]  00 00 00 00                                      ....
[2025-09-25 12:38:13] --
[2025-09-25 12:38:13] 2025/09/25 12:38:12 socat[67544] N write(6, 0x5f8a4e76c000, 4) completed
[2025-09-25 12:38:13] < 2025/09/25 12:38:12.000993504  length=4 from=1415626 to=1415629
[2025-09-25 12:38:13]  00 00 00 00                                      ....
[2025-09-25 12:38:13] --
[2025-09-25 12:38:13] 2025/09/25 12:38:12 socat[67544] N write(6, 0x5f8a4e76c000, 4) completed
[2025-09-25 12:38:13] < 2025/09/25 12:38:12.000993522  length=4 from=1415630 to=1415633
[2025-09-25 12:38:13]  00 00 00 00                                      ....
[2025-09-25 12:38:13] --
[2025-09-25 12:38:13] 2025/09/25 12:38:12 socat[67544] N write(6, 0x5f8a4e76c000, 4) completed
[2025-09-25 12:38:13] < 2025/09/25 12:38:12.000993541  length=4 from=1415634 to=1415637
[2025-09-25 12:38:13]  00 00 00 00                                      ....
[2025-09-25 12:38:13] --
[2025-09-25 12:38:13] 2025/09/25 12:38:12 socat[67544] N write(6, 0x5f8a4e76c000, 4) completed
[2025-09-25 12:38:13] < 2025/09/25 12:38:12.000993559  length=4 from=1415638 to=1415641
[2025-09-25 12:38:13]  00 00 00 00                                      ....
[2025-09-25 12:38:13] --
[2025-09-25 12:38:13] 2025/09/25 12:38:12 socat[67544] N write(6, 0x5f8a4e76c000, 4) completed
[2025-09-25 12:38:13] < 2025/09/25 12:38:12.000993579  length=4 from=1415642 to=1415645
[2025-09-25 12:38:13]  00 00 00 00                                      ....
[2025-09-25 12:38:13] --
[2025-09-25 12:38:13] 2025/09/25 12:38:12 socat[67544] N write(6, 0x5f8a4e76c000, 4) completed
[2025-09-25 12:38:13] < 2025/09/25 12:38:12.000993830  length=4 from=1415646 to=1415649
[2025-09-25 12:38:13]  00 df 21 00                                      ..!.
[2025-09-25 12:38:13] --
[2025-09-25 12:38:13] 2025/09/25 12:38:12 socat[67544] N write(6, 0x5f8a4e76c000, 4) completed
[2025-09-25 12:38:13] < 2025/09/25 12:38:12.000993858  length=4 from=1415650 to=1415653
[2025-09-25 12:38:13]  00 00 00 00                                      ....
[2025-09-25 12:38:13] --
[2025-09-25 12:38:13] 2025/09/25 12:38:12 socat[67544] N write(6, 0x5f8a4e76c000, 4) completed
[2025-09-25 12:38:13] < 2025/09/25 12:38:12.000993878  length=4 from=1415654 to=1415657
[2025-09-25 12:38:13]  00 00 00 00                                      ....
[2025-09-25 12:38:13] --
[2025-09-25 12:38:13] 2025/09/25 12:38:12 socat[67544] N write(6, 0x5f8a4e76c000, 4) completed
[2025-09-25 12:38:13] < 2025/09/25 12:38:12.000993899  length=4 from=1415658 to=1415661
[2025-09-25 12:38:13]  00 00 00 00                                      ....
[2025-09-25 12:38:13] --
[2025-09-25 12:38:13] 2025/09/25 12:38:12 socat[67544] N write(6, 0x5f8a4e76c000, 4) completed
[2025-09-25 12:38:13] < 2025/09/25 12:38:12.000993922  length=4 from=1415662 to=1415665
[2025-09-25 12:38:13]  00 00 00 00                                      ....
[2025-09-25 12:38:13] --
[2025-09-25 12:38:13] 2025/09/25 12:38:12 socat[67544] N write(6, 0x5f8a4e76c000, 4) completed
[2025-09-25 12:38:13] < 2025/09/25 12:38:12.000993941  length=4 from=1415666 to=1415669
[2025-09-25 12:38:13]  00 00 00 00                                      ....
[2025-09-25 12:38:13] --
[2025-09-25 12:38:13] 2025/09/25 12:38:12 socat[67544] N write(6, 0x5f8a4e76c000, 4) completed
[2025-09-25 12:38:13] < 2025/09/25 12:38:12.000993971  length=4 from=1415670 to=1415673
[2025-09-25 12:38:13]  00 00 00 00                                      ....
[2025-09-25 12:38:13] --
[2025-09-25 12:38:13] 2025/09/25 12:38:12 socat[67544] N write(6, 0x5f8a4e76c000, 4) completed
[2025-09-25 12:38:13] < 2025/09/25 12:38:12.000993991  length=4 from=1415674 to=1415677
[2025-09-25 12:38:13]  00 00 00 00                                      ....
[2025-09-25 12:38:13] --
[2025-09-25 12:38:13] 2025/09/25 12:38:12 socat[67544] N write(6, 0x5f8a4e76c000, 4) completed
[2025-09-25 12:38:13] < 2025/09/25 12:38:12.000994011  length=4 from=1415678 to=1415681
[2025-09-25 12:38:13]  00 00 00 df                                      ....
[2025-09-25 12:38:13] --
[2025-09-25 12:38:13] 2025/09/25 12:38:12 socat[67544] N write(6, 0x5f8a4e76c000, 4) completed
[2025-09-25 12:38:13] < 2025/09/25 12:38:12.000994030  length=4 from=1415682 to=1415685
[2025-09-25 12:38:13]  21 00 00 00                                      !...
[2025-09-25 12:38:13] --
[2025-09-25 12:38:13] 2025/09/25 12:38:12 socat[67544] N write(6, 0x5f8a4e76c000, 4) completed
[2025-09-25 12:38:13] < 2025/09/25 12:38:12.000994050  length=4 from=1415686 to=1415689
[2025-09-25 12:38:13]  00 00 00 00                                      ....
[2025-09-25 12:38:13] --
[2025-09-25 12:38:13] 2025/09/25 12:38:12 socat[67544] N write(6, 0x5f8a4e76c000, 4) completed
[2025-09-25 12:38:13] < 2025/09/25 12:38:12.000994070  length=4 from=1415690 to=1415693
[2025-09-25 12:38:13]  00 00 00 00                                      ....
[2025-09-25 12:38:13] --
[2025-09-25 12:38:13] 2025/09/25 12:38:12 socat[67544] N write(6, 0x5f8a4e76c000, 4) completed
[2025-09-25 12:38:13] < 2025/09/25 12:38:12.000994092  length=4 from=1415694 to=1415697
[2025-09-25 12:38:13]  00 00 00 00                                      ....
[2025-09-25 12:38:13] --
[2025-09-25 12:38:13] 2025/09/25 12:38:12 socat[67544] N write(6, 0x5f8a4e76c000, 4) completed
[2025-09-25 12:38:13] < 2025/09/25 12:38:13.000064898  length=4 from=1415698 to=1415701
[2025-09-25 12:38:13]  00 00 00 00                                      ....
[2025-09-25 12:38:13] --
[2025-09-25 12:38:13] 2025/09/25 12:38:13 socat[67544] N write(6, 0x5f8a4e76c000, 4) completed
[2025-09-25 12:38:13] < 2025/09/25 12:38:13.000065006  length=4 from=1415702 to=1415705
[2025-09-25 12:38:13]  00 00 00 00                                      ....
[2025-09-25 12:38:13] --
[2025-09-25 12:38:13] 2025/09/25 12:38:13 socat[67544] N write(6, 0x5f8a4e76c000, 4) completed
[2025-09-25 12:38:13] < 2025/09/25 12:38:13.000065039  length=4 from=1415706 to=1415709
[2025-09-25 12:38:13]  00 00 00 00                                      ....
[2025-09-25 12:38:13] --
[2025-09-25 12:38:13] 2025/09/25 12:38:13 socat[67544] N write(6, 0x5f8a4e76c000, 4) completed
[2025-09-25 12:38:13] < 2025/09/25 12:38:13.000065059  length=4 from=1415710 to=1415713
[2025-09-25 12:38:13]  00 00 00 00                                      ....
[2025-09-25 12:38:13] --
[2025-09-25 12:38:13] 2025/09/25 12:38:13 socat[67544] N write(6, 0x5f8a4e76c000, 4) completed
[2025-09-25 12:38:13] < 2025/09/25 12:38:13.000065082  length=4 from=1415714 to=1415717
[2025-09-25 12:38:13]  00 df 21 00                                      ..!.
[2025-09-25 12:38:13] --
[2025-09-25 12:38:13] 2025/09/25 12:38:13 socat[67544] N write(6, 0x5f8a4e76c000, 4) completed
[2025-09-25 12:38:13] < 2025/09/25 12:38:13.000065103  length=4 from=1415718 to=1415721
[2025-09-25 12:38:13]  00 00 00 00                                      ....
[2025-09-25 12:38:13] --
[2025-09-25 12:38:13] 2025/09/25 12:38:13 socat[67544] N write(6, 0x5f8a4e76c000, 4) completed
[2025-09-25 12:38:13] < 2025/09/25 12:38:13.000065347  length=4 from=1415722 to=1415725
[2025-09-25 12:38:13]  00 00 00 00                                      ....
[2025-09-25 12:38:13] --
[2025-09-25 12:38:13] 2025/09/25 12:38:13 socat[67544] N write(6, 0x5f8a4e76c000, 4) completed
[2025-09-25 12:38:13] < 2025/09/25 12:38:13.000065430  length=4 from=1415726 to=1415729
[2025-09-25 12:38:13]  00 00 00 00                                      ....
[2025-09-25 12:38:13] --
[2025-09-25 12:38:13] 2025/09/25 12:38:13 socat[67544] N write(6, 0x5f8a4e76c000, 4) completed
[2025-09-25 12:38:13] < 2025/09/25 12:38:13.000065450  length=4 from=1415730 to=1415733
[2025-09-25 12:38:13]  00 00 00 00                                      ....
[2025-09-25 12:38:13] --
[2025-09-25 12:38:13] 2025/09/25 12:38:13 socat[67544] N write(6, 0x5f8a4e76c000, 4) completed
[2025-09-25 12:38:13] < 2025/09/25 12:38:13.000065476  length=4 from=1415734 to=1415737
[2025-09-25 12:38:13]  00 00 00 00                                      ....
[2025-09-25 12:38:13] --
[2025-09-25 12:38:13] 2025/09/25 12:38:13 socat[67544] N write(6, 0x5f8a4e76c000, 4) completed
[2025-09-25 12:38:13] < 2025/09/25 12:38:13.000065499  length=4 from=1415738 to=1415741
[2025-09-25 12:38:13]  00 00 00 00                                      ....
[2025-09-25 12:38:13] --
[2025-09-25 12:38:13] 2025/09/25 12:38:13 socat[67544] N write(6, 0x5f8a4e76c000, 4) completed
[2025-09-25 12:38:13] < 2025/09/25 12:38:13.000065521  length=4 from=1415742 to=1415745
[2025-09-25 12:38:13]  00 00 00 00                                      ....
[2025-09-25 12:38:13] --
[2025-09-25 12:38:13] 2025/09/25 12:38:13 socat[67544] N write(6, 0x5f8a4e76c000, 4) completed
[2025-09-25 12:38:13] < 2025/09/25 12:38:13.000065542  length=4 from=1415746 to=1415749
[2025-09-25 12:38:13]  00 00 00 df                                      ....
[2025-09-25 12:38:13] --
[2025-09-25 12:38:13] 2025/09/25 12:38:13 socat[67544] N write(6, 0x5f8a4e76c000, 4) completed
[2025-09-25 12:38:13] < 2025/09/25 12:38:13.000065564  length=4 from=1415750 to=1415753
[2025-09-25 12:38:13]  21 00 00 00                                      !...
[2025-09-25 12:38:13] --
[2025-09-25 12:38:13] 2025/09/25 12:38:13 socat[67544] N write(6, 0x5f8a4e76c000, 4) completed
[2025-09-25 12:38:13] < 2025/09/25 12:38:13.000065587  length=4 from=1415754 to=1415757
[2025-09-25 12:38:13]  00 00 00 00                                      ....
[2025-09-25 12:38:13] --
[2025-09-25 12:38:13] 2025/09/25 12:38:13 socat[67544] N write(6, 0x5f8a4e76c000, 4) completed
[2025-09-25 12:38:13] < 2025/09/25 12:38:13.000065609  length=4 from=1415758 to=1415761
[2025-09-25 12:38:13]  00 00 00 00                                      ....
[2025-09-25 12:38:13] --
[2025-09-25 12:38:13] 2025/09/25 12:38:13 socat[67544] N write(6, 0x5f8a4e76c000, 4) completed
[2025-09-25 12:38:13] < 2025/09/25 12:38:13.000065629  length=4 from=1415762 to=1415765
[2025-09-25 12:38:13]  00 00 00 00                                      ....
[2025-09-25 12:38:13] --
[2025-09-25 12:38:13] 2025/09/25 12:38:13 socat[67544] N write(6, 0x5f8a4e76c000, 4) completed
[2025-09-25 12:38:13] < 2025/09/25 12:38:13.000065658  length=4 from=1415766 to=1415769
[2025-09-25 12:38:13]  00 00 00 00                                      ....
[2025-09-25 12:38:13] --
[2025-09-25 12:38:13] 2025/09/25 12:38:13 socat[67544] N write(6, 0x5f8a4e76c000, 4) completed
[2025-09-25 12:38:13] < 2025/09/25 12:38:13.000065678  length=4 from=1415770 to=1415773
[2025-09-25 12:38:13]  00 00 00 00                                      ....
[2025-09-25 12:38:13] --
[2025-09-25 12:38:13] 2025/09/25 12:38:13 socat[67544] N write(6, 0x5f8a4e76c000, 4) completed
[2025-09-25 12:38:13] < 2025/09/25 12:38:13.000065697  length=4 from=1415774 to=1415777
[2025-09-25 12:38:13]  00 00 00 00                                      ....
[2025-09-25 12:38:13] --
[2025-09-25 12:38:13] 2025/09/25 12:38:13 socat[67544] N write(6, 0x5f8a4e76c000, 4) completed
[2025-09-25 12:38:13] < 2025/09/25 12:38:13.000065717  length=4 from=1415778 to=1415781
[2025-09-25 12:38:13]  00 00 00 00                                      ....
[2025-09-25 12:38:13] --
[2025-09-25 12:38:13] 2025/09/25 12:38:13 socat[67544] N write(6, 0x5f8a4e76c000, 4) completed
[2025-09-25 12:38:13] < 2025/09/25 12:38:13.000065745  length=4 from=1415782 to=1415785
[2025-09-25 12:38:13]  00 df 21 00                                      ..!.
[2025-09-25 12:38:13] --
[2025-09-25 12:38:13] 2025/09/25 12:38:13 socat[67544] N write(6, 0x5f8a4e76c000, 4) completed
[2025-09-25 12:38:13] < 2025/09/25 12:38:13.000065765  length=4 from=1415786 to=1415789
[2025-09-25 12:38:13]  00 00 00 00                                      ....
[2025-09-25 12:38:13] --
[2025-09-25 12:38:13] 2025/09/25 12:38:13 socat[67544] N write(6, 0x5f8a4e76c000, 4) completed
[2025-09-25 12:38:13] < 2025/09/25 12:38:13.000065785  length=4 from=1415790 to=1415793
[2025-09-25 12:38:13]  00 00 00 00                                      ....
[2025-09-25 12:38:13] --
[2025-09-25 12:38:13] 2025/09/25 12:38:13 socat[67544] N write(6, 0x5f8a4e76c000, 4) completed
[2025-09-25 12:38:13] < 2025/09/25 12:38:13.000065807  length=4 from=1415794 to=1415797
[2025-09-25 12:38:13]  00 00 00 00                                      ....
[2025-09-25 12:38:13] --
[2025-09-25 12:38:13] 2025/09/25 12:38:13 socat[67544] N write(6, 0x5f8a4e76c000, 4) completed
[2025-09-25 12:38:13] < 2025/09/25 12:38:13.000065828  length=4 from=1415798 to=1415801
[2025-09-25 12:38:13]  00 00 00 00                                      ....
[2025-09-25 12:38:13] --
[2025-09-25 12:38:13] 2025/09/25 12:38:13 socat[67544] N write(6, 0x5f8a4e76c000, 4) completed
[2025-09-25 12:38:13] < 2025/09/25 12:38:13.000065849  length=4 from=1415802 to=1415805
[2025-09-25 12:38:13]  00 00 00 00                                      ....
[2025-09-25 12:38:13] --
[2025-09-25 12:38:13] 2025/09/25 12:38:13 socat[67544] N write(6, 0x5f8a4e76c000, 4) completed
[2025-09-25 12:38:13] < 2025/09/25 12:38:13.000065870  length=4 from=1415806 to=1415809
[2025-09-25 12:38:13]  00 00 00 00                                      ....
[2025-09-25 12:38:13] --
[2025-09-25 12:38:13] 2025/09/25 12:38:13 socat[67544] N write(6, 0x5f8a4e76c000, 4) completed
[2025-09-25 12:38:13] < 2025/09/25 12:38:13.000065891  length=4 from=1415810 to=1415813
[2025-09-25 12:38:13]  00 00 00 00                                      ....
[2025-09-25 12:38:13] --
[2025-09-25 12:38:13] 2025/09/25 12:38:13 socat[67544] N write(6, 0x5f8a4e76c000, 4) completed
[2025-09-25 12:38:13] < 2025/09/25 12:38:13.000065913  length=4 from=1415814 to=1415817
[2025-09-25 12:38:13]  00 00 00 df                                      ....
[2025-09-25 12:38:13] --
[2025-09-25 12:38:13] 2025/09/25 12:38:13 socat[67544] N write(6, 0x5f8a4e76c000, 4) completed
[2025-09-25 12:38:13] < 2025/09/25 12:38:13.000065935  length=4 from=1415818 to=1415821
[2025-09-25 12:38:13]  21 00 00 00                                      !...
[2025-09-25 12:38:13] --
[2025-09-25 12:38:13] 2025/09/25 12:38:13 socat[67544] N write(6, 0x5f8a4e76c000, 4) completed
[2025-09-25 12:38:13] < 2025/09/25 12:38:13.000065968  length=4 from=1415822 to=1415825
[2025-09-25 12:38:13]  00 00 00 00                                      ....
[2025-09-25 12:38:13] --
[2025-09-25 12:38:13] 2025/09/25 12:38:13 socat[67544] N write(6, 0x5f8a4e76c000, 4) completed
[2025-09-25 12:38:13] < 2025/09/25 12:38:13.000065988  length=4 from=1415826 to=1415829
[2025-09-25 12:38:13]  00 00 00 00                                      ....
[2025-09-25 12:38:13] --
[2025-09-25 12:38:13] 2025/09/25 12:38:13 socat[67544] N write(6, 0x5f8a4e76c000, 4) completed
[2025-09-25 12:38:13] < 2025/09/25 12:38:13.000066010  length=4 from=1415830 to=1415833
[2025-09-25 12:38:13]  00 00 00 00                                      ....
[2025-09-25 12:38:13] --
[2025-09-25 12:38:13] 2025/09/25 12:38:13 socat[67544] N write(6, 0x5f8a4e76c000, 4) completed
[2025-09-25 12:38:13] < 2025/09/25 12:38:13.000066030  length=4 from=1415834 to=1415837
[2025-09-25 12:38:13]  00 00 00 00                                      ....
[2025-09-25 12:38:13] --
[2025-09-25 12:38:13] 2025/09/25 12:38:13 socat[67544] N write(6, 0x5f8a4e76c000, 4) completed
[2025-09-25 12:38:13] < 2025/09/25 12:38:13.000066052  length=4 from=1415838 to=1415841
[2025-09-25 12:38:13]  00 00 00 00                                      ....
[2025-09-25 12:38:13] --
[2025-09-25 12:38:13] 2025/09/25 12:38:13 socat[67544] N write(6, 0x5f8a4e76c000, 4) completed
[2025-09-25 12:38:13] < 2025/09/25 12:38:13.000066074  length=4 from=1415842 to=1415845
[2025-09-25 12:38:13]  00 00 00 00                                      ....
[2025-09-25 12:38:13] --
[2025-09-25 12:38:13] 2025/09/25 12:38:13 socat[67544] N write(6, 0x5f8a4e76c000, 4) completed
[2025-09-25 12:38:13] < 2025/09/25 12:38:13.000066102  length=4 from=1415846 to=1415849
[2025-09-25 12:38:13]  00 00 00 00                                      ....
[2025-09-25 12:38:13] --
[2025-09-25 12:38:13] 2025/09/25 12:38:13 socat[67544] N write(6, 0x5f8a4e76c000, 4) completed
[2025-09-25 12:38:13] < 2025/09/25 12:38:13.000066125  length=4 from=1415850 to=1415853
[2025-09-25 12:38:13]  00 df 21 00                                      ..!.
[2025-09-25 12:38:13] --
[2025-09-25 12:38:13] 2025/09/25 12:38:13 socat[67544] N write(6, 0x5f8a4e76c000, 4) completed
[2025-09-25 12:38:13] < 2025/09/25 12:38:13.000066154  length=4 from=1415854 to=1415857
[2025-09-25 12:38:13]  00 00 00 00                                      ....
[2025-09-25 12:38:13] --
[2025-09-25 12:38:13] 2025/09/25 12:38:13 socat[67544] N write(6, 0x5f8a4e76c000, 4) completed
[2025-09-25 12:38:13] < 2025/09/25 12:38:13.000066177  length=4 from=1415858 to=1415861
[2025-09-25 12:38:13]  00 00 00 00                                      ....
[2025-09-25 12:38:13] --
[2025-09-25 12:38:13] 2025/09/25 12:38:13 socat[67544] N write(6, 0x5f8a4e76c000, 4) completed
[2025-09-25 12:38:13] < 2025/09/25 12:38:13.000066199  length=4 from=1415862 to=1415865
[2025-09-25 12:38:13]  00 00 00 00                                      ....
[2025-09-25 12:38:13] --
[2025-09-25 12:38:13] 2025/09/25 12:38:13 socat[67544] N write(6, 0x5f8a4e76c000, 4) completed
[2025-09-25 12:38:13] < 2025/09/25 12:38:13.000066221  length=4 from=1415866 to=1415869
[2025-09-25 12:38:13]  00 00 00 00                                      ....
[2025-09-25 12:38:13] --
[2025-09-25 12:38:13] 2025/09/25 12:38:13 socat[67544] N write(6, 0x5f8a4e76c000, 4) completed
[2025-09-25 12:38:13] < 2025/09/25 12:38:13.000066242  length=4 from=1415870 to=1415873
[2025-09-25 12:38:13]  00 00 00 00                                      ....
[2025-09-25 12:38:13] --
[2025-09-25 12:38:13] 2025/09/25 12:38:13 socat[67544] N write(6, 0x5f8a4e76c000, 4) completed
[2025-09-25 12:38:13] < 2025/09/25 12:38:13.000066264  length=4 from=1415874 to=1415877
[2025-09-25 12:38:13]  00 00 00 00                                      ....
[2025-09-25 12:38:13] --
[2025-09-25 12:38:13] 2025/09/25 12:38:13 socat[67544] N write(6, 0x5f8a4e76c000, 4) completed
[2025-09-25 12:38:13] < 2025/09/25 12:38:13.000066283  length=4 from=1415878 to=1415881
[2025-09-25 12:38:13]  00 00 00 00                                      ....
[2025-09-25 12:38:13] --
[2025-09-25 12:38:13] 2025/09/25 12:38:13 socat[67544] N write(6, 0x5f8a4e76c000, 4) completed
[2025-09-25 12:38:13] < 2025/09/25 12:38:13.000066304  length=4 from=1415882 to=1415885
[2025-09-25 12:38:13]  00 00 00 df                                      ....
[2025-09-25 12:38:13] --
[2025-09-25 12:38:13] 2025/09/25 12:38:13 socat[67544] N write(6, 0x5f8a4e76c000, 4) completed
[2025-09-25 12:38:13] < 2025/09/25 12:38:13.000066326  length=4 from=1415886 to=1415889
[2025-09-25 12:38:13]  21 00 00 00                                      !...
[2025-09-25 12:38:13] --
[2025-09-25 12:38:13] 2025/09/25 12:38:13 socat[67544] N write(6, 0x5f8a4e76c000, 4) completed
[2025-09-25 12:38:13] < 2025/09/25 12:38:13.000066347  length=4 from=1415890 to=1415893
[2025-09-25 12:38:13]  00 00 00 00                                      ....
[2025-09-25 12:38:13] --
[2025-09-25 12:38:13] 2025/09/25 12:38:13 socat[67544] N write(6, 0x5f8a4e76c000, 4) completed
[2025-09-25 12:38:13] < 2025/09/25 12:38:13.000066367  length=4 from=1415894 to=1415897
[2025-09-25 12:38:13]  00 00 00 00                                      ....
[2025-09-25 12:38:13] --
[2025-09-25 12:38:13] 2025/09/25 12:38:13 socat[67544] N write(6, 0x5f8a4e76c000, 4) completed
[2025-09-25 12:38:13] < 2025/09/25 12:38:13.000066388  length=4 from=1415898 to=1415901
[2025-09-25 12:38:13]  00 00 00 00                                      ....
[2025-09-25 12:38:13] --
[2025-09-25 12:38:13] 2025/09/25 12:38:13 socat[67544] N write(6, 0x5f8a4e76c000, 4) completed
[2025-09-25 12:38:13] < 2025/09/25 12:38:13.000066410  length=4 from=1415902 to=1415905
[2025-09-25 12:38:13]  00 00 00 00                                      ....
[2025-09-25 12:38:13] --
[2025-09-25 12:38:13] 2025/09/25 12:38:13 socat[67544] N write(6, 0x5f8a4e76c000, 4) completed
[2025-09-25 12:38:13] < 2025/09/25 12:38:13.000066431  length=4 from=1415906 to=1415909
[2025-09-25 12:38:13]  00 00 00 00                                      ....
[2025-09-25 12:38:13] --
[2025-09-25 12:38:13] 2025/09/25 12:38:13 socat[67544] N write(6, 0x5f8a4e76c000, 4) completed
[2025-09-25 12:38:13] < 2025/09/25 12:38:13.000066453  length=4 from=1415910 to=1415913
[2025-09-25 12:38:13]  00 00 00 00                                      ....
[2025-09-25 12:38:13] --
[2025-09-25 12:38:13] 2025/09/25 12:38:13 socat[67544] N write(6, 0x5f8a4e76c000, 4) completed
[2025-09-25 12:38:13] < 2025/09/25 12:38:13.000066475  length=4 from=1415914 to=1415917
[2025-09-25 12:38:13]  00 00 00 00                                      ....
[2025-09-25 12:38:13] --
[2025-09-25 12:38:13] 2025/09/25 12:38:13 socat[67544] N write(6, 0x5f8a4e76c000, 4) completed
[2025-09-25 12:38:13] < 2025/09/25 12:38:13.000066496  length=4 from=1415918 to=1415921
[2025-09-25 12:38:13]  00 df 21 00                                      ..!.
[2025-09-25 12:38:13] --
[2025-09-25 12:38:13] 2025/09/25 12:38:13 socat[67544] N write(6, 0x5f8a4e76c000, 4) completed
[2025-09-25 12:38:13] < 2025/09/25 12:38:13.000066517  length=4 from=1415922 to=1415925
[2025-09-25 12:38:13]  00 00 00 00                                      ....
[2025-09-25 12:38:13] --
[2025-09-25 12:38:13] 2025/09/25 12:38:13 socat[67544] N write(6, 0x5f8a4e76c000, 4) completed
[2025-09-25 12:38:13] < 2025/09/25 12:38:13.000066538  length=4 from=1415926 to=1415929
[2025-09-25 12:38:13]  00 00 00 00                                      ....
[2025-09-25 12:38:13] --
[2025-09-25 12:38:13] 2025/09/25 12:38:13 socat[67544] N write(6, 0x5f8a4e76c000, 4) completed
[2025-09-25 12:38:13] < 2025/09/25 12:38:13.000066558  length=4 from=1415930 to=1415933
[2025-09-25 12:38:13]  00 00 00 00                                      ....
[2025-09-25 12:38:13] --
[2025-09-25 12:38:13] 2025/09/25 12:38:13 socat[67544] N write(6, 0x5f8a4e76c000, 4) completed
[2025-09-25 12:38:13] < 2025/09/25 12:38:13.000066587  length=4 from=1415934 to=1415937
[2025-09-25 12:38:13]  00 00 00 00                                      ....
[2025-09-25 12:38:13] --
[2025-09-25 12:38:13] 2025/09/25 12:38:13 socat[67544] N write(6, 0x5f8a4e76c000, 4) completed
[2025-09-25 12:38:13] < 2025/09/25 12:38:13.000066609  length=4 from=1415938 to=1415941
[2025-09-25 12:38:13]  00 00 00 00                                      ....
[2025-09-25 12:38:13] --
[2025-09-25 12:38:13] 2025/09/25 12:38:13 socat[67544] N write(6, 0x5f8a4e76c000, 4) completed
[2025-09-25 12:38:13] < 2025/09/25 12:38:13.000066631  length=4 from=1415942 to=1415945
[2025-09-25 12:38:13]  00 00 00 00                                      ....
[2025-09-25 12:38:13] --
[2025-09-25 12:38:13] 2025/09/25 12:38:13 socat[67544] N write(6, 0x5f8a4e76c000, 4) completed
[2025-09-25 12:38:13] < 2025/09/25 12:38:13.000066652  length=4 from=1415946 to=1415949
[2025-09-25 12:38:13]  00 00 00 00                                      ....
[2025-09-25 12:38:13] --
[2025-09-25 12:38:13] 2025/09/25 12:38:13 socat[67544] N write(6, 0x5f8a4e76c000, 4) completed
[2025-09-25 12:38:13] < 2025/09/25 12:38:13.000066675  length=4 from=1415950 to=1415953
[2025-09-25 12:38:13]  00 00 00 df                                      ....
[2025-09-25 12:38:13] --
[2025-09-25 12:38:13] 2025/09/25 12:38:13 socat[67544] N write(6, 0x5f8a4e76c000, 4) completed
